

================================================================
== Vitis HLS Report for 'conv1_pragma_Pipeline_VITIS_LOOP_118_2_VITIS_LOOP_119_3'
================================================================
* Date:           Mon Mar 16 13:32:15 2026

* Version:        2023.1 (Build 3854077 on May  4 2023)
* Project:        Lenet_RTL_test
* Solution:       solution1 (Vivado IP Flow Target)
* Product family: zynq
* Target device:  xc7z010-clg400-1


================================================================
== Performance Estimates
================================================================
+ Timing: 
    * Summary: 
    +--------+----------+----------+------------+
    |  Clock |  Target  | Estimated| Uncertainty|
    +--------+----------+----------+------------+
    |ap_clk  |  10.00 ns|  6.765 ns|     2.70 ns|
    +--------+----------+----------+------------+

+ Latency: 
    * Summary: 
    +---------+---------+-----------+-----------+------+------+---------+
    |  Latency (cycles) |   Latency (absolute)  |   Interval  | Pipeline|
    |   min   |   max   |    min    |    max    |  min |  max |   Type  |
    +---------+---------+-----------+-----------+------+------+---------+
    |     5887|     5887|  58.870 us|  58.870 us|  5887|  5887|       no|
    +---------+---------+-----------+-----------+------+------+---------+

    + Detail: 
        * Instance: 
        N/A

        * Loop: 
        +-------------------------------------+---------+---------+----------+-----------+-----------+------+----------+
        |                                     |  Latency (cycles) | Iteration|  Initiation Interval  | Trip |          |
        |              Loop Name              |   min   |   max   |  Latency |  achieved |   target  | Count| Pipelined|
        +-------------------------------------+---------+---------+----------+-----------+-----------+------+----------+
        |- VITIS_LOOP_118_2_VITIS_LOOP_119_3  |     5885|     5885|        21|         15|          2|   392|       yes|
        +-------------------------------------+---------+---------+----------+-----------+-----------+------+----------+



================================================================
== Utilization Estimates
================================================================
* Summary: 
+-----------------+---------+----+-------+-------+-----+
|       Name      | BRAM_18K| DSP|   FF  |  LUT  | URAM|
+-----------------+---------+----+-------+-------+-----+
|DSP              |        -|  32|      -|      -|    -|
|Expression       |        -|   -|      0|    892|    -|
|FIFO             |        -|   -|      -|      -|    -|
|Instance         |        -|   0|      0|    738|    -|
|Memory           |        -|   -|      -|      -|    -|
|Multiplexer      |        -|   -|      -|    368|    -|
|Register         |        -|   -|   1178|      -|    -|
+-----------------+---------+----+-------+-------+-----+
|Total            |        0|  32|   1178|   1998|    0|
+-----------------+---------+----+-------+-------+-----+
|Available        |      120|  80|  35200|  17600|    0|
+-----------------+---------+----+-------+-------+-----+
|Utilization (%)  |        0|  40|      3|     11|    0|
+-----------------+---------+----+-------+-------+-----+

+ Detail: 
    * Instance: 
    +-----------------------+--------------------+---------+----+---+----+-----+
    |        Instance       |       Module       | BRAM_18K| DSP| FF| LUT| URAM|
    +-----------------------+--------------------+---------+----+---+----+-----+
    |mul_8ns_7ns_15_1_1_U1  |mul_8ns_7ns_15_1_1  |        0|   0|  0|  41|    0|
    |mul_8ns_7ns_15_1_1_U7  |mul_8ns_7ns_15_1_1  |        0|   0|  0|  41|    0|
    |mul_8ns_8s_16_1_1_U2   |mul_8ns_8s_16_1_1   |        0|   0|  0|  41|    0|
    |mul_8ns_8s_16_1_1_U3   |mul_8ns_8s_16_1_1   |        0|   0|  0|  41|    0|
    |mul_8ns_8s_16_1_1_U4   |mul_8ns_8s_16_1_1   |        0|   0|  0|  41|    0|
    |mul_8ns_8s_16_1_1_U5   |mul_8ns_8s_16_1_1   |        0|   0|  0|  41|    0|
    |mul_8ns_8s_16_1_1_U6   |mul_8ns_8s_16_1_1   |        0|   0|  0|  41|    0|
    |mul_8ns_8s_16_1_1_U8   |mul_8ns_8s_16_1_1   |        0|   0|  0|  41|    0|
    |mul_8ns_8s_16_1_1_U9   |mul_8ns_8s_16_1_1   |        0|   0|  0|  41|    0|
    |mul_8ns_8s_16_1_1_U10  |mul_8ns_8s_16_1_1   |        0|   0|  0|  41|    0|
    |mul_8ns_8s_16_1_1_U11  |mul_8ns_8s_16_1_1   |        0|   0|  0|  41|    0|
    |mul_8ns_8s_16_1_1_U12  |mul_8ns_8s_16_1_1   |        0|   0|  0|  41|    0|
    |mul_8ns_8s_16_1_1_U13  |mul_8ns_8s_16_1_1   |        0|   0|  0|  41|    0|
    |mul_8ns_8s_16_1_1_U14  |mul_8ns_8s_16_1_1   |        0|   0|  0|  41|    0|
    |mul_8ns_8s_16_1_1_U15  |mul_8ns_8s_16_1_1   |        0|   0|  0|  41|    0|
    |mul_8ns_8s_16_1_1_U16  |mul_8ns_8s_16_1_1   |        0|   0|  0|  41|    0|
    |mul_8ns_8s_16_1_1_U17  |mul_8ns_8s_16_1_1   |        0|   0|  0|  41|    0|
    |mul_8ns_8s_16_1_1_U18  |mul_8ns_8s_16_1_1   |        0|   0|  0|  41|    0|
    +-----------------------+--------------------+---------+----+---+----+-----+
    |Total                  |                    |        0|   0|  0| 738|    0|
    +-----------------------+--------------------+---------+----+---+----+-----+

    * DSP: 
    +------------------------------------+--------------------------------+--------------+
    |              Instance              |             Module             |  Expression  |
    +------------------------------------+--------------------------------+--------------+
    |mac_muladd_8ns_6ns_15ns_16_4_1_U32  |mac_muladd_8ns_6ns_15ns_16_4_1  |  i0 + i1 * i2|
    |mac_muladd_8ns_6ns_17s_17_4_1_U36   |mac_muladd_8ns_6ns_17s_17_4_1   |  i0 + i1 * i2|
    |mac_muladd_8ns_7ns_15ns_16_4_1_U24  |mac_muladd_8ns_7ns_15ns_16_4_1  |  i0 + i1 * i2|
    |mac_muladd_8ns_7ns_15s_17_4_1_U19   |mac_muladd_8ns_7ns_15s_17_4_1   |  i0 * i1 + i2|
    |mac_muladd_8ns_7ns_15s_17_4_1_U21   |mac_muladd_8ns_7ns_15s_17_4_1   |  i0 * i1 + i2|
    |mac_muladd_8ns_7ns_16ns_16_4_1_U35  |mac_muladd_8ns_7ns_16ns_16_4_1  |  i0 + i1 * i2|
    |mac_muladd_8ns_7ns_16s_17_4_1_U20   |mac_muladd_8ns_7ns_16s_17_4_1   |  i0 + i1 * i2|
    |mac_muladd_8ns_7ns_16s_17_4_1_U29   |mac_muladd_8ns_7ns_16s_17_4_1   |  i0 + i1 * i2|
    |mac_muladd_8ns_7ns_16s_17_4_1_U30   |mac_muladd_8ns_7ns_16s_17_4_1   |  i0 + i1 * i2|
    |mac_muladd_8ns_7ns_16s_17_4_1_U33   |mac_muladd_8ns_7ns_16s_17_4_1   |  i0 + i1 * i2|
    |mac_muladd_8ns_7ns_16s_17_4_1_U34   |mac_muladd_8ns_7ns_16s_17_4_1   |  i0 * i1 + i2|
    |mac_muladd_8ns_7ns_16s_17_4_1_U43   |mac_muladd_8ns_7ns_16s_17_4_1   |  i0 * i1 + i2|
    |mac_muladd_8ns_7ns_16s_17_4_1_U44   |mac_muladd_8ns_7ns_16s_17_4_1   |  i0 * i1 + i2|
    |mac_muladd_8ns_7ns_16s_17_4_1_U47   |mac_muladd_8ns_7ns_16s_17_4_1   |  i0 * i1 + i2|
    |mac_muladd_8ns_7ns_17s_18_4_1_U23   |mac_muladd_8ns_7ns_17s_18_4_1   |  i0 + i1 * i2|
    |mac_muladd_8ns_7ns_17s_18_4_1_U28   |mac_muladd_8ns_7ns_17s_18_4_1   |  i0 + i1 * i2|
    |mac_muladd_8ns_7s_16s_17_4_1_U42    |mac_muladd_8ns_7s_16s_17_4_1    |  i0 + i1 * i2|
    |mac_muladd_8ns_7s_17s_17_4_1_U48    |mac_muladd_8ns_7s_17s_17_4_1    |  i0 + i1 * i2|
    |mac_muladd_8ns_8s_16ns_17_4_1_U27   |mac_muladd_8ns_8s_16ns_17_4_1   |  i0 + i1 * i2|
    |mac_muladd_8ns_8s_16s_16_4_1_U40    |mac_muladd_8ns_8s_16s_16_4_1    |  i0 + i1 * i2|
    |mac_muladd_8ns_8s_16s_16_4_1_U41    |mac_muladd_8ns_8s_16s_16_4_1    |  i0 + i1 * i2|
    |mac_muladd_8ns_8s_16s_17_4_1_U25    |mac_muladd_8ns_8s_16s_17_4_1    |  i0 + i1 * i2|
    |mac_muladd_8ns_8s_16s_17_4_1_U26    |mac_muladd_8ns_8s_16s_17_4_1    |  i0 + i1 * i2|
    |mac_muladd_8ns_8s_16s_17_4_1_U37    |mac_muladd_8ns_8s_16s_17_4_1    |  i0 + i1 * i2|
    |mac_muladd_8ns_8s_16s_17_4_1_U38    |mac_muladd_8ns_8s_16s_17_4_1    |  i0 + i1 * i2|
    |mac_muladd_8ns_8s_16s_17_4_1_U45    |mac_muladd_8ns_8s_16s_17_4_1    |  i0 + i1 * i2|
    |mac_muladd_8ns_8s_16s_17_4_1_U46    |mac_muladd_8ns_8s_16s_17_4_1    |  i0 + i1 * i2|
    |mac_muladd_8ns_8s_16s_17_4_1_U49    |mac_muladd_8ns_8s_16s_17_4_1    |  i0 + i1 * i2|
    |mac_muladd_8ns_8s_17s_18_4_1_U22    |mac_muladd_8ns_8s_17s_18_4_1    |  i0 + i1 * i2|
    |mac_muladd_8ns_8s_17s_18_4_1_U31    |mac_muladd_8ns_8s_17s_18_4_1    |  i0 + i1 * i2|
    |mac_muladd_8ns_8s_17s_18_4_1_U39    |mac_muladd_8ns_8s_17s_18_4_1    |  i0 + i1 * i2|
    |mac_muladd_8ns_8s_17s_18_4_1_U50    |mac_muladd_8ns_8s_17s_18_4_1    |  i0 + i1 * i2|
    +------------------------------------+--------------------------------+--------------+

    * Memory: 
    N/A

    * FIFO: 
    N/A

    * Expression: 
    +-----------------------------------+----------+----+---+----+------------+------------+
    |           Variable Name           | Operation| DSP| FF| LUT| Bitwidth P0| Bitwidth P1|
    +-----------------------------------+----------+----+---+----+------------+------------+
    |add_ln118_1_fu_921_p2              |         +|   0|  0|  13|           5|           5|
    |add_ln118_2_fu_933_p2              |         +|   0|  0|  13|           5|           5|
    |add_ln118_3_fu_792_p2              |         +|   0|  0|  14|           9|           1|
    |add_ln118_fu_909_p2                |         +|   0|  0|  13|           5|           5|
    |add_ln126_1_fu_983_p2              |         +|   0|  0|  13|           5|           2|
    |add_ln126_2_fu_1033_p2             |         +|   0|  0|  13|           5|           3|
    |add_ln126_3_fu_1140_p2             |         +|   0|  0|  14|           6|           3|
    |add_ln126_4_fu_1513_p2             |         +|   0|  0|  13|          10|          10|
    |add_ln126_5_fu_1150_p2             |         +|   0|  0|  13|          10|          10|
    |add_ln126_6_fu_1523_p2             |         +|   0|  0|  13|          10|          10|
    |add_ln126_7_fu_1601_p2             |         +|   0|  0|  13|          10|          10|
    |add_ln126_8_fu_1611_p2             |         +|   0|  0|  13|          10|          10|
    |add_ln126_fu_966_p2                |         +|   0|  0|  13|           5|           2|
    |add_ln131_1_fu_1938_p2             |         +|   0|  0|  12|          11|          11|
    |add_ln131_2_fu_1952_p2             |         +|   0|  0|  12|          11|          11|
    |add_ln131_fu_1781_p2               |         +|   0|  0|  15|           8|           8|
    |add_ln85_10_fu_1741_p2             |         +|   0|  0|  26|          19|          19|
    |add_ln85_11_fu_1822_p2             |         +|   0|  0|  27|          20|          20|
    |add_ln85_16_fu_1370_p2             |         +|   0|  0|  26|          19|          19|
    |add_ln85_21_fu_1585_p2             |         +|   0|  0|  25|          18|          18|
    |add_ln85_22_fu_1595_p2             |         +|   0|  0|  26|          19|          19|
    |add_ln85_23_fu_1643_p2             |         +|   0|  0|  27|          20|          20|
    |add_ln85_24_fu_1835_p2             |         +|   0|  0|  28|          21|          21|
    |add_ln85_29_fu_1891_p2             |         +|   0|  0|  26|          19|          19|
    |add_ln85_34_fu_1716_p2             |         +|   0|  0|  25|          18|          18|
    |add_ln85_35_fu_1907_p2             |         +|   0|  0|  26|          19|          19|
    |add_ln85_36_fu_1917_p2             |         +|   0|  0|  27|          20|          20|
    |add_ln85_41_fu_1272_p2             |         +|   0|  0|  26|          19|          19|
    |add_ln85_46_fu_1762_p2             |         +|   0|  0|  25|          18|          18|
    |add_ln85_47_fu_1772_p2             |         +|   0|  0|  26|          19|          19|
    |add_ln85_48_fu_1929_p2             |         +|   0|  0|  27|          20|          20|
    |add_ln85_49_fu_2005_p2             |         +|   0|  0|  28|          21|          21|
    |add_ln85_4_fu_1679_p2              |         +|   0|  0|  25|          18|          18|
    |add_ln85_9_fu_1731_p2              |         +|   0|  0|  25|          18|          18|
    |indvars_iv_next1324_fu_818_p2      |         +|   0|  0|  13|           5|           1|
    |indvars_iv_next132_mid1_fu_846_p2  |         +|   0|  0|  13|           5|           2|
    |sub_ln131_1_fu_1810_p2             |         -|   0|  0|  12|          11|          11|
    |sub_ln85_1_fu_2031_p2              |         -|   0|  0|  33|          26|          26|
    |sub_ln85_fu_1861_p2                |         -|   0|  0|  33|          26|          26|
    |icmp_ln118_fu_786_p2               |      icmp|   0|  0|  14|           9|           8|
    |icmp_ln119_fu_804_p2               |      icmp|   0|  0|  13|           5|           4|
    |icmp_ln88_1_fu_2055_p2             |      icmp|   0|  0|  11|           3|           1|
    |icmp_ln88_fu_1957_p2               |      icmp|   0|  0|  11|           3|           1|
    |or_ln126_fu_860_p2                 |        or|   0|  0|   5|           5|           1|
    |or_ln87_1_fu_2088_p2               |        or|   0|  0|   2|           1|           1|
    |or_ln87_fu_1984_p2                 |        or|   0|  0|   2|           1|           1|
    |select_ln118_1_fu_824_p3           |    select|   0|  0|   5|           1|           5|
    |select_ln118_2_fu_852_p3           |    select|   0|  0|   5|           1|           5|
    |select_ln118_3_fu_902_p3           |    select|   0|  0|   2|           1|           2|
    |select_ln118_4_fu_914_p3           |    select|   0|  0|   3|           1|           2|
    |select_ln118_5_fu_926_p3           |    select|   0|  0|   3|           1|           3|
    |select_ln118_fu_810_p3             |    select|   0|  0|   5|           1|           5|
    |select_ln87_1_fu_2092_p3           |    select|   0|  0|   8|           1|           8|
    |select_ln87_2_fu_1976_p3           |    select|   0|  0|   2|           1|           2|
    |select_ln87_3_fu_2080_p3           |    select|   0|  0|   2|           1|           2|
    |select_ln87_fu_1989_p3             |    select|   0|  0|   8|           1|           8|
    |ap_enable_pp0                      |       xor|   0|  0|   2|           1|           2|
    |xor_ln87_1_fu_2075_p2              |       xor|   0|  0|   2|           1|           2|
    |xor_ln87_fu_1971_p2                |       xor|   0|  0|   2|           1|           2|
    +-----------------------------------+----------+----+---+----+------------+------------+
    |Total                              |          |   0|  0| 892|         583|         582|
    +-----------------------------------+----------+----+---+----+------------+------------+

    * Multiplexer: 
    +--------------------------------------+----+-----------+-----+-----------+
    |                 Name                 | LUT| Input Size| Bits| Total Bits|
    +--------------------------------------+----+-----------+-----+-----------+
    |ap_NS_fsm                             |  65|         16|    1|         16|
    |ap_done_int                           |   9|          2|    1|          2|
    |ap_enable_reg_pp0_iter0               |   9|          2|    1|          2|
    |ap_enable_reg_pp0_iter0_reg           |   9|          2|    1|          2|
    |ap_enable_reg_pp0_iter1               |   9|          2|    1|          2|
    |ap_sig_allocacmp_indvar_flatten_load  |   9|          2|    9|         18|
    |ap_sig_allocacmp_oh_load              |   9|          2|    5|         10|
    |ap_sig_allocacmp_ow_load              |   9|          2|    5|         10|
    |indvar_flatten_fu_172                 |   9|          2|    9|         18|
    |oh_fu_168                             |   9|          2|    5|         10|
    |ow_fu_164                             |   9|          2|    5|         10|
    |reg_637                               |   9|          2|    8|         16|
    |reg_642                               |   9|          2|    8|         16|
    |reg_647                               |   9|          2|    8|         16|
    |x_address0                            |  65|         16|   10|        160|
    |x_address1                            |  65|         16|   10|        160|
    |y_0_address1                          |  14|          3|   11|         33|
    |y_0_d1                                |  14|          3|    8|         24|
    |y_1_address1                          |  14|          3|   11|         33|
    |y_1_d1                                |  14|          3|    8|         24|
    +--------------------------------------+----+-----------+-----+-----------+
    |Total                                 | 368|         86|  125|        582|
    +--------------------------------------+----+-----------+-----+-----------+

    * Register: 
    +--------------------------------------------+----+----+-----+-----------+
    |                    Name                    | FF | LUT| Bits| Const Bits|
    +--------------------------------------------+----+----+-----+-----------+
    |LENET_C1_W_0_0_0_load_cast_cast_reg_2455    |   7|   0|   15|          8|
    |LENET_C1_W_0_0_1_load_cast_cast_reg_2419    |   7|   0|   15|          8|
    |LENET_C1_W_0_0_2_load_cast_cast_reg_2371    |  16|   0|   16|          0|
    |LENET_C1_W_0_0_3_load_cast_cast_reg_2401    |   7|   0|   15|          8|
    |LENET_C1_W_0_0_4_load_cast_cast_reg_2413    |  16|   0|   16|          0|
    |LENET_C1_W_0_1_0_load_cast_cast_reg_2431    |   7|   0|   15|          8|
    |LENET_C1_W_0_1_1_load_cast_cast_reg_2461    |   6|   0|   14|          8|
    |LENET_C1_W_0_1_2_load_cast_cast_reg_2485    |   7|   0|   15|          8|
    |LENET_C1_W_0_1_3_load_cast_cast_reg_2479    |  16|   0|   16|          0|
    |LENET_C1_W_0_1_4_load_cast_cast_reg_2449    |  16|   0|   16|          0|
    |LENET_C1_W_0_2_0_load_cast_cast_reg_2395    |   7|   0|   15|          8|
    |LENET_C1_W_0_2_1_load_cast_cast_reg_2437    |   7|   0|   15|          8|
    |LENET_C1_W_0_2_2_load_cast_cast_reg_2473    |  16|   0|   16|          0|
    |LENET_C1_W_0_2_3_load_cast_cast_reg_2497    |  16|   0|   16|          0|
    |LENET_C1_W_0_2_4_load_cast_cast_reg_2377    |  16|   0|   16|          0|
    |LENET_C1_W_0_3_0_load_cast_cast_reg_2389    |   7|   0|   15|          8|
    |LENET_C1_W_0_3_1_load_cast_cast_reg_2383    |  16|   0|   16|          0|
    |LENET_C1_W_0_3_2_load_cast_cast_reg_2365    |  16|   0|   16|          0|
    |LENET_C1_W_0_3_3_load_cast_cast_reg_2467    |  16|   0|   16|          0|
    |LENET_C1_W_0_3_4_load_cast_cast_reg_2407    |  16|   0|   16|          0|
    |LENET_C1_W_0_4_0_load_cast_cast_reg_2503    |  16|   0|   16|          0|
    |LENET_C1_W_0_4_1_load_cast_cast_reg_2425    |  16|   0|   16|          0|
    |LENET_C1_W_0_4_2_load_cast_cast_reg_2491    |  15|   0|   15|          0|
    |LENET_C1_W_0_4_3_load_cast_cast_reg_2443    |  16|   0|   16|          0|
    |add_ln118_1_reg_2600                        |   5|   0|    5|          0|
    |add_ln118_2_reg_2610                        |   5|   0|    5|          0|
    |add_ln118_reg_2591                          |   5|   0|    5|          0|
    |add_ln126_1_reg_2648                        |   5|   0|    5|          0|
    |add_ln126_2_reg_2681                        |   5|   0|    5|          0|
    |add_ln126_reg_2635                          |   5|   0|    5|          0|
    |add_ln131_2_reg_3268                        |  10|   0|   11|          1|
    |add_ln85_10_reg_3216                        |  19|   0|   19|          0|
    |add_ln85_12_reg_2724                        |  17|   0|   17|          0|
    |add_ln85_15_reg_2828                        |  18|   0|   18|          0|
    |add_ln85_16_reg_2949                        |  19|   0|   19|          0|
    |add_ln85_18_reg_3071                        |  16|   0|   16|          0|
    |add_ln85_19_reg_2990                        |  17|   0|   17|          0|
    |add_ln85_22_reg_3111                        |  19|   0|   19|          0|
    |add_ln85_23_reg_3156                        |  20|   0|   20|          0|
    |add_ln85_27_reg_3181                        |  16|   0|   16|          0|
    |add_ln85_2_reg_2868                         |  17|   0|   17|          0|
    |add_ln85_30_reg_3136                        |  17|   0|   17|          0|
    |add_ln85_33_reg_2873                        |  17|   0|   17|          0|
    |add_ln85_34_reg_3206                        |  18|   0|   18|          0|
    |add_ln85_36_reg_3258                        |  20|   0|   20|          0|
    |add_ln85_38_reg_2838                        |  18|   0|   18|          0|
    |add_ln85_3_reg_3031                         |  18|   0|   18|          0|
    |add_ln85_41_reg_2878                        |  19|   0|   19|          0|
    |add_ln85_43_reg_3091                        |  17|   0|   17|          0|
    |add_ln85_44_reg_3211                        |  17|   0|   17|          0|
    |add_ln85_47_reg_3231                        |  19|   0|   19|          0|
    |add_ln85_48_reg_3263                        |  20|   0|   20|          0|
    |add_ln85_4_reg_3191                         |  18|   0|   18|          0|
    |add_ln85_5_reg_3066                         |  17|   0|   17|          0|
    |add_ln85_6_reg_3151                         |  18|   0|   18|          0|
    |add_ln85_8_reg_2985                         |  17|   0|   17|          0|
    |ap_CS_fsm                                   |  15|   0|   15|          0|
    |ap_done_reg                                 |   1|   0|    1|          0|
    |ap_enable_reg_pp0_iter0_reg                 |   1|   0|    1|          0|
    |ap_enable_reg_pp0_iter1                     |   1|   0|    1|          0|
    |icmp_ln118_reg_2514                         |   1|   0|    1|          0|
    |icmp_ln119_reg_2525                         |   1|   0|    1|          0|
    |icmp_ln88_1_reg_3284                        |   1|   0|    1|          0|
    |indvar_flatten_fu_172                       |   9|   0|    9|          0|
    |merge_i_cast_cast_reg_2353                  |  17|   0|   17|          0|
    |mul_ln85_23_reg_2783                        |  16|   0|   16|          0|
    |mul_ln85_25_reg_2699                        |  16|   0|   16|          0|
    |mul_ln85_37_reg_2661                        |  15|   0|   15|          0|
    |mul_ln85_4_reg_2745                         |  16|   0|   16|          0|
    |mul_ln85_5_reg_3026                         |  16|   0|   16|          0|
    |oh_fu_168                                   |   5|   0|    5|          0|
    |oh_load_reg_2518                            |   5|   0|    5|          0|
    |or_ln126_reg_2573                           |   4|   0|    5|          1|
    |or_ln126_reg_2573_pp0_iter1_reg             |   4|   0|    5|          1|
    |ow_fu_164                                   |   5|   0|    5|          0|
    |reg_637                                     |   8|   0|    8|          0|
    |reg_642                                     |   8|   0|    8|          0|
    |reg_647                                     |   8|   0|    8|          0|
    |reg_652                                     |   8|   0|    8|          0|
    |reg_656                                     |   8|   0|    8|          0|
    |select_ln118_1_reg_2546                     |   5|   0|    5|          0|
    |select_ln118_2_reg_2564                     |   5|   0|    5|          0|
    |select_ln118_reg_2532                       |   5|   0|    5|          0|
    |select_ln118_reg_2532_pp0_iter1_reg         |   5|   0|    5|          0|
    |sext_ln118_cast_reg_2359                    |  16|   0|   16|          0|
    |sub_ln131_1_reg_3236                        |   9|   0|   11|          2|
    |sub_ln131_cast_reg_2509                     |   8|   0|    8|          0|
    |sub_ln85_1_reg_3273                         |  23|   0|   26|          3|
    |sub_ln85_reg_3242                           |  23|   0|   26|          3|
    |tmp_30_reg_3247                             |   1|   0|    1|          0|
    |tmp_31_reg_3253                             |   3|   0|    3|          0|
    |tmp_32_reg_3278                             |   1|   0|    1|          0|
    |trunc_ln118_reg_2555                        |   1|   0|    1|          0|
    |trunc_ln118_reg_2555_pp0_iter1_reg          |   1|   0|    1|          0|
    |x_load_5_reg_2818                           |   8|   0|    8|          0|
    |zext_ln118_1_mid2_v_reg_2559                |   4|   0|    4|          0|
    |zext_ln118_1_mid2_v_reg_2559_pp0_iter1_reg  |   4|   0|    4|          0|
    |zext_ln126_19_reg_2964                      |   8|   0|   16|          8|
    |zext_ln126_21_reg_2933                      |   8|   0|   15|          7|
    |zext_ln126_24_reg_3010                      |   8|   0|   16|          8|
    |zext_ln126_25_reg_3046                      |   8|   0|   16|          8|
    |zext_ln126_29_reg_2778                      |   8|   0|   16|          8|
    |zext_ln126_2_reg_2629                       |   8|   0|   15|          7|
    |zext_ln126_30_reg_3015                      |   8|   0|   16|          8|
    |zext_ln126_33_reg_2694                      |   8|   0|   16|          8|
    |zext_ln126_65_reg_2755                      |   6|   0|   10|          4|
    |zext_ln85_reg_2969                          |   8|   0|   16|          8|
    +--------------------------------------------+----+----+-----+-----------+
    |Total                                       |1178|   0| 1335|        157|
    +--------------------------------------------+----+----+-----+-----------+



================================================================
== Interface
================================================================
* Summary: 
+----------------------------+-----+-----+------------+---------------------------------------------------------+--------------+
|          RTL Ports         | Dir | Bits|  Protocol  |                      Source Object                      |    C Type    |
+----------------------------+-----+-----+------------+---------------------------------------------------------+--------------+
|ap_clk                      |   in|    1|  ap_ctrl_hs|  conv1_pragma_Pipeline_VITIS_LOOP_118_2_VITIS_LOOP_119_3|  return value|
|ap_rst                      |   in|    1|  ap_ctrl_hs|  conv1_pragma_Pipeline_VITIS_LOOP_118_2_VITIS_LOOP_119_3|  return value|
|ap_start                    |   in|    1|  ap_ctrl_hs|  conv1_pragma_Pipeline_VITIS_LOOP_118_2_VITIS_LOOP_119_3|  return value|
|ap_done                     |  out|    1|  ap_ctrl_hs|  conv1_pragma_Pipeline_VITIS_LOOP_118_2_VITIS_LOOP_119_3|  return value|
|ap_idle                     |  out|    1|  ap_ctrl_hs|  conv1_pragma_Pipeline_VITIS_LOOP_118_2_VITIS_LOOP_119_3|  return value|
|ap_ready                    |  out|    1|  ap_ctrl_hs|  conv1_pragma_Pipeline_VITIS_LOOP_118_2_VITIS_LOOP_119_3|  return value|
|sub_ln131                   |   in|    7|     ap_none|                                                sub_ln131|        scalar|
|x_address0                  |  out|   10|   ap_memory|                                                        x|         array|
|x_ce0                       |  out|    1|   ap_memory|                                                        x|         array|
|x_q0                        |   in|    8|   ap_memory|                                                        x|         array|
|x_address1                  |  out|   10|   ap_memory|                                                        x|         array|
|x_ce1                       |  out|    1|   ap_memory|                                                        x|         array|
|x_q1                        |   in|    8|   ap_memory|                                                        x|         array|
|y_0_address1                |  out|   11|   ap_memory|                                                      y_0|         array|
|y_0_ce1                     |  out|    1|   ap_memory|                                                      y_0|         array|
|y_0_we1                     |  out|    1|   ap_memory|                                                      y_0|         array|
|y_0_d1                      |  out|    8|   ap_memory|                                                      y_0|         array|
|y_1_address1                |  out|   11|   ap_memory|                                                      y_1|         array|
|y_1_ce1                     |  out|    1|   ap_memory|                                                      y_1|         array|
|y_1_we1                     |  out|    1|   ap_memory|                                                      y_1|         array|
|y_1_d1                      |  out|    8|   ap_memory|                                                      y_1|         array|
|LENET_C1_W_0_4_0_load_cast  |   in|    8|     ap_none|                               LENET_C1_W_0_4_0_load_cast|        scalar|
|LENET_C1_W_0_2_3_load_cast  |   in|    8|     ap_none|                               LENET_C1_W_0_2_3_load_cast|        scalar|
|LENET_C1_W_0_4_2_load_cast  |   in|    7|     ap_none|                               LENET_C1_W_0_4_2_load_cast|        scalar|
|LENET_C1_W_0_1_2_load_cast  |   in|    7|     ap_none|                               LENET_C1_W_0_1_2_load_cast|        scalar|
|LENET_C1_W_0_1_3_load_cast  |   in|    8|     ap_none|                               LENET_C1_W_0_1_3_load_cast|        scalar|
|LENET_C1_W_0_2_2_load_cast  |   in|    8|     ap_none|                               LENET_C1_W_0_2_2_load_cast|        scalar|
|LENET_C1_W_0_3_3_load_cast  |   in|    8|     ap_none|                               LENET_C1_W_0_3_3_load_cast|        scalar|
|LENET_C1_W_0_1_1_load_cast  |   in|    6|     ap_none|                               LENET_C1_W_0_1_1_load_cast|        scalar|
|LENET_C1_W_0_0_0_load_cast  |   in|    7|     ap_none|                               LENET_C1_W_0_0_0_load_cast|        scalar|
|LENET_C1_W_0_1_4_load_cast  |   in|    8|     ap_none|                               LENET_C1_W_0_1_4_load_cast|        scalar|
|LENET_C1_W_0_4_3_load_cast  |   in|    8|     ap_none|                               LENET_C1_W_0_4_3_load_cast|        scalar|
|LENET_C1_W_0_2_1_load_cast  |   in|    7|     ap_none|                               LENET_C1_W_0_2_1_load_cast|        scalar|
|LENET_C1_W_0_1_0_load_cast  |   in|    7|     ap_none|                               LENET_C1_W_0_1_0_load_cast|        scalar|
|LENET_C1_W_0_4_1_load_cast  |   in|    8|     ap_none|                               LENET_C1_W_0_4_1_load_cast|        scalar|
|LENET_C1_W_0_0_1_load_cast  |   in|    7|     ap_none|                               LENET_C1_W_0_0_1_load_cast|        scalar|
|LENET_C1_W_0_0_4_load_cast  |   in|    8|     ap_none|                               LENET_C1_W_0_0_4_load_cast|        scalar|
|LENET_C1_W_0_3_4_load_cast  |   in|    8|     ap_none|                               LENET_C1_W_0_3_4_load_cast|        scalar|
|LENET_C1_W_0_0_3_load_cast  |   in|    7|     ap_none|                               LENET_C1_W_0_0_3_load_cast|        scalar|
|LENET_C1_W_0_2_0_load_cast  |   in|    7|     ap_none|                               LENET_C1_W_0_2_0_load_cast|        scalar|
|LENET_C1_W_0_3_0_load_cast  |   in|    7|     ap_none|                               LENET_C1_W_0_3_0_load_cast|        scalar|
|LENET_C1_W_0_3_1_load_cast  |   in|    8|     ap_none|                               LENET_C1_W_0_3_1_load_cast|        scalar|
|LENET_C1_W_0_2_4_load_cast  |   in|    8|     ap_none|                               LENET_C1_W_0_2_4_load_cast|        scalar|
|LENET_C1_W_0_0_2_load_cast  |   in|    8|     ap_none|                               LENET_C1_W_0_0_2_load_cast|        scalar|
|LENET_C1_W_0_3_2_load_cast  |   in|    8|     ap_none|                               LENET_C1_W_0_3_2_load_cast|        scalar|
|sext_ln118                  |   in|    8|     ap_none|                                               sext_ln118|        scalar|
|merge_i_cast                |   in|   15|     ap_none|                                             merge_i_cast|        scalar|
+----------------------------+-----+-----+------------+---------------------------------------------------------+--------------+

============================================================
+ Verbose Summary: Synthesis Manager
============================================================
InlineROM: 1
ExposeGlobal: 0
============================================================
+ Verbose Summary: CDFG Model
============================================================
IsTopModel: 0
ResetActiveHigh: 1
IsCombinational: 2
IsDatapathOnly: 2
HasWiredReturn: 1
HasMFsm: 2
HasVarLatency: 1
IsPipeline: 0
IsRtlPipelined: 0
IsInstanceOverlapped: 0
IsDontTouch: 0
HasImplIP: 0
IsGatedGlobalClock: 0

+ Individual pipeline summary: 
  * Pipeline-0: initiation interval (II) = 15, depth = 21


============================================================
+ Verbose Summary: Schedule
============================================================
* Number of FSM states : 21
* Pipeline : 1
  Pipeline-0 : II = 15, D = 21, States = { 1 2 3 4 5 6 7 8 9 10 11 12 13 14 15 16 17 18 19 20 21 }
* Dataflow Pipeline: 0

* FSM state transitions: 
1 --> 2 
2 --> 3 
3 --> 4 
4 --> 5 
5 --> 6 
6 --> 7 
7 --> 8 
8 --> 9 
9 --> 10 
10 --> 11 
11 --> 12 
12 --> 13 
13 --> 14 
14 --> 15 
15 --> 16 
16 --> 17 
17 --> 18 
18 --> 19 
19 --> 20 
20 --> 21 
21 --> 

* FSM state operations: 

State 1 <SV = 0> <Delay = 6.24>
ST_1 : Operation 24 [1/1] (0.00ns)   --->   "%ow = alloca i32 1"   --->   Operation 24 'alloca' 'ow' <Predicate = true> <Delay = 0.00>
ST_1 : Operation 25 [1/1] (0.00ns)   --->   "%oh = alloca i32 1"   --->   Operation 25 'alloca' 'oh' <Predicate = true> <Delay = 0.00>
ST_1 : Operation 26 [1/1] (0.00ns)   --->   "%indvar_flatten = alloca i32 1"   --->   Operation 26 'alloca' 'indvar_flatten' <Predicate = true> <Delay = 0.00>
ST_1 : Operation 27 [1/1] (0.00ns)   --->   "%merge_i_cast_read = read i15 @_ssdm_op_Read.ap_auto.i15, i15 %merge_i_cast"   --->   Operation 27 'read' 'merge_i_cast_read' <Predicate = true> <Delay = 0.00>
ST_1 : Operation 28 [1/1] (0.00ns)   --->   "%sext_ln118_read = read i8 @_ssdm_op_Read.ap_auto.i8, i8 %sext_ln118"   --->   Operation 28 'read' 'sext_ln118_read' <Predicate = true> <Delay = 0.00>
ST_1 : Operation 29 [1/1] (0.00ns)   --->   "%LENET_C1_W_0_3_2_load_cast_read = read i8 @_ssdm_op_Read.ap_auto.i8, i8 %LENET_C1_W_0_3_2_load_cast"   --->   Operation 29 'read' 'LENET_C1_W_0_3_2_load_cast_read' <Predicate = true> <Delay = 0.00>
ST_1 : Operation 30 [1/1] (0.00ns)   --->   "%LENET_C1_W_0_0_2_load_cast_read = read i8 @_ssdm_op_Read.ap_auto.i8, i8 %LENET_C1_W_0_0_2_load_cast"   --->   Operation 30 'read' 'LENET_C1_W_0_0_2_load_cast_read' <Predicate = true> <Delay = 0.00>
ST_1 : Operation 31 [1/1] (0.00ns)   --->   "%LENET_C1_W_0_2_4_load_cast_read = read i8 @_ssdm_op_Read.ap_auto.i8, i8 %LENET_C1_W_0_2_4_load_cast"   --->   Operation 31 'read' 'LENET_C1_W_0_2_4_load_cast_read' <Predicate = true> <Delay = 0.00>
ST_1 : Operation 32 [1/1] (0.00ns)   --->   "%LENET_C1_W_0_3_1_load_cast_read = read i8 @_ssdm_op_Read.ap_auto.i8, i8 %LENET_C1_W_0_3_1_load_cast"   --->   Operation 32 'read' 'LENET_C1_W_0_3_1_load_cast_read' <Predicate = true> <Delay = 0.00>
ST_1 : Operation 33 [1/1] (0.00ns)   --->   "%LENET_C1_W_0_3_0_load_cast_read = read i7 @_ssdm_op_Read.ap_auto.i7, i7 %LENET_C1_W_0_3_0_load_cast"   --->   Operation 33 'read' 'LENET_C1_W_0_3_0_load_cast_read' <Predicate = true> <Delay = 0.00>
ST_1 : Operation 34 [1/1] (0.00ns)   --->   "%LENET_C1_W_0_2_0_load_cast_read = read i7 @_ssdm_op_Read.ap_auto.i7, i7 %LENET_C1_W_0_2_0_load_cast"   --->   Operation 34 'read' 'LENET_C1_W_0_2_0_load_cast_read' <Predicate = true> <Delay = 0.00>
ST_1 : Operation 35 [1/1] (0.00ns)   --->   "%LENET_C1_W_0_0_3_load_cast_read = read i7 @_ssdm_op_Read.ap_auto.i7, i7 %LENET_C1_W_0_0_3_load_cast"   --->   Operation 35 'read' 'LENET_C1_W_0_0_3_load_cast_read' <Predicate = true> <Delay = 0.00>
ST_1 : Operation 36 [1/1] (0.00ns)   --->   "%LENET_C1_W_0_3_4_load_cast_read = read i8 @_ssdm_op_Read.ap_auto.i8, i8 %LENET_C1_W_0_3_4_load_cast"   --->   Operation 36 'read' 'LENET_C1_W_0_3_4_load_cast_read' <Predicate = true> <Delay = 0.00>
ST_1 : Operation 37 [1/1] (0.00ns)   --->   "%LENET_C1_W_0_0_4_load_cast_read = read i8 @_ssdm_op_Read.ap_auto.i8, i8 %LENET_C1_W_0_0_4_load_cast"   --->   Operation 37 'read' 'LENET_C1_W_0_0_4_load_cast_read' <Predicate = true> <Delay = 0.00>
ST_1 : Operation 38 [1/1] (0.00ns)   --->   "%LENET_C1_W_0_0_1_load_cast_read = read i7 @_ssdm_op_Read.ap_auto.i7, i7 %LENET_C1_W_0_0_1_load_cast"   --->   Operation 38 'read' 'LENET_C1_W_0_0_1_load_cast_read' <Predicate = true> <Delay = 0.00>
ST_1 : Operation 39 [1/1] (0.00ns)   --->   "%LENET_C1_W_0_4_1_load_cast_read = read i8 @_ssdm_op_Read.ap_auto.i8, i8 %LENET_C1_W_0_4_1_load_cast"   --->   Operation 39 'read' 'LENET_C1_W_0_4_1_load_cast_read' <Predicate = true> <Delay = 0.00>
ST_1 : Operation 40 [1/1] (0.00ns)   --->   "%LENET_C1_W_0_1_0_load_cast_read = read i7 @_ssdm_op_Read.ap_auto.i7, i7 %LENET_C1_W_0_1_0_load_cast"   --->   Operation 40 'read' 'LENET_C1_W_0_1_0_load_cast_read' <Predicate = true> <Delay = 0.00>
ST_1 : Operation 41 [1/1] (0.00ns)   --->   "%LENET_C1_W_0_2_1_load_cast_read = read i7 @_ssdm_op_Read.ap_auto.i7, i7 %LENET_C1_W_0_2_1_load_cast"   --->   Operation 41 'read' 'LENET_C1_W_0_2_1_load_cast_read' <Predicate = true> <Delay = 0.00>
ST_1 : Operation 42 [1/1] (0.00ns)   --->   "%LENET_C1_W_0_4_3_load_cast_read = read i8 @_ssdm_op_Read.ap_auto.i8, i8 %LENET_C1_W_0_4_3_load_cast"   --->   Operation 42 'read' 'LENET_C1_W_0_4_3_load_cast_read' <Predicate = true> <Delay = 0.00>
ST_1 : Operation 43 [1/1] (0.00ns)   --->   "%LENET_C1_W_0_1_4_load_cast_read = read i8 @_ssdm_op_Read.ap_auto.i8, i8 %LENET_C1_W_0_1_4_load_cast"   --->   Operation 43 'read' 'LENET_C1_W_0_1_4_load_cast_read' <Predicate = true> <Delay = 0.00>
ST_1 : Operation 44 [1/1] (0.00ns)   --->   "%LENET_C1_W_0_0_0_load_cast_read = read i7 @_ssdm_op_Read.ap_auto.i7, i7 %LENET_C1_W_0_0_0_load_cast"   --->   Operation 44 'read' 'LENET_C1_W_0_0_0_load_cast_read' <Predicate = true> <Delay = 0.00>
ST_1 : Operation 45 [1/1] (0.00ns)   --->   "%LENET_C1_W_0_1_1_load_cast_read = read i6 @_ssdm_op_Read.ap_auto.i6, i6 %LENET_C1_W_0_1_1_load_cast"   --->   Operation 45 'read' 'LENET_C1_W_0_1_1_load_cast_read' <Predicate = true> <Delay = 0.00>
ST_1 : Operation 46 [1/1] (0.00ns)   --->   "%LENET_C1_W_0_3_3_load_cast_read = read i8 @_ssdm_op_Read.ap_auto.i8, i8 %LENET_C1_W_0_3_3_load_cast"   --->   Operation 46 'read' 'LENET_C1_W_0_3_3_load_cast_read' <Predicate = true> <Delay = 0.00>
ST_1 : Operation 47 [1/1] (0.00ns)   --->   "%LENET_C1_W_0_2_2_load_cast_read = read i8 @_ssdm_op_Read.ap_auto.i8, i8 %LENET_C1_W_0_2_2_load_cast"   --->   Operation 47 'read' 'LENET_C1_W_0_2_2_load_cast_read' <Predicate = true> <Delay = 0.00>
ST_1 : Operation 48 [1/1] (0.00ns)   --->   "%LENET_C1_W_0_1_3_load_cast_read = read i8 @_ssdm_op_Read.ap_auto.i8, i8 %LENET_C1_W_0_1_3_load_cast"   --->   Operation 48 'read' 'LENET_C1_W_0_1_3_load_cast_read' <Predicate = true> <Delay = 0.00>
ST_1 : Operation 49 [1/1] (0.00ns)   --->   "%LENET_C1_W_0_1_2_load_cast_read = read i7 @_ssdm_op_Read.ap_auto.i7, i7 %LENET_C1_W_0_1_2_load_cast"   --->   Operation 49 'read' 'LENET_C1_W_0_1_2_load_cast_read' <Predicate = true> <Delay = 0.00>
ST_1 : Operation 50 [1/1] (0.00ns)   --->   "%LENET_C1_W_0_4_2_load_cast_read = read i7 @_ssdm_op_Read.ap_auto.i7, i7 %LENET_C1_W_0_4_2_load_cast"   --->   Operation 50 'read' 'LENET_C1_W_0_4_2_load_cast_read' <Predicate = true> <Delay = 0.00>
ST_1 : Operation 51 [1/1] (0.00ns)   --->   "%LENET_C1_W_0_2_3_load_cast_read = read i8 @_ssdm_op_Read.ap_auto.i8, i8 %LENET_C1_W_0_2_3_load_cast"   --->   Operation 51 'read' 'LENET_C1_W_0_2_3_load_cast_read' <Predicate = true> <Delay = 0.00>
ST_1 : Operation 52 [1/1] (0.00ns)   --->   "%LENET_C1_W_0_4_0_load_cast_read = read i8 @_ssdm_op_Read.ap_auto.i8, i8 %LENET_C1_W_0_4_0_load_cast"   --->   Operation 52 'read' 'LENET_C1_W_0_4_0_load_cast_read' <Predicate = true> <Delay = 0.00>
ST_1 : Operation 53 [1/1] (0.00ns)   --->   "%sub_ln131_read = read i7 @_ssdm_op_Read.ap_auto.i7, i7 %sub_ln131"   --->   Operation 53 'read' 'sub_ln131_read' <Predicate = true> <Delay = 0.00>
ST_1 : Operation 54 [1/1] (0.00ns)   --->   "%merge_i_cast_cast = sext i15 %merge_i_cast_read"   --->   Operation 54 'sext' 'merge_i_cast_cast' <Predicate = true> <Delay = 0.00>
ST_1 : Operation 55 [1/1] (0.00ns)   --->   "%sext_ln118_cast = sext i8 %sext_ln118_read"   --->   Operation 55 'sext' 'sext_ln118_cast' <Predicate = true> <Delay = 0.00>
ST_1 : Operation 56 [1/1] (0.00ns)   --->   "%LENET_C1_W_0_3_2_load_cast_cast = sext i8 %LENET_C1_W_0_3_2_load_cast_read"   --->   Operation 56 'sext' 'LENET_C1_W_0_3_2_load_cast_cast' <Predicate = true> <Delay = 0.00>
ST_1 : Operation 57 [1/1] (0.00ns)   --->   "%LENET_C1_W_0_0_2_load_cast_cast = sext i8 %LENET_C1_W_0_0_2_load_cast_read"   --->   Operation 57 'sext' 'LENET_C1_W_0_0_2_load_cast_cast' <Predicate = true> <Delay = 0.00>
ST_1 : Operation 58 [1/1] (0.00ns)   --->   "%LENET_C1_W_0_2_4_load_cast_cast = sext i8 %LENET_C1_W_0_2_4_load_cast_read"   --->   Operation 58 'sext' 'LENET_C1_W_0_2_4_load_cast_cast' <Predicate = true> <Delay = 0.00>
ST_1 : Operation 59 [1/1] (0.00ns)   --->   "%LENET_C1_W_0_3_1_load_cast_cast = sext i8 %LENET_C1_W_0_3_1_load_cast_read"   --->   Operation 59 'sext' 'LENET_C1_W_0_3_1_load_cast_cast' <Predicate = true> <Delay = 0.00>
ST_1 : Operation 60 [1/1] (0.00ns)   --->   "%LENET_C1_W_0_3_0_load_cast_cast = zext i7 %LENET_C1_W_0_3_0_load_cast_read"   --->   Operation 60 'zext' 'LENET_C1_W_0_3_0_load_cast_cast' <Predicate = true> <Delay = 0.00>
ST_1 : Operation 61 [1/1] (0.00ns)   --->   "%LENET_C1_W_0_2_0_load_cast_cast = zext i7 %LENET_C1_W_0_2_0_load_cast_read"   --->   Operation 61 'zext' 'LENET_C1_W_0_2_0_load_cast_cast' <Predicate = true> <Delay = 0.00>
ST_1 : Operation 62 [1/1] (0.00ns)   --->   "%LENET_C1_W_0_0_3_load_cast_cast = zext i7 %LENET_C1_W_0_0_3_load_cast_read"   --->   Operation 62 'zext' 'LENET_C1_W_0_0_3_load_cast_cast' <Predicate = true> <Delay = 0.00>
ST_1 : Operation 63 [1/1] (0.00ns)   --->   "%LENET_C1_W_0_3_4_load_cast_cast = sext i8 %LENET_C1_W_0_3_4_load_cast_read"   --->   Operation 63 'sext' 'LENET_C1_W_0_3_4_load_cast_cast' <Predicate = true> <Delay = 0.00>
ST_1 : Operation 64 [1/1] (0.00ns)   --->   "%LENET_C1_W_0_0_4_load_cast_cast = sext i8 %LENET_C1_W_0_0_4_load_cast_read"   --->   Operation 64 'sext' 'LENET_C1_W_0_0_4_load_cast_cast' <Predicate = true> <Delay = 0.00>
ST_1 : Operation 65 [1/1] (0.00ns)   --->   "%LENET_C1_W_0_0_1_load_cast_cast = zext i7 %LENET_C1_W_0_0_1_load_cast_read"   --->   Operation 65 'zext' 'LENET_C1_W_0_0_1_load_cast_cast' <Predicate = true> <Delay = 0.00>
ST_1 : Operation 66 [1/1] (0.00ns)   --->   "%LENET_C1_W_0_4_1_load_cast_cast = sext i8 %LENET_C1_W_0_4_1_load_cast_read"   --->   Operation 66 'sext' 'LENET_C1_W_0_4_1_load_cast_cast' <Predicate = true> <Delay = 0.00>
ST_1 : Operation 67 [1/1] (0.00ns)   --->   "%LENET_C1_W_0_1_0_load_cast_cast = zext i7 %LENET_C1_W_0_1_0_load_cast_read"   --->   Operation 67 'zext' 'LENET_C1_W_0_1_0_load_cast_cast' <Predicate = true> <Delay = 0.00>
ST_1 : Operation 68 [1/1] (0.00ns)   --->   "%LENET_C1_W_0_2_1_load_cast_cast = zext i7 %LENET_C1_W_0_2_1_load_cast_read"   --->   Operation 68 'zext' 'LENET_C1_W_0_2_1_load_cast_cast' <Predicate = true> <Delay = 0.00>
ST_1 : Operation 69 [1/1] (0.00ns)   --->   "%LENET_C1_W_0_4_3_load_cast_cast = sext i8 %LENET_C1_W_0_4_3_load_cast_read"   --->   Operation 69 'sext' 'LENET_C1_W_0_4_3_load_cast_cast' <Predicate = true> <Delay = 0.00>
ST_1 : Operation 70 [1/1] (0.00ns)   --->   "%LENET_C1_W_0_1_4_load_cast_cast = sext i8 %LENET_C1_W_0_1_4_load_cast_read"   --->   Operation 70 'sext' 'LENET_C1_W_0_1_4_load_cast_cast' <Predicate = true> <Delay = 0.00>
ST_1 : Operation 71 [1/1] (0.00ns)   --->   "%LENET_C1_W_0_0_0_load_cast_cast = zext i7 %LENET_C1_W_0_0_0_load_cast_read"   --->   Operation 71 'zext' 'LENET_C1_W_0_0_0_load_cast_cast' <Predicate = true> <Delay = 0.00>
ST_1 : Operation 72 [1/1] (0.00ns)   --->   "%LENET_C1_W_0_1_1_load_cast_cast = zext i6 %LENET_C1_W_0_1_1_load_cast_read"   --->   Operation 72 'zext' 'LENET_C1_W_0_1_1_load_cast_cast' <Predicate = true> <Delay = 0.00>
ST_1 : Operation 73 [1/1] (0.00ns)   --->   "%LENET_C1_W_0_3_3_load_cast_cast = sext i8 %LENET_C1_W_0_3_3_load_cast_read"   --->   Operation 73 'sext' 'LENET_C1_W_0_3_3_load_cast_cast' <Predicate = true> <Delay = 0.00>
ST_1 : Operation 74 [1/1] (0.00ns)   --->   "%LENET_C1_W_0_2_2_load_cast_cast = sext i8 %LENET_C1_W_0_2_2_load_cast_read"   --->   Operation 74 'sext' 'LENET_C1_W_0_2_2_load_cast_cast' <Predicate = true> <Delay = 0.00>
ST_1 : Operation 75 [1/1] (0.00ns)   --->   "%LENET_C1_W_0_1_3_load_cast_cast = sext i8 %LENET_C1_W_0_1_3_load_cast_read"   --->   Operation 75 'sext' 'LENET_C1_W_0_1_3_load_cast_cast' <Predicate = true> <Delay = 0.00>
ST_1 : Operation 76 [1/1] (0.00ns)   --->   "%LENET_C1_W_0_1_2_load_cast_cast = zext i7 %LENET_C1_W_0_1_2_load_cast_read"   --->   Operation 76 'zext' 'LENET_C1_W_0_1_2_load_cast_cast' <Predicate = true> <Delay = 0.00>
ST_1 : Operation 77 [1/1] (0.00ns)   --->   "%LENET_C1_W_0_4_2_load_cast_cast = sext i7 %LENET_C1_W_0_4_2_load_cast_read"   --->   Operation 77 'sext' 'LENET_C1_W_0_4_2_load_cast_cast' <Predicate = true> <Delay = 0.00>
ST_1 : Operation 78 [1/1] (0.00ns)   --->   "%LENET_C1_W_0_2_3_load_cast_cast = sext i8 %LENET_C1_W_0_2_3_load_cast_read"   --->   Operation 78 'sext' 'LENET_C1_W_0_2_3_load_cast_cast' <Predicate = true> <Delay = 0.00>
ST_1 : Operation 79 [1/1] (0.00ns)   --->   "%LENET_C1_W_0_4_0_load_cast_cast = sext i8 %LENET_C1_W_0_4_0_load_cast_read"   --->   Operation 79 'sext' 'LENET_C1_W_0_4_0_load_cast_cast' <Predicate = true> <Delay = 0.00>
ST_1 : Operation 80 [1/1] (0.00ns)   --->   "%sub_ln131_cast = sext i7 %sub_ln131_read"   --->   Operation 80 'sext' 'sub_ln131_cast' <Predicate = true> <Delay = 0.00>
ST_1 : Operation 81 [1/1] (0.00ns)   --->   "%specmemcore_ln0 = specmemcore void @_ssdm_op_SpecMemCore, i8 %y_1, i64 666, i64 22, i64 18446744073709551615"   --->   Operation 81 'specmemcore' 'specmemcore_ln0' <Predicate = true> <Delay = 0.00>
ST_1 : Operation 82 [1/1] (0.00ns)   --->   "%specmemcore_ln0 = specmemcore void @_ssdm_op_SpecMemCore, i8 %y_0, i64 666, i64 22, i64 18446744073709551615"   --->   Operation 82 'specmemcore' 'specmemcore_ln0' <Predicate = true> <Delay = 0.00>
ST_1 : Operation 83 [1/1] (0.00ns)   --->   "%specinterface_ln0 = specinterface void @_ssdm_op_SpecInterface, i8 %x, void @empty_3, i32 0, i32 0, void @empty_2, i32 4294967295, i32 0, void @empty_2, void @empty_2, void @empty_2, i32 0, i32 0, i32 0, i32 0, void @empty_2, void @empty_2, i32 4294967295, i32 0"   --->   Operation 83 'specinterface' 'specinterface_ln0' <Predicate = true> <Delay = 0.00>
ST_1 : Operation 84 [1/1] (1.58ns)   --->   "%store_ln0 = store i9 0, i9 %indvar_flatten"   --->   Operation 84 'store' 'store_ln0' <Predicate = true> <Delay = 1.58>
ST_1 : Operation 85 [1/1] (1.58ns)   --->   "%store_ln0 = store i5 0, i5 %oh"   --->   Operation 85 'store' 'store_ln0' <Predicate = true> <Delay = 1.58>
ST_1 : Operation 86 [1/1] (1.58ns)   --->   "%store_ln0 = store i5 0, i5 %ow"   --->   Operation 86 'store' 'store_ln0' <Predicate = true> <Delay = 1.58>
ST_1 : Operation 87 [1/1] (0.00ns)   --->   "%br_ln0 = br void %for.inc.4"   --->   Operation 87 'br' 'br_ln0' <Predicate = true> <Delay = 0.00>
ST_1 : Operation 88 [1/1] (0.00ns)   --->   "%indvar_flatten_load = load i9 %indvar_flatten" [Lenet_RTL_test/lenet_conv1_only.cpp:118]   --->   Operation 88 'load' 'indvar_flatten_load' <Predicate = true> <Delay = 0.00>
ST_1 : Operation 89 [1/1] (1.82ns)   --->   "%icmp_ln118 = icmp_eq  i9 %indvar_flatten_load, i9 392" [Lenet_RTL_test/lenet_conv1_only.cpp:118]   --->   Operation 89 'icmp' 'icmp_ln118' <Predicate = true> <Delay = 1.82> <CoreInst = "Cmp">   --->   Core 9 'Cmp' <Latency = 0> <II = 1> <Delay = 1.82> <FuncUnit> <Opcode : 'icmp'> <InPorts = 2> <OutPorts = 1>
ST_1 : Operation 90 [1/1] (1.82ns)   --->   "%add_ln118_3 = add i9 %indvar_flatten_load, i9 1" [Lenet_RTL_test/lenet_conv1_only.cpp:118]   --->   Operation 90 'add' 'add_ln118_3' <Predicate = true> <Delay = 1.82> <CoreInst = "Adder">   --->   Core 1 'Adder' <Latency = 0> <II = 1> <Delay = 1.82> <FuncUnit> <Opcode : 'add' 'sub'> <InPorts = 2> <OutPorts = 1>
ST_1 : Operation 91 [1/1] (0.00ns)   --->   "%br_ln118 = br i1 %icmp_ln118, void %for.inc45, void %for.inc48.exitStub" [Lenet_RTL_test/lenet_conv1_only.cpp:118]   --->   Operation 91 'br' 'br_ln118' <Predicate = true> <Delay = 0.00>
ST_1 : Operation 92 [1/1] (0.00ns)   --->   "%ow_load = load i5 %ow" [Lenet_RTL_test/lenet_conv1_only.cpp:119]   --->   Operation 92 'load' 'ow_load' <Predicate = (!icmp_ln118)> <Delay = 0.00>
ST_1 : Operation 93 [1/1] (0.00ns)   --->   "%oh_load = load i5 %oh"   --->   Operation 93 'load' 'oh_load' <Predicate = (!icmp_ln118)> <Delay = 0.00>
ST_1 : Operation 94 [1/1] (1.78ns)   --->   "%icmp_ln119 = icmp_ult  i5 %ow_load, i5 28" [Lenet_RTL_test/lenet_conv1_only.cpp:119]   --->   Operation 94 'icmp' 'icmp_ln119' <Predicate = (!icmp_ln118)> <Delay = 1.78> <CoreInst = "Cmp">   --->   Core 9 'Cmp' <Latency = 0> <II = 1> <Delay = 1.78> <FuncUnit> <Opcode : 'icmp'> <InPorts = 2> <OutPorts = 1>
ST_1 : Operation 95 [1/1] (1.21ns)   --->   "%select_ln118 = select i1 %icmp_ln119, i5 %ow_load, i5 0" [Lenet_RTL_test/lenet_conv1_only.cpp:118]   --->   Operation 95 'select' 'select_ln118' <Predicate = (!icmp_ln118)> <Delay = 1.21> <CoreInst = "Sel">   --->   Core 73 'Sel' <Latency = 0> <II = 1> <Delay = 1.21> <FuncUnit> <Opcode : 'select'> <InPorts = 3> <OutPorts = 1>
ST_1 : Operation 96 [1/1] (1.78ns)   --->   "%indvars_iv_next1324 = add i5 %oh_load, i5 1"   --->   Operation 96 'add' 'indvars_iv_next1324' <Predicate = (!icmp_ln118)> <Delay = 1.78> <CoreInst = "Adder">   --->   Core 1 'Adder' <Latency = 0> <II = 1> <Delay = 1.78> <FuncUnit> <Opcode : 'add' 'sub'> <InPorts = 2> <OutPorts = 1>
ST_1 : Operation 97 [1/1] (1.21ns)   --->   "%select_ln118_1 = select i1 %icmp_ln119, i5 %oh_load, i5 %indvars_iv_next1324" [Lenet_RTL_test/lenet_conv1_only.cpp:118]   --->   Operation 97 'select' 'select_ln118_1' <Predicate = (!icmp_ln118)> <Delay = 1.21> <CoreInst = "Sel">   --->   Core 73 'Sel' <Latency = 0> <II = 1> <Delay = 1.21> <FuncUnit> <Opcode : 'select'> <InPorts = 3> <OutPorts = 1>
ST_1 : Operation 98 [1/1] (0.00ns)   --->   "%trunc_ln118 = trunc i5 %select_ln118_1" [Lenet_RTL_test/lenet_conv1_only.cpp:118]   --->   Operation 98 'trunc' 'trunc_ln118' <Predicate = (!icmp_ln118)> <Delay = 0.00>
ST_1 : Operation 99 [1/1] (0.00ns)   --->   "%zext_ln118_1_mid2_v = partselect i4 @_ssdm_op_PartSelect.i4.i5.i32.i32, i5 %select_ln118_1, i32 1, i32 4" [Lenet_RTL_test/lenet_conv1_only.cpp:118]   --->   Operation 99 'partselect' 'zext_ln118_1_mid2_v' <Predicate = (!icmp_ln118)> <Delay = 0.00>
ST_1 : Operation 100 [1/1] (1.78ns)   --->   "%indvars_iv_next132_mid1 = add i5 %oh_load, i5 2"   --->   Operation 100 'add' 'indvars_iv_next132_mid1' <Predicate = (!icmp_ln118)> <Delay = 1.78> <CoreInst = "Adder">   --->   Core 1 'Adder' <Latency = 0> <II = 1> <Delay = 1.78> <FuncUnit> <Opcode : 'add' 'sub'> <InPorts = 2> <OutPorts = 1>
ST_1 : Operation 101 [1/1] (1.21ns)   --->   "%select_ln118_2 = select i1 %icmp_ln119, i5 %indvars_iv_next1324, i5 %indvars_iv_next132_mid1" [Lenet_RTL_test/lenet_conv1_only.cpp:118]   --->   Operation 101 'select' 'select_ln118_2' <Predicate = (!icmp_ln118)> <Delay = 1.21> <CoreInst = "Sel">   --->   Core 73 'Sel' <Latency = 0> <II = 1> <Delay = 1.21> <FuncUnit> <Opcode : 'select'> <InPorts = 3> <OutPorts = 1>
ST_1 : Operation 102 [1/1] (0.00ns)   --->   "%or_ln126 = or i5 %select_ln118, i5 1" [Lenet_RTL_test/lenet_conv1_only.cpp:126]   --->   Operation 102 'or' 'or_ln126' <Predicate = (!icmp_ln118)> <Delay = 0.00>
ST_1 : Operation 103 [1/1] (0.00ns)   --->   "%tmp_10 = bitconcatenate i10 @_ssdm_op_BitConcatenate.i10.i5.i5, i5 %select_ln118_1, i5 %or_ln126" [Lenet_RTL_test/lenet_conv1_only.cpp:126]   --->   Operation 103 'bitconcatenate' 'tmp_10' <Predicate = (!icmp_ln118)> <Delay = 0.00>
ST_1 : Operation 104 [1/1] (0.00ns)   --->   "%zext_ln126_45 = zext i10 %tmp_10" [Lenet_RTL_test/lenet_conv1_only.cpp:126]   --->   Operation 104 'zext' 'zext_ln126_45' <Predicate = (!icmp_ln118)> <Delay = 0.00>
ST_1 : Operation 105 [1/1] (0.00ns)   --->   "%x_addr_1 = getelementptr i8 %x, i64 0, i64 %zext_ln126_45" [Lenet_RTL_test/lenet_conv1_only.cpp:126]   --->   Operation 105 'getelementptr' 'x_addr_1' <Predicate = (!icmp_ln118)> <Delay = 0.00>
ST_1 : Operation 106 [1/1] (0.00ns)   --->   "%tmp_11 = bitconcatenate i10 @_ssdm_op_BitConcatenate.i10.i5.i5, i5 %select_ln118_2, i5 %or_ln126" [Lenet_RTL_test/lenet_conv1_only.cpp:126]   --->   Operation 106 'bitconcatenate' 'tmp_11' <Predicate = (!icmp_ln118)> <Delay = 0.00>
ST_1 : Operation 107 [1/1] (0.00ns)   --->   "%zext_ln126_46 = zext i10 %tmp_11" [Lenet_RTL_test/lenet_conv1_only.cpp:126]   --->   Operation 107 'zext' 'zext_ln126_46' <Predicate = (!icmp_ln118)> <Delay = 0.00>
ST_1 : Operation 108 [1/1] (0.00ns)   --->   "%x_addr_6 = getelementptr i8 %x, i64 0, i64 %zext_ln126_46" [Lenet_RTL_test/lenet_conv1_only.cpp:126]   --->   Operation 108 'getelementptr' 'x_addr_6' <Predicate = (!icmp_ln118)> <Delay = 0.00>
ST_1 : Operation 109 [2/2] (3.25ns)   --->   "%x_load_1 = load i10 %x_addr_1" [Lenet_RTL_test/lenet_conv1_only.cpp:126]   --->   Operation 109 'load' 'x_load_1' <Predicate = (!icmp_ln118)> <Delay = 3.25> <CoreInst = "RAM">   --->   Core 82 'RAM' <Latency = 1> <II = 1> <Delay = 3.25> <Storage> <Opcode : 'load' 'store'> <Ports = 2> <Width = 8> <Depth = 1024> <RAM>
ST_1 : Operation 110 [2/2] (3.25ns)   --->   "%x_load_6 = load i10 %x_addr_6" [Lenet_RTL_test/lenet_conv1_only.cpp:126]   --->   Operation 110 'load' 'x_load_6' <Predicate = (!icmp_ln118)> <Delay = 3.25> <CoreInst = "RAM">   --->   Core 82 'RAM' <Latency = 1> <II = 1> <Delay = 3.25> <Storage> <Opcode : 'load' 'store'> <Ports = 2> <Width = 8> <Depth = 1024> <RAM>
ST_1 : Operation 111 [1/1] (0.00ns)   --->   "%br_ln131 = br i1 %trunc_ln118, void %arrayidx412.132.case.0, void %arrayidx412.132.case.1" [Lenet_RTL_test/lenet_conv1_only.cpp:131]   --->   Operation 111 'br' 'br_ln131' <Predicate = (!icmp_ln118)> <Delay = 0.00>
ST_1 : Operation 112 [1/1] (1.58ns)   --->   "%store_ln119 = store i9 %add_ln118_3, i9 %indvar_flatten" [Lenet_RTL_test/lenet_conv1_only.cpp:119]   --->   Operation 112 'store' 'store_ln119' <Predicate = (!icmp_ln118)> <Delay = 1.58>
ST_1 : Operation 113 [1/1] (1.58ns)   --->   "%store_ln119 = store i5 %select_ln118_1, i5 %oh" [Lenet_RTL_test/lenet_conv1_only.cpp:119]   --->   Operation 113 'store' 'store_ln119' <Predicate = (!icmp_ln118)> <Delay = 1.58>

State 2 <SV = 1> <Delay = 5.03>
ST_2 : Operation 114 [1/1] (0.00ns) (grouped into LUT with out node add_ln118)   --->   "%select_ln118_3 = select i1 %icmp_ln119, i5 2, i5 3" [Lenet_RTL_test/lenet_conv1_only.cpp:118]   --->   Operation 114 'select' 'select_ln118_3' <Predicate = (!icmp_ln118)> <Delay = 0.00> <CoreInst = "Sel">   --->   Core 73 'Sel' <Latency = 0> <II = 1> <Delay = 0.99> <FuncUnit> <Opcode : 'select'> <InPorts = 3> <OutPorts = 1>
ST_2 : Operation 115 [1/1] (1.78ns) (out node of the LUT)   --->   "%add_ln118 = add i5 %oh_load, i5 %select_ln118_3" [Lenet_RTL_test/lenet_conv1_only.cpp:118]   --->   Operation 115 'add' 'add_ln118' <Predicate = (!icmp_ln118)> <Delay = 1.78> <CoreInst = "Adder">   --->   Core 1 'Adder' <Latency = 0> <II = 1> <Delay = 1.78> <FuncUnit> <Opcode : 'add' 'sub'> <InPorts = 2> <OutPorts = 1>
ST_2 : Operation 116 [1/1] (0.00ns) (grouped into LUT with out node add_ln118_1)   --->   "%select_ln118_4 = select i1 %icmp_ln119, i5 3, i5 4" [Lenet_RTL_test/lenet_conv1_only.cpp:118]   --->   Operation 116 'select' 'select_ln118_4' <Predicate = (!icmp_ln118)> <Delay = 0.00> <CoreInst = "Sel">   --->   Core 73 'Sel' <Latency = 0> <II = 1> <Delay = 0.98> <FuncUnit> <Opcode : 'select'> <InPorts = 3> <OutPorts = 1>
ST_2 : Operation 117 [1/1] (1.78ns) (out node of the LUT)   --->   "%add_ln118_1 = add i5 %oh_load, i5 %select_ln118_4" [Lenet_RTL_test/lenet_conv1_only.cpp:118]   --->   Operation 117 'add' 'add_ln118_1' <Predicate = (!icmp_ln118)> <Delay = 1.78> <CoreInst = "Adder">   --->   Core 1 'Adder' <Latency = 0> <II = 1> <Delay = 1.78> <FuncUnit> <Opcode : 'add' 'sub'> <InPorts = 2> <OutPorts = 1>
ST_2 : Operation 118 [1/1] (0.00ns) (grouped into LUT with out node add_ln118_2)   --->   "%select_ln118_5 = select i1 %icmp_ln119, i5 4, i5 5" [Lenet_RTL_test/lenet_conv1_only.cpp:118]   --->   Operation 118 'select' 'select_ln118_5' <Predicate = (!icmp_ln118)> <Delay = 0.00> <CoreInst = "Sel">   --->   Core 73 'Sel' <Latency = 0> <II = 1> <Delay = 0.98> <FuncUnit> <Opcode : 'select'> <InPorts = 3> <OutPorts = 1>
ST_2 : Operation 119 [1/1] (1.78ns) (out node of the LUT)   --->   "%add_ln118_2 = add i5 %oh_load, i5 %select_ln118_5" [Lenet_RTL_test/lenet_conv1_only.cpp:118]   --->   Operation 119 'add' 'add_ln118_2' <Predicate = (!icmp_ln118)> <Delay = 1.78> <CoreInst = "Adder">   --->   Core 1 'Adder' <Latency = 0> <II = 1> <Delay = 1.78> <FuncUnit> <Opcode : 'add' 'sub'> <InPorts = 2> <OutPorts = 1>
ST_2 : Operation 120 [1/1] (0.00ns)   --->   "%tmp_12 = bitconcatenate i10 @_ssdm_op_BitConcatenate.i10.i5.i5, i5 %add_ln118, i5 %or_ln126" [Lenet_RTL_test/lenet_conv1_only.cpp:126]   --->   Operation 120 'bitconcatenate' 'tmp_12' <Predicate = (!icmp_ln118)> <Delay = 0.00>
ST_2 : Operation 121 [1/1] (0.00ns)   --->   "%zext_ln126_47 = zext i10 %tmp_12" [Lenet_RTL_test/lenet_conv1_only.cpp:126]   --->   Operation 121 'zext' 'zext_ln126_47' <Predicate = (!icmp_ln118)> <Delay = 0.00>
ST_2 : Operation 122 [1/1] (0.00ns)   --->   "%x_addr_11 = getelementptr i8 %x, i64 0, i64 %zext_ln126_47" [Lenet_RTL_test/lenet_conv1_only.cpp:126]   --->   Operation 122 'getelementptr' 'x_addr_11' <Predicate = (!icmp_ln118)> <Delay = 0.00>
ST_2 : Operation 123 [1/1] (0.00ns)   --->   "%tmp_14 = bitconcatenate i10 @_ssdm_op_BitConcatenate.i10.i5.i5, i5 %add_ln118_2, i5 %or_ln126" [Lenet_RTL_test/lenet_conv1_only.cpp:126]   --->   Operation 123 'bitconcatenate' 'tmp_14' <Predicate = (!icmp_ln118)> <Delay = 0.00>
ST_2 : Operation 124 [1/1] (0.00ns)   --->   "%zext_ln126_49 = zext i10 %tmp_14" [Lenet_RTL_test/lenet_conv1_only.cpp:126]   --->   Operation 124 'zext' 'zext_ln126_49' <Predicate = (!icmp_ln118)> <Delay = 0.00>
ST_2 : Operation 125 [1/1] (0.00ns)   --->   "%x_addr_21 = getelementptr i8 %x, i64 0, i64 %zext_ln126_49" [Lenet_RTL_test/lenet_conv1_only.cpp:126]   --->   Operation 125 'getelementptr' 'x_addr_21' <Predicate = (!icmp_ln118)> <Delay = 0.00>
ST_2 : Operation 126 [1/2] (3.25ns)   --->   "%x_load_1 = load i10 %x_addr_1" [Lenet_RTL_test/lenet_conv1_only.cpp:126]   --->   Operation 126 'load' 'x_load_1' <Predicate = (!icmp_ln118)> <Delay = 3.25> <CoreInst = "RAM">   --->   Core 82 'RAM' <Latency = 1> <II = 1> <Delay = 3.25> <Storage> <Opcode : 'load' 'store'> <Ports = 2> <Width = 8> <Depth = 1024> <RAM>
ST_2 : Operation 127 [1/1] (0.00ns)   --->   "%zext_ln126_2 = zext i8 %x_load_1" [Lenet_RTL_test/lenet_conv1_only.cpp:126]   --->   Operation 127 'zext' 'zext_ln126_2' <Predicate = (!icmp_ln118)> <Delay = 0.00>
ST_2 : Operation 128 [1/2] (3.25ns)   --->   "%x_load_6 = load i10 %x_addr_6" [Lenet_RTL_test/lenet_conv1_only.cpp:126]   --->   Operation 128 'load' 'x_load_6' <Predicate = (!icmp_ln118)> <Delay = 3.25> <CoreInst = "RAM">   --->   Core 82 'RAM' <Latency = 1> <II = 1> <Delay = 3.25> <Storage> <Opcode : 'load' 'store'> <Ports = 2> <Width = 8> <Depth = 1024> <RAM>
ST_2 : Operation 129 [2/2] (3.25ns)   --->   "%x_load_11 = load i10 %x_addr_11" [Lenet_RTL_test/lenet_conv1_only.cpp:126]   --->   Operation 129 'load' 'x_load_11' <Predicate = (!icmp_ln118)> <Delay = 3.25> <CoreInst = "RAM">   --->   Core 82 'RAM' <Latency = 1> <II = 1> <Delay = 3.25> <Storage> <Opcode : 'load' 'store'> <Ports = 2> <Width = 8> <Depth = 1024> <RAM>
ST_2 : Operation 130 [2/2] (3.25ns)   --->   "%x_load_21 = load i10 %x_addr_21" [Lenet_RTL_test/lenet_conv1_only.cpp:126]   --->   Operation 130 'load' 'x_load_21' <Predicate = (!icmp_ln118)> <Delay = 3.25> <CoreInst = "RAM">   --->   Core 82 'RAM' <Latency = 1> <II = 1> <Delay = 3.25> <Storage> <Opcode : 'load' 'store'> <Ports = 2> <Width = 8> <Depth = 1024> <RAM>
ST_2 : Operation 131 [3/3] (1.05ns) (grouped into DSP with root node add_ln85_12)   --->   "%mul_ln85_14 = mul i15 %zext_ln126_2, i15 %LENET_C1_W_0_0_1_load_cast_cast" [Lenet_RTL_test/lenet_conv1_only.cpp:85->Lenet_RTL_test/lenet_conv1_only.cpp:131]   --->   Operation 131 'mul' 'mul_ln85_14' <Predicate = (!icmp_ln118)> <Delay = 1.05> <CoreInst = "DSP48">   --->   Core 119 'DSP48' <Latency = 3> <II = 1> <Delay = 2.15> <IPBlock> <Opcode : '<invalid operator> ' 'mul' 'add' 'sub' 'select'> <InPorts = 0> <OutPorts = 1> <Sync> <CReg>

State 3 <SV = 2> <Delay = 5.03>
ST_3 : Operation 132 [1/1] (1.78ns)   --->   "%add_ln126 = add i5 %select_ln118, i5 2" [Lenet_RTL_test/lenet_conv1_only.cpp:126]   --->   Operation 132 'add' 'add_ln126' <Predicate = (!icmp_ln118)> <Delay = 1.78> <CoreInst = "Adder">   --->   Core 1 'Adder' <Latency = 0> <II = 1> <Delay = 1.78> <FuncUnit> <Opcode : 'add' 'sub'> <InPorts = 2> <OutPorts = 1>
ST_3 : Operation 133 [1/1] (0.00ns)   --->   "%tmp_15 = bitconcatenate i10 @_ssdm_op_BitConcatenate.i10.i5.i5, i5 %select_ln118_1, i5 %add_ln126" [Lenet_RTL_test/lenet_conv1_only.cpp:126]   --->   Operation 133 'bitconcatenate' 'tmp_15' <Predicate = (!icmp_ln118)> <Delay = 0.00>
ST_3 : Operation 134 [1/1] (0.00ns)   --->   "%zext_ln126_50 = zext i10 %tmp_15" [Lenet_RTL_test/lenet_conv1_only.cpp:126]   --->   Operation 134 'zext' 'zext_ln126_50' <Predicate = (!icmp_ln118)> <Delay = 0.00>
ST_3 : Operation 135 [1/1] (0.00ns)   --->   "%x_addr_2 = getelementptr i8 %x, i64 0, i64 %zext_ln126_50" [Lenet_RTL_test/lenet_conv1_only.cpp:126]   --->   Operation 135 'getelementptr' 'x_addr_2' <Predicate = (!icmp_ln118)> <Delay = 0.00>
ST_3 : Operation 136 [2/2] (3.25ns)   --->   "%x_load_2 = load i10 %x_addr_2" [Lenet_RTL_test/lenet_conv1_only.cpp:126]   --->   Operation 136 'load' 'x_load_2' <Predicate = (!icmp_ln118)> <Delay = 3.25> <CoreInst = "RAM">   --->   Core 82 'RAM' <Latency = 1> <II = 1> <Delay = 3.25> <Storage> <Opcode : 'load' 'store'> <Ports = 2> <Width = 8> <Depth = 1024> <RAM>
ST_3 : Operation 137 [1/1] (1.78ns)   --->   "%add_ln126_1 = add i5 %select_ln118, i5 3" [Lenet_RTL_test/lenet_conv1_only.cpp:126]   --->   Operation 137 'add' 'add_ln126_1' <Predicate = (!icmp_ln118)> <Delay = 1.78> <CoreInst = "Adder">   --->   Core 1 'Adder' <Latency = 0> <II = 1> <Delay = 1.78> <FuncUnit> <Opcode : 'add' 'sub'> <InPorts = 2> <OutPorts = 1>
ST_3 : Operation 138 [1/1] (0.00ns)   --->   "%tmp_20 = bitconcatenate i10 @_ssdm_op_BitConcatenate.i10.i5.i5, i5 %select_ln118_1, i5 %add_ln126_1" [Lenet_RTL_test/lenet_conv1_only.cpp:126]   --->   Operation 138 'bitconcatenate' 'tmp_20' <Predicate = (!icmp_ln118)> <Delay = 0.00>
ST_3 : Operation 139 [1/1] (0.00ns)   --->   "%zext_ln126_55 = zext i10 %tmp_20" [Lenet_RTL_test/lenet_conv1_only.cpp:126]   --->   Operation 139 'zext' 'zext_ln126_55' <Predicate = (!icmp_ln118)> <Delay = 0.00>
ST_3 : Operation 140 [1/1] (0.00ns)   --->   "%x_addr_3 = getelementptr i8 %x, i64 0, i64 %zext_ln126_55" [Lenet_RTL_test/lenet_conv1_only.cpp:126]   --->   Operation 140 'getelementptr' 'x_addr_3' <Predicate = (!icmp_ln118)> <Delay = 0.00>
ST_3 : Operation 141 [2/2] (3.25ns)   --->   "%x_load_3 = load i10 %x_addr_3" [Lenet_RTL_test/lenet_conv1_only.cpp:126]   --->   Operation 141 'load' 'x_load_3' <Predicate = (!icmp_ln118)> <Delay = 3.25> <CoreInst = "RAM">   --->   Core 82 'RAM' <Latency = 1> <II = 1> <Delay = 3.25> <Storage> <Opcode : 'load' 'store'> <Ports = 2> <Width = 8> <Depth = 1024> <RAM>
ST_3 : Operation 142 [1/1] (0.00ns)   --->   "%zext_ln126_13 = zext i8 %x_load_6" [Lenet_RTL_test/lenet_conv1_only.cpp:126]   --->   Operation 142 'zext' 'zext_ln126_13' <Predicate = (!icmp_ln118)> <Delay = 0.00>
ST_3 : Operation 143 [1/2] (3.25ns)   --->   "%x_load_11 = load i10 %x_addr_11" [Lenet_RTL_test/lenet_conv1_only.cpp:126]   --->   Operation 143 'load' 'x_load_11' <Predicate = (!icmp_ln118)> <Delay = 3.25> <CoreInst = "RAM">   --->   Core 82 'RAM' <Latency = 1> <II = 1> <Delay = 3.25> <Storage> <Opcode : 'load' 'store'> <Ports = 2> <Width = 8> <Depth = 1024> <RAM>
ST_3 : Operation 144 [1/2] (3.25ns)   --->   "%x_load_21 = load i10 %x_addr_21" [Lenet_RTL_test/lenet_conv1_only.cpp:126]   --->   Operation 144 'load' 'x_load_21' <Predicate = (!icmp_ln118)> <Delay = 3.25> <CoreInst = "RAM">   --->   Core 82 'RAM' <Latency = 1> <II = 1> <Delay = 3.25> <Storage> <Opcode : 'load' 'store'> <Ports = 2> <Width = 8> <Depth = 1024> <RAM>
ST_3 : Operation 145 [2/3] (1.05ns) (grouped into DSP with root node add_ln85_12)   --->   "%mul_ln85_14 = mul i15 %zext_ln126_2, i15 %LENET_C1_W_0_0_1_load_cast_cast" [Lenet_RTL_test/lenet_conv1_only.cpp:85->Lenet_RTL_test/lenet_conv1_only.cpp:131]   --->   Operation 145 'mul' 'mul_ln85_14' <Predicate = (!icmp_ln118)> <Delay = 1.05> <CoreInst = "DSP48">   --->   Core 119 'DSP48' <Latency = 3> <II = 1> <Delay = 2.15> <IPBlock> <Opcode : '<invalid operator> ' 'mul' 'add' 'sub' 'select'> <InPorts = 0> <OutPorts = 1> <Sync> <CReg>
ST_3 : Operation 146 [1/1] (4.17ns)   --->   "%mul_ln85_37 = mul i15 %zext_ln126_13, i15 %LENET_C1_W_0_1_0_load_cast_cast" [Lenet_RTL_test/lenet_conv1_only.cpp:85->Lenet_RTL_test/lenet_conv1_only.cpp:131]   --->   Operation 146 'mul' 'mul_ln85_37' <Predicate = (!icmp_ln118)> <Delay = 4.17> <CoreInst = "Multiplier">   --->   Core 3 'Multiplier' <Latency = 0> <II = 1> <Delay = 4.17> <FuncUnit> <Opcode : 'mul'> <InPorts = 2> <OutPorts = 1>
ST_3 : Operation 147 [1/1] (1.58ns)   --->   "%store_ln119 = store i5 %add_ln126, i5 %ow" [Lenet_RTL_test/lenet_conv1_only.cpp:119]   --->   Operation 147 'store' 'store_ln119' <Predicate = (!icmp_ln118)> <Delay = 1.58>
ST_3 : Operation 148 [1/1] (0.00ns)   --->   "%br_ln119 = br void %for.inc.4" [Lenet_RTL_test/lenet_conv1_only.cpp:119]   --->   Operation 148 'br' 'br_ln119' <Predicate = (!icmp_ln118)> <Delay = 0.00>

State 4 <SV = 3> <Delay = 5.03>
ST_4 : Operation 149 [1/2] (3.25ns)   --->   "%x_load_2 = load i10 %x_addr_2" [Lenet_RTL_test/lenet_conv1_only.cpp:126]   --->   Operation 149 'load' 'x_load_2' <Predicate = (!icmp_ln118)> <Delay = 3.25> <CoreInst = "RAM">   --->   Core 82 'RAM' <Latency = 1> <II = 1> <Delay = 3.25> <Storage> <Opcode : 'load' 'store'> <Ports = 2> <Width = 8> <Depth = 1024> <RAM>
ST_4 : Operation 150 [1/1] (0.00ns)   --->   "%zext_ln126_4 = zext i8 %x_load_2" [Lenet_RTL_test/lenet_conv1_only.cpp:126]   --->   Operation 150 'zext' 'zext_ln126_4' <Predicate = (!icmp_ln118)> <Delay = 0.00>
ST_4 : Operation 151 [1/1] (0.00ns)   --->   "%tmp_21 = bitconcatenate i10 @_ssdm_op_BitConcatenate.i10.i5.i5, i5 %select_ln118_2, i5 %add_ln126_1" [Lenet_RTL_test/lenet_conv1_only.cpp:126]   --->   Operation 151 'bitconcatenate' 'tmp_21' <Predicate = (!icmp_ln118)> <Delay = 0.00>
ST_4 : Operation 152 [1/1] (0.00ns)   --->   "%zext_ln126_56 = zext i10 %tmp_21" [Lenet_RTL_test/lenet_conv1_only.cpp:126]   --->   Operation 152 'zext' 'zext_ln126_56' <Predicate = (!icmp_ln118)> <Delay = 0.00>
ST_4 : Operation 153 [1/1] (0.00ns)   --->   "%x_addr_8 = getelementptr i8 %x, i64 0, i64 %zext_ln126_56" [Lenet_RTL_test/lenet_conv1_only.cpp:126]   --->   Operation 153 'getelementptr' 'x_addr_8' <Predicate = (!icmp_ln118)> <Delay = 0.00>
ST_4 : Operation 154 [1/2] (3.25ns)   --->   "%x_load_3 = load i10 %x_addr_3" [Lenet_RTL_test/lenet_conv1_only.cpp:126]   --->   Operation 154 'load' 'x_load_3' <Predicate = (!icmp_ln118)> <Delay = 3.25> <CoreInst = "RAM">   --->   Core 82 'RAM' <Latency = 1> <II = 1> <Delay = 3.25> <Storage> <Opcode : 'load' 'store'> <Ports = 2> <Width = 8> <Depth = 1024> <RAM>
ST_4 : Operation 155 [1/1] (0.00ns)   --->   "%zext_ln126_8 = zext i8 %x_load_3" [Lenet_RTL_test/lenet_conv1_only.cpp:126]   --->   Operation 155 'zext' 'zext_ln126_8' <Predicate = (!icmp_ln118)> <Delay = 0.00>
ST_4 : Operation 156 [1/1] (1.78ns)   --->   "%add_ln126_2 = add i5 %select_ln118, i5 4" [Lenet_RTL_test/lenet_conv1_only.cpp:126]   --->   Operation 156 'add' 'add_ln126_2' <Predicate = (!icmp_ln118)> <Delay = 1.78> <CoreInst = "Adder">   --->   Core 1 'Adder' <Latency = 0> <II = 1> <Delay = 1.78> <FuncUnit> <Opcode : 'add' 'sub'> <InPorts = 2> <OutPorts = 1>
ST_4 : Operation 157 [1/1] (0.00ns)   --->   "%tmp_25 = bitconcatenate i10 @_ssdm_op_BitConcatenate.i10.i5.i5, i5 %select_ln118_1, i5 %add_ln126_2" [Lenet_RTL_test/lenet_conv1_only.cpp:126]   --->   Operation 157 'bitconcatenate' 'tmp_25' <Predicate = (!icmp_ln118)> <Delay = 0.00>
ST_4 : Operation 158 [1/1] (0.00ns)   --->   "%zext_ln126_60 = zext i10 %tmp_25" [Lenet_RTL_test/lenet_conv1_only.cpp:126]   --->   Operation 158 'zext' 'zext_ln126_60' <Predicate = (!icmp_ln118)> <Delay = 0.00>
ST_4 : Operation 159 [1/1] (0.00ns)   --->   "%x_addr_4 = getelementptr i8 %x, i64 0, i64 %zext_ln126_60" [Lenet_RTL_test/lenet_conv1_only.cpp:126]   --->   Operation 159 'getelementptr' 'x_addr_4' <Predicate = (!icmp_ln118)> <Delay = 0.00>
ST_4 : Operation 160 [2/2] (3.25ns)   --->   "%x_load_4 = load i10 %x_addr_4" [Lenet_RTL_test/lenet_conv1_only.cpp:126]   --->   Operation 160 'load' 'x_load_4' <Predicate = (!icmp_ln118)> <Delay = 3.25> <CoreInst = "RAM">   --->   Core 82 'RAM' <Latency = 1> <II = 1> <Delay = 3.25> <Storage> <Opcode : 'load' 'store'> <Ports = 2> <Width = 8> <Depth = 1024> <RAM>
ST_4 : Operation 161 [2/2] (3.25ns)   --->   "%x_load_8 = load i10 %x_addr_8" [Lenet_RTL_test/lenet_conv1_only.cpp:126]   --->   Operation 161 'load' 'x_load_8' <Predicate = (!icmp_ln118)> <Delay = 3.25> <CoreInst = "RAM">   --->   Core 82 'RAM' <Latency = 1> <II = 1> <Delay = 3.25> <Storage> <Opcode : 'load' 'store'> <Ports = 2> <Width = 8> <Depth = 1024> <RAM>
ST_4 : Operation 162 [1/1] (0.00ns)   --->   "%zext_ln126_33 = zext i8 %x_load_21" [Lenet_RTL_test/lenet_conv1_only.cpp:126]   --->   Operation 162 'zext' 'zext_ln126_33' <Predicate = (!icmp_ln118)> <Delay = 0.00>
ST_4 : Operation 163 [1/3] (0.00ns) (grouped into DSP with root node add_ln85_12)   --->   "%mul_ln85_14 = mul i15 %zext_ln126_2, i15 %LENET_C1_W_0_0_1_load_cast_cast" [Lenet_RTL_test/lenet_conv1_only.cpp:85->Lenet_RTL_test/lenet_conv1_only.cpp:131]   --->   Operation 163 'mul' 'mul_ln85_14' <Predicate = (!icmp_ln118)> <Delay = 0.00> <CoreInst = "DSP48">   --->   Core 119 'DSP48' <Latency = 3> <II = 1> <Delay = 2.15> <IPBlock> <Opcode : '<invalid operator> ' 'mul' 'add' 'sub' 'select'> <InPorts = 0> <OutPorts = 1> <Sync> <CReg>
ST_4 : Operation 164 [1/1] (0.00ns) (grouped into DSP with root node add_ln85_12)   --->   "%zext_ln85_6 = zext i15 %mul_ln85_14" [Lenet_RTL_test/lenet_conv1_only.cpp:85->Lenet_RTL_test/lenet_conv1_only.cpp:131]   --->   Operation 164 'zext' 'zext_ln85_6' <Predicate = (!icmp_ln118)> <Delay = 0.00>
ST_4 : Operation 165 [3/3] (1.05ns) (grouped into DSP with root node add_ln85_14)   --->   "%mul_ln85_17 = mul i15 %zext_ln126_8, i15 %LENET_C1_W_0_0_3_load_cast_cast" [Lenet_RTL_test/lenet_conv1_only.cpp:85->Lenet_RTL_test/lenet_conv1_only.cpp:131]   --->   Operation 165 'mul' 'mul_ln85_17' <Predicate = (!icmp_ln118)> <Delay = 1.05> <CoreInst = "DSP48">   --->   Core 119 'DSP48' <Latency = 3> <II = 1> <Delay = 2.15> <IPBlock> <Opcode : '<invalid operator> ' 'mul' 'add' 'sub' 'select'> <InPorts = 0> <OutPorts = 1> <Sync> <CReg>
ST_4 : Operation 166 [2/2] (2.10ns) (root node of the DSP)   --->   "%add_ln85_12 = add i17 %zext_ln85_6, i17 %merge_i_cast_cast" [Lenet_RTL_test/lenet_conv1_only.cpp:85->Lenet_RTL_test/lenet_conv1_only.cpp:131]   --->   Operation 166 'add' 'add_ln85_12' <Predicate = (!icmp_ln118)> <Delay = 2.10> <CoreInst = "DSP48">   --->   Core 119 'DSP48' <Latency = 3> <II = 1> <Delay = 2.15> <IPBlock> <Opcode : '<invalid operator> ' 'mul' 'add' 'sub' 'select'> <InPorts = 0> <OutPorts = 1> <Sync> <CReg>
ST_4 : Operation 167 [1/1] (4.17ns)   --->   "%mul_ln85_25 = mul i16 %zext_ln126_33, i16 %LENET_C1_W_0_4_0_load_cast_cast" [Lenet_RTL_test/lenet_conv1_only.cpp:85->Lenet_RTL_test/lenet_conv1_only.cpp:131]   --->   Operation 167 'mul' 'mul_ln85_25' <Predicate = (!icmp_ln118)> <Delay = 4.17> <CoreInst = "Multiplier">   --->   Core 3 'Multiplier' <Latency = 0> <II = 1> <Delay = 4.17> <FuncUnit> <Opcode : 'mul'> <InPorts = 2> <OutPorts = 1>
ST_4 : Operation 168 [3/3] (1.05ns) (grouped into DSP with root node add_ln85_37)   --->   "%mul_ln85_39 = mul i15 %zext_ln126_4, i15 %LENET_C1_W_0_0_1_load_cast_cast" [Lenet_RTL_test/lenet_conv1_only.cpp:85->Lenet_RTL_test/lenet_conv1_only.cpp:131]   --->   Operation 168 'mul' 'mul_ln85_39' <Predicate = (!icmp_ln118)> <Delay = 1.05> <CoreInst = "DSP48">   --->   Core 119 'DSP48' <Latency = 3> <II = 1> <Delay = 2.15> <IPBlock> <Opcode : '<invalid operator> ' 'mul' 'add' 'sub' 'select'> <InPorts = 0> <OutPorts = 1> <Sync> <CReg>

State 5 <SV = 4> <Delay = 4.30>
ST_5 : Operation 169 [1/1] (0.00ns)   --->   "%tmp_18 = bitconcatenate i10 @_ssdm_op_BitConcatenate.i10.i5.i5, i5 %add_ln118_1, i5 %add_ln126" [Lenet_RTL_test/lenet_conv1_only.cpp:126]   --->   Operation 169 'bitconcatenate' 'tmp_18' <Predicate = (!icmp_ln118)> <Delay = 0.00>
ST_5 : Operation 170 [1/1] (0.00ns)   --->   "%zext_ln126_53 = zext i10 %tmp_18" [Lenet_RTL_test/lenet_conv1_only.cpp:126]   --->   Operation 170 'zext' 'zext_ln126_53' <Predicate = (!icmp_ln118)> <Delay = 0.00>
ST_5 : Operation 171 [1/1] (0.00ns)   --->   "%x_addr_17 = getelementptr i8 %x, i64 0, i64 %zext_ln126_53" [Lenet_RTL_test/lenet_conv1_only.cpp:126]   --->   Operation 171 'getelementptr' 'x_addr_17' <Predicate = (!icmp_ln118)> <Delay = 0.00>
ST_5 : Operation 172 [1/1] (0.00ns)   --->   "%zext_ln126_5 = zext i8 %x_load_2" [Lenet_RTL_test/lenet_conv1_only.cpp:126]   --->   Operation 172 'zext' 'zext_ln126_5' <Predicate = (!icmp_ln118)> <Delay = 0.00>
ST_5 : Operation 173 [1/1] (0.00ns)   --->   "%tmp_28 = bitconcatenate i10 @_ssdm_op_BitConcatenate.i10.i5.i5, i5 %add_ln118_1, i5 %add_ln126_2" [Lenet_RTL_test/lenet_conv1_only.cpp:126]   --->   Operation 173 'bitconcatenate' 'tmp_28' <Predicate = (!icmp_ln118)> <Delay = 0.00>
ST_5 : Operation 174 [1/1] (0.00ns)   --->   "%zext_ln126_63 = zext i10 %tmp_28" [Lenet_RTL_test/lenet_conv1_only.cpp:126]   --->   Operation 174 'zext' 'zext_ln126_63' <Predicate = (!icmp_ln118)> <Delay = 0.00>
ST_5 : Operation 175 [1/1] (0.00ns)   --->   "%x_addr_19 = getelementptr i8 %x, i64 0, i64 %zext_ln126_63" [Lenet_RTL_test/lenet_conv1_only.cpp:126]   --->   Operation 175 'getelementptr' 'x_addr_19' <Predicate = (!icmp_ln118)> <Delay = 0.00>
ST_5 : Operation 176 [1/2] (3.25ns)   --->   "%x_load_4 = load i10 %x_addr_4" [Lenet_RTL_test/lenet_conv1_only.cpp:126]   --->   Operation 176 'load' 'x_load_4' <Predicate = (!icmp_ln118)> <Delay = 3.25> <CoreInst = "RAM">   --->   Core 82 'RAM' <Latency = 1> <II = 1> <Delay = 3.25> <Storage> <Opcode : 'load' 'store'> <Ports = 2> <Width = 8> <Depth = 1024> <RAM>
ST_5 : Operation 177 [1/1] (0.00ns)   --->   "%zext_ln126_10 = zext i8 %x_load_4" [Lenet_RTL_test/lenet_conv1_only.cpp:126]   --->   Operation 177 'zext' 'zext_ln126_10' <Predicate = (!icmp_ln118)> <Delay = 0.00>
ST_5 : Operation 178 [1/2] (3.25ns)   --->   "%x_load_8 = load i10 %x_addr_8" [Lenet_RTL_test/lenet_conv1_only.cpp:126]   --->   Operation 178 'load' 'x_load_8' <Predicate = (!icmp_ln118)> <Delay = 3.25> <CoreInst = "RAM">   --->   Core 82 'RAM' <Latency = 1> <II = 1> <Delay = 3.25> <Storage> <Opcode : 'load' 'store'> <Ports = 2> <Width = 8> <Depth = 1024> <RAM>
ST_5 : Operation 179 [2/2] (3.25ns)   --->   "%x_load_17 = load i10 %x_addr_17" [Lenet_RTL_test/lenet_conv1_only.cpp:126]   --->   Operation 179 'load' 'x_load_17' <Predicate = (!icmp_ln118)> <Delay = 3.25> <CoreInst = "RAM">   --->   Core 82 'RAM' <Latency = 1> <II = 1> <Delay = 3.25> <Storage> <Opcode : 'load' 'store'> <Ports = 2> <Width = 8> <Depth = 1024> <RAM>
ST_5 : Operation 180 [2/2] (3.25ns)   --->   "%x_load_19 = load i10 %x_addr_19" [Lenet_RTL_test/lenet_conv1_only.cpp:126]   --->   Operation 180 'load' 'x_load_19' <Predicate = (!icmp_ln118)> <Delay = 3.25> <CoreInst = "RAM">   --->   Core 82 'RAM' <Latency = 1> <II = 1> <Delay = 3.25> <Storage> <Opcode : 'load' 'store'> <Ports = 2> <Width = 8> <Depth = 1024> <RAM>
ST_5 : Operation 181 [2/3] (1.05ns) (grouped into DSP with root node add_ln85_14)   --->   "%mul_ln85_17 = mul i15 %zext_ln126_8, i15 %LENET_C1_W_0_0_3_load_cast_cast" [Lenet_RTL_test/lenet_conv1_only.cpp:85->Lenet_RTL_test/lenet_conv1_only.cpp:131]   --->   Operation 181 'mul' 'mul_ln85_17' <Predicate = (!icmp_ln118)> <Delay = 1.05> <CoreInst = "DSP48">   --->   Core 119 'DSP48' <Latency = 3> <II = 1> <Delay = 2.15> <IPBlock> <Opcode : '<invalid operator> ' 'mul' 'add' 'sub' 'select'> <InPorts = 0> <OutPorts = 1> <Sync> <CReg>
ST_5 : Operation 182 [3/3] (1.05ns) (grouped into DSP with root node add_ln85_15)   --->   "%mul_ln85_22 = mul i16 %zext_ln126_5, i16 %LENET_C1_W_0_0_2_load_cast_cast" [Lenet_RTL_test/lenet_conv1_only.cpp:85->Lenet_RTL_test/lenet_conv1_only.cpp:131]   --->   Operation 182 'mul' 'mul_ln85_22' <Predicate = (!icmp_ln118)> <Delay = 1.05> <CoreInst = "DSP48">   --->   Core 119 'DSP48' <Latency = 3> <II = 1> <Delay = 2.15> <IPBlock> <Opcode : '<invalid operator> ' 'mul' 'add' 'sub' 'select'> <InPorts = 0> <OutPorts = 1> <Sync> <CReg>
ST_5 : Operation 183 [1/2] (2.10ns) (root node of the DSP)   --->   "%add_ln85_12 = add i17 %zext_ln85_6, i17 %merge_i_cast_cast" [Lenet_RTL_test/lenet_conv1_only.cpp:85->Lenet_RTL_test/lenet_conv1_only.cpp:131]   --->   Operation 183 'add' 'add_ln85_12' <Predicate = (!icmp_ln118)> <Delay = 2.10> <CoreInst = "DSP48">   --->   Core 119 'DSP48' <Latency = 3> <II = 1> <Delay = 2.15> <IPBlock> <Opcode : '<invalid operator> ' 'mul' 'add' 'sub' 'select'> <InPorts = 0> <OutPorts = 1> <Sync> <CReg>
ST_5 : Operation 184 [3/3] (1.05ns) (grouped into DSP with root node add_ln85_38)   --->   "%mul_ln85_33 = mul i15 %zext_ln126_2, i15 %LENET_C1_W_0_0_0_load_cast_cast" [Lenet_RTL_test/lenet_conv1_only.cpp:85->Lenet_RTL_test/lenet_conv1_only.cpp:131]   --->   Operation 184 'mul' 'mul_ln85_33' <Predicate = (!icmp_ln118)> <Delay = 1.05> <CoreInst = "DSP48">   --->   Core 119 'DSP48' <Latency = 3> <II = 1> <Delay = 2.15> <IPBlock> <Opcode : '<invalid operator> ' 'mul' 'add' 'sub' 'select'> <InPorts = 0> <OutPorts = 1> <Sync> <CReg>
ST_5 : Operation 185 [2/3] (1.05ns) (grouped into DSP with root node add_ln85_37)   --->   "%mul_ln85_39 = mul i15 %zext_ln126_4, i15 %LENET_C1_W_0_0_1_load_cast_cast" [Lenet_RTL_test/lenet_conv1_only.cpp:85->Lenet_RTL_test/lenet_conv1_only.cpp:131]   --->   Operation 185 'mul' 'mul_ln85_39' <Predicate = (!icmp_ln118)> <Delay = 1.05> <CoreInst = "DSP48">   --->   Core 119 'DSP48' <Latency = 3> <II = 1> <Delay = 2.15> <IPBlock> <Opcode : '<invalid operator> ' 'mul' 'add' 'sub' 'select'> <InPorts = 0> <OutPorts = 1> <Sync> <CReg>
ST_5 : Operation 186 [3/3] (1.05ns) (grouped into DSP with root node add_ln85_39)   --->   "%mul_ln85_42 = mul i15 %zext_ln126_10, i15 %LENET_C1_W_0_0_3_load_cast_cast" [Lenet_RTL_test/lenet_conv1_only.cpp:85->Lenet_RTL_test/lenet_conv1_only.cpp:131]   --->   Operation 186 'mul' 'mul_ln85_42' <Predicate = (!icmp_ln118)> <Delay = 1.05> <CoreInst = "DSP48">   --->   Core 119 'DSP48' <Latency = 3> <II = 1> <Delay = 2.15> <IPBlock> <Opcode : '<invalid operator> ' 'mul' 'add' 'sub' 'select'> <InPorts = 0> <OutPorts = 1> <Sync> <CReg>

State 6 <SV = 5> <Delay = 6.76>
ST_6 : Operation 187 [1/1] (0.00ns)   --->   "%tmp_s = bitconcatenate i10 @_ssdm_op_BitConcatenate.i10.i5.i5, i5 %select_ln118_2, i5 0" [Lenet_RTL_test/lenet_conv1_only.cpp:126]   --->   Operation 187 'bitconcatenate' 'tmp_s' <Predicate = (!icmp_ln118)> <Delay = 0.00>
ST_6 : Operation 188 [1/1] (0.00ns)   --->   "%zext_ln119 = zext i5 %select_ln118" [Lenet_RTL_test/lenet_conv1_only.cpp:119]   --->   Operation 188 'zext' 'zext_ln119' <Predicate = (!icmp_ln118)> <Delay = 0.00>
ST_6 : Operation 189 [1/1] (0.00ns)   --->   "%zext_ln126_7 = zext i8 %x_load_3" [Lenet_RTL_test/lenet_conv1_only.cpp:126]   --->   Operation 189 'zext' 'zext_ln126_7' <Predicate = (!icmp_ln118)> <Delay = 0.00>
ST_6 : Operation 190 [1/1] (0.00ns)   --->   "%tmp_29 = bitconcatenate i10 @_ssdm_op_BitConcatenate.i10.i5.i5, i5 %add_ln118_2, i5 %add_ln126_2" [Lenet_RTL_test/lenet_conv1_only.cpp:126]   --->   Operation 190 'bitconcatenate' 'tmp_29' <Predicate = (!icmp_ln118)> <Delay = 0.00>
ST_6 : Operation 191 [1/1] (0.00ns)   --->   "%zext_ln126_64 = zext i10 %tmp_29" [Lenet_RTL_test/lenet_conv1_only.cpp:126]   --->   Operation 191 'zext' 'zext_ln126_64' <Predicate = (!icmp_ln118)> <Delay = 0.00>
ST_6 : Operation 192 [1/1] (0.00ns)   --->   "%x_addr_24 = getelementptr i8 %x, i64 0, i64 %zext_ln126_64" [Lenet_RTL_test/lenet_conv1_only.cpp:126]   --->   Operation 192 'getelementptr' 'x_addr_24' <Predicate = (!icmp_ln118)> <Delay = 0.00>
ST_6 : Operation 193 [1/1] (0.00ns)   --->   "%zext_ln126_11 = zext i8 %x_load_4" [Lenet_RTL_test/lenet_conv1_only.cpp:126]   --->   Operation 193 'zext' 'zext_ln126_11' <Predicate = (!icmp_ln118)> <Delay = 0.00>
ST_6 : Operation 194 [1/1] (0.00ns)   --->   "%zext_ln126_18 = zext i8 %x_load_8" [Lenet_RTL_test/lenet_conv1_only.cpp:126]   --->   Operation 194 'zext' 'zext_ln126_18' <Predicate = (!icmp_ln118)> <Delay = 0.00>
ST_6 : Operation 195 [1/2] (3.25ns)   --->   "%x_load_17 = load i10 %x_addr_17" [Lenet_RTL_test/lenet_conv1_only.cpp:126]   --->   Operation 195 'load' 'x_load_17' <Predicate = (!icmp_ln118)> <Delay = 3.25> <CoreInst = "RAM">   --->   Core 82 'RAM' <Latency = 1> <II = 1> <Delay = 3.25> <Storage> <Opcode : 'load' 'store'> <Ports = 2> <Width = 8> <Depth = 1024> <RAM>
ST_6 : Operation 196 [1/2] (3.25ns)   --->   "%x_load_19 = load i10 %x_addr_19" [Lenet_RTL_test/lenet_conv1_only.cpp:126]   --->   Operation 196 'load' 'x_load_19' <Predicate = (!icmp_ln118)> <Delay = 3.25> <CoreInst = "RAM">   --->   Core 82 'RAM' <Latency = 1> <II = 1> <Delay = 3.25> <Storage> <Opcode : 'load' 'store'> <Ports = 2> <Width = 8> <Depth = 1024> <RAM>
ST_6 : Operation 197 [1/1] (0.00ns)   --->   "%zext_ln126_31 = zext i8 %x_load_19" [Lenet_RTL_test/lenet_conv1_only.cpp:126]   --->   Operation 197 'zext' 'zext_ln126_31' <Predicate = (!icmp_ln118)> <Delay = 0.00>
ST_6 : Operation 198 [2/2] (3.25ns)   --->   "%x_load_24 = load i10 %x_addr_24" [Lenet_RTL_test/lenet_conv1_only.cpp:126]   --->   Operation 198 'load' 'x_load_24' <Predicate = (!icmp_ln118)> <Delay = 3.25> <CoreInst = "RAM">   --->   Core 82 'RAM' <Latency = 1> <II = 1> <Delay = 3.25> <Storage> <Opcode : 'load' 'store'> <Ports = 2> <Width = 8> <Depth = 1024> <RAM>
ST_6 : Operation 199 [1/1] (4.17ns)   --->   "%mul_ln85_4 = mul i16 %zext_ln126_18, i16 %LENET_C1_W_0_1_3_load_cast_cast" [Lenet_RTL_test/lenet_conv1_only.cpp:85->Lenet_RTL_test/lenet_conv1_only.cpp:131]   --->   Operation 199 'mul' 'mul_ln85_4' <Predicate = (!icmp_ln118)> <Delay = 4.17> <CoreInst = "Multiplier">   --->   Core 3 'Multiplier' <Latency = 0> <II = 1> <Delay = 4.17> <FuncUnit> <Opcode : 'mul'> <InPorts = 2> <OutPorts = 1>
ST_6 : Operation 200 [1/1] (4.17ns)   --->   "%mul_ln85_15 = mul i16 %zext_ln126_11, i16 %LENET_C1_W_0_0_4_load_cast_cast" [Lenet_RTL_test/lenet_conv1_only.cpp:85->Lenet_RTL_test/lenet_conv1_only.cpp:131]   --->   Operation 200 'mul' 'mul_ln85_15' <Predicate = (!icmp_ln118)> <Delay = 4.17> <CoreInst = "Multiplier">   --->   Core 3 'Multiplier' <Latency = 0> <II = 1> <Delay = 4.17> <FuncUnit> <Opcode : 'mul'> <InPorts = 2> <OutPorts = 1>
ST_6 : Operation 201 [1/1] (0.00ns)   --->   "%sext_ln85_7 = sext i16 %mul_ln85_15" [Lenet_RTL_test/lenet_conv1_only.cpp:85->Lenet_RTL_test/lenet_conv1_only.cpp:131]   --->   Operation 201 'sext' 'sext_ln85_7' <Predicate = (!icmp_ln118)> <Delay = 0.00>
ST_6 : Operation 202 [3/3] (1.05ns) (grouped into DSP with root node add_ln85_2)   --->   "%mul_ln85_16 = mul i16 %zext_ln126_31, i16 %LENET_C1_W_0_3_4_load_cast_cast" [Lenet_RTL_test/lenet_conv1_only.cpp:85->Lenet_RTL_test/lenet_conv1_only.cpp:131]   --->   Operation 202 'mul' 'mul_ln85_16' <Predicate = (!icmp_ln118)> <Delay = 1.05> <CoreInst = "DSP48">   --->   Core 119 'DSP48' <Latency = 3> <II = 1> <Delay = 2.15> <IPBlock> <Opcode : '<invalid operator> ' 'mul' 'add' 'sub' 'select'> <InPorts = 0> <OutPorts = 1> <Sync> <CReg>
ST_6 : Operation 203 [1/3] (0.00ns) (grouped into DSP with root node add_ln85_14)   --->   "%mul_ln85_17 = mul i15 %zext_ln126_8, i15 %LENET_C1_W_0_0_3_load_cast_cast" [Lenet_RTL_test/lenet_conv1_only.cpp:85->Lenet_RTL_test/lenet_conv1_only.cpp:131]   --->   Operation 203 'mul' 'mul_ln85_17' <Predicate = (!icmp_ln118)> <Delay = 0.00> <CoreInst = "DSP48">   --->   Core 119 'DSP48' <Latency = 3> <II = 1> <Delay = 2.15> <IPBlock> <Opcode : '<invalid operator> ' 'mul' 'add' 'sub' 'select'> <InPorts = 0> <OutPorts = 1> <Sync> <CReg>
ST_6 : Operation 204 [1/1] (0.00ns) (grouped into DSP with root node add_ln85_14)   --->   "%zext_ln85_7 = zext i15 %mul_ln85_17" [Lenet_RTL_test/lenet_conv1_only.cpp:85->Lenet_RTL_test/lenet_conv1_only.cpp:131]   --->   Operation 204 'zext' 'zext_ln85_7' <Predicate = (!icmp_ln118)> <Delay = 0.00>
ST_6 : Operation 205 [2/3] (1.05ns) (grouped into DSP with root node add_ln85_15)   --->   "%mul_ln85_22 = mul i16 %zext_ln126_5, i16 %LENET_C1_W_0_0_2_load_cast_cast" [Lenet_RTL_test/lenet_conv1_only.cpp:85->Lenet_RTL_test/lenet_conv1_only.cpp:131]   --->   Operation 205 'mul' 'mul_ln85_22' <Predicate = (!icmp_ln118)> <Delay = 1.05> <CoreInst = "DSP48">   --->   Core 119 'DSP48' <Latency = 3> <II = 1> <Delay = 2.15> <IPBlock> <Opcode : '<invalid operator> ' 'mul' 'add' 'sub' 'select'> <InPorts = 0> <OutPorts = 1> <Sync> <CReg>
ST_6 : Operation 206 [2/2] (2.10ns) (root node of the DSP)   --->   "%add_ln85_14 = add i17 %sext_ln85_7, i17 %zext_ln85_7" [Lenet_RTL_test/lenet_conv1_only.cpp:85->Lenet_RTL_test/lenet_conv1_only.cpp:131]   --->   Operation 206 'add' 'add_ln85_14' <Predicate = (!icmp_ln118)> <Delay = 2.10> <CoreInst = "DSP48">   --->   Core 119 'DSP48' <Latency = 3> <II = 1> <Delay = 2.15> <IPBlock> <Opcode : '<invalid operator> ' 'mul' 'add' 'sub' 'select'> <InPorts = 0> <OutPorts = 1> <Sync> <CReg>
ST_6 : Operation 207 [1/1] (1.78ns)   --->   "%add_ln126_3 = add i6 %zext_ln119, i6 5" [Lenet_RTL_test/lenet_conv1_only.cpp:126]   --->   Operation 207 'add' 'add_ln126_3' <Predicate = (!icmp_ln118)> <Delay = 1.78> <CoreInst = "Adder">   --->   Core 1 'Adder' <Latency = 0> <II = 1> <Delay = 1.82> <FuncUnit> <Opcode : 'add' 'sub'> <InPorts = 2> <OutPorts = 1>
ST_6 : Operation 208 [1/1] (0.00ns)   --->   "%zext_ln126_65 = zext i6 %add_ln126_3" [Lenet_RTL_test/lenet_conv1_only.cpp:126]   --->   Operation 208 'zext' 'zext_ln126_65' <Predicate = (!icmp_ln118)> <Delay = 0.00>
ST_6 : Operation 209 [1/1] (1.73ns)   --->   "%add_ln126_5 = add i10 %tmp_s, i10 %zext_ln126_65" [Lenet_RTL_test/lenet_conv1_only.cpp:126]   --->   Operation 209 'add' 'add_ln126_5' <Predicate = (!icmp_ln118)> <Delay = 1.73> <CoreInst = "Adder">   --->   Core 1 'Adder' <Latency = 0> <II = 1> <Delay = 1.73> <FuncUnit> <Opcode : 'add' 'sub'> <InPorts = 2> <OutPorts = 1>
ST_6 : Operation 210 [1/1] (0.00ns)   --->   "%zext_ln126_67 = zext i10 %add_ln126_5" [Lenet_RTL_test/lenet_conv1_only.cpp:126]   --->   Operation 210 'zext' 'zext_ln126_67' <Predicate = (!icmp_ln118)> <Delay = 0.00>
ST_6 : Operation 211 [1/1] (0.00ns)   --->   "%x_addr_26 = getelementptr i8 %x, i64 0, i64 %zext_ln126_67" [Lenet_RTL_test/lenet_conv1_only.cpp:126]   --->   Operation 211 'getelementptr' 'x_addr_26' <Predicate = (!icmp_ln118)> <Delay = 0.00>
ST_6 : Operation 212 [2/2] (3.25ns)   --->   "%x_load_26 = load i10 %x_addr_26" [Lenet_RTL_test/lenet_conv1_only.cpp:126]   --->   Operation 212 'load' 'x_load_26' <Predicate = (!icmp_ln118)> <Delay = 3.25> <CoreInst = "RAM">   --->   Core 82 'RAM' <Latency = 1> <II = 1> <Delay = 3.25> <Storage> <Opcode : 'load' 'store'> <Ports = 2> <Width = 8> <Depth = 1024> <RAM>
ST_6 : Operation 213 [3/3] (1.05ns) (grouped into DSP with root node add_ln85_33)   --->   "%mul_ln85_31 = mul i16 %zext_ln126_31, i16 %LENET_C1_W_0_3_3_load_cast_cast" [Lenet_RTL_test/lenet_conv1_only.cpp:85->Lenet_RTL_test/lenet_conv1_only.cpp:131]   --->   Operation 213 'mul' 'mul_ln85_31' <Predicate = (!icmp_ln118)> <Delay = 1.05> <CoreInst = "DSP48">   --->   Core 119 'DSP48' <Latency = 3> <II = 1> <Delay = 2.15> <IPBlock> <Opcode : '<invalid operator> ' 'mul' 'add' 'sub' 'select'> <InPorts = 0> <OutPorts = 1> <Sync> <CReg>
ST_6 : Operation 214 [2/3] (1.05ns) (grouped into DSP with root node add_ln85_38)   --->   "%mul_ln85_33 = mul i15 %zext_ln126_2, i15 %LENET_C1_W_0_0_0_load_cast_cast" [Lenet_RTL_test/lenet_conv1_only.cpp:85->Lenet_RTL_test/lenet_conv1_only.cpp:131]   --->   Operation 214 'mul' 'mul_ln85_33' <Predicate = (!icmp_ln118)> <Delay = 1.05> <CoreInst = "DSP48">   --->   Core 119 'DSP48' <Latency = 3> <II = 1> <Delay = 2.15> <IPBlock> <Opcode : '<invalid operator> ' 'mul' 'add' 'sub' 'select'> <InPorts = 0> <OutPorts = 1> <Sync> <CReg>
ST_6 : Operation 215 [1/3] (0.00ns) (grouped into DSP with root node add_ln85_37)   --->   "%mul_ln85_39 = mul i15 %zext_ln126_4, i15 %LENET_C1_W_0_0_1_load_cast_cast" [Lenet_RTL_test/lenet_conv1_only.cpp:85->Lenet_RTL_test/lenet_conv1_only.cpp:131]   --->   Operation 215 'mul' 'mul_ln85_39' <Predicate = (!icmp_ln118)> <Delay = 0.00> <CoreInst = "DSP48">   --->   Core 119 'DSP48' <Latency = 3> <II = 1> <Delay = 2.15> <IPBlock> <Opcode : '<invalid operator> ' 'mul' 'add' 'sub' 'select'> <InPorts = 0> <OutPorts = 1> <Sync> <CReg>
ST_6 : Operation 216 [1/1] (0.00ns) (grouped into DSP with root node add_ln85_37)   --->   "%zext_ln85_17 = zext i15 %mul_ln85_39" [Lenet_RTL_test/lenet_conv1_only.cpp:85->Lenet_RTL_test/lenet_conv1_only.cpp:131]   --->   Operation 216 'zext' 'zext_ln85_17' <Predicate = (!icmp_ln118)> <Delay = 0.00>
ST_6 : Operation 217 [2/3] (1.05ns) (grouped into DSP with root node add_ln85_39)   --->   "%mul_ln85_42 = mul i15 %zext_ln126_10, i15 %LENET_C1_W_0_0_3_load_cast_cast" [Lenet_RTL_test/lenet_conv1_only.cpp:85->Lenet_RTL_test/lenet_conv1_only.cpp:131]   --->   Operation 217 'mul' 'mul_ln85_42' <Predicate = (!icmp_ln118)> <Delay = 1.05> <CoreInst = "DSP48">   --->   Core 119 'DSP48' <Latency = 3> <II = 1> <Delay = 2.15> <IPBlock> <Opcode : '<invalid operator> ' 'mul' 'add' 'sub' 'select'> <InPorts = 0> <OutPorts = 1> <Sync> <CReg>
ST_6 : Operation 218 [3/3] (1.05ns) (grouped into DSP with root node add_ln85_40)   --->   "%mul_ln85_47 = mul i16 %zext_ln126_7, i16 %LENET_C1_W_0_0_2_load_cast_cast" [Lenet_RTL_test/lenet_conv1_only.cpp:85->Lenet_RTL_test/lenet_conv1_only.cpp:131]   --->   Operation 218 'mul' 'mul_ln85_47' <Predicate = (!icmp_ln118)> <Delay = 1.05> <CoreInst = "DSP48">   --->   Core 119 'DSP48' <Latency = 3> <II = 1> <Delay = 2.15> <IPBlock> <Opcode : '<invalid operator> ' 'mul' 'add' 'sub' 'select'> <InPorts = 0> <OutPorts = 1> <Sync> <CReg>
ST_6 : Operation 219 [2/2] (2.10ns) (root node of the DSP)   --->   "%add_ln85_37 = add i17 %zext_ln85_17, i17 %merge_i_cast_cast" [Lenet_RTL_test/lenet_conv1_only.cpp:85->Lenet_RTL_test/lenet_conv1_only.cpp:131]   --->   Operation 219 'add' 'add_ln85_37' <Predicate = (!icmp_ln118)> <Delay = 2.10> <CoreInst = "DSP48">   --->   Core 119 'DSP48' <Latency = 3> <II = 1> <Delay = 2.15> <IPBlock> <Opcode : '<invalid operator> ' 'mul' 'add' 'sub' 'select'> <InPorts = 0> <OutPorts = 1> <Sync> <CReg>
ST_6 : Operation 652 [1/1] (0.00ns)   --->   "%ret_ln0 = ret"   --->   Operation 652 'ret' 'ret_ln0' <Predicate = (icmp_ln118)> <Delay = 0.00>

State 7 <SV = 6> <Delay = 4.20>
ST_7 : Operation 220 [1/1] (0.00ns)   --->   "%tmp_4 = bitconcatenate i10 @_ssdm_op_BitConcatenate.i10.i5.i5, i5 %select_ln118_1, i5 %select_ln118" [Lenet_RTL_test/lenet_conv1_only.cpp:126]   --->   Operation 220 'bitconcatenate' 'tmp_4' <Predicate = (!icmp_ln118)> <Delay = 0.00>
ST_7 : Operation 221 [1/1] (0.00ns)   --->   "%zext_ln126_3 = zext i10 %tmp_4" [Lenet_RTL_test/lenet_conv1_only.cpp:126]   --->   Operation 221 'zext' 'zext_ln126_3' <Predicate = (!icmp_ln118)> <Delay = 0.00>
ST_7 : Operation 222 [1/1] (0.00ns)   --->   "%x_addr = getelementptr i8 %x, i64 0, i64 %zext_ln126_3" [Lenet_RTL_test/lenet_conv1_only.cpp:126]   --->   Operation 222 'getelementptr' 'x_addr' <Predicate = (!icmp_ln118)> <Delay = 0.00>
ST_7 : Operation 223 [1/1] (0.00ns)   --->   "%tmp_5 = bitconcatenate i10 @_ssdm_op_BitConcatenate.i10.i5.i5, i5 %select_ln118_2, i5 %select_ln118" [Lenet_RTL_test/lenet_conv1_only.cpp:126]   --->   Operation 223 'bitconcatenate' 'tmp_5' <Predicate = (!icmp_ln118)> <Delay = 0.00>
ST_7 : Operation 224 [1/1] (0.00ns)   --->   "%zext_ln126_6 = zext i10 %tmp_5" [Lenet_RTL_test/lenet_conv1_only.cpp:126]   --->   Operation 224 'zext' 'zext_ln126_6' <Predicate = (!icmp_ln118)> <Delay = 0.00>
ST_7 : Operation 225 [1/1] (0.00ns)   --->   "%x_addr_5 = getelementptr i8 %x, i64 0, i64 %zext_ln126_6" [Lenet_RTL_test/lenet_conv1_only.cpp:126]   --->   Operation 225 'getelementptr' 'x_addr_5' <Predicate = (!icmp_ln118)> <Delay = 0.00>
ST_7 : Operation 226 [2/2] (3.25ns)   --->   "%x_load = load i10 %x_addr" [Lenet_RTL_test/lenet_conv1_only.cpp:126]   --->   Operation 226 'load' 'x_load' <Predicate = (!icmp_ln118)> <Delay = 3.25> <CoreInst = "RAM">   --->   Core 82 'RAM' <Latency = 1> <II = 1> <Delay = 3.25> <Storage> <Opcode : 'load' 'store'> <Ports = 2> <Width = 8> <Depth = 1024> <RAM>
ST_7 : Operation 227 [2/2] (3.25ns)   --->   "%x_load_5 = load i10 %x_addr_5" [Lenet_RTL_test/lenet_conv1_only.cpp:126]   --->   Operation 227 'load' 'x_load_5' <Predicate = (!icmp_ln118)> <Delay = 3.25> <CoreInst = "RAM">   --->   Core 82 'RAM' <Latency = 1> <II = 1> <Delay = 3.25> <Storage> <Opcode : 'load' 'store'> <Ports = 2> <Width = 8> <Depth = 1024> <RAM>
ST_7 : Operation 228 [1/1] (0.00ns)   --->   "%zext_ln126_29 = zext i8 %x_load_17" [Lenet_RTL_test/lenet_conv1_only.cpp:126]   --->   Operation 228 'zext' 'zext_ln126_29' <Predicate = (!icmp_ln118)> <Delay = 0.00>
ST_7 : Operation 229 [1/2] (3.25ns)   --->   "%x_load_24 = load i10 %x_addr_24" [Lenet_RTL_test/lenet_conv1_only.cpp:126]   --->   Operation 229 'load' 'x_load_24' <Predicate = (!icmp_ln118)> <Delay = 3.25> <CoreInst = "RAM">   --->   Core 82 'RAM' <Latency = 1> <II = 1> <Delay = 3.25> <Storage> <Opcode : 'load' 'store'> <Ports = 2> <Width = 8> <Depth = 1024> <RAM>
ST_7 : Operation 230 [2/3] (1.05ns) (grouped into DSP with root node add_ln85_2)   --->   "%mul_ln85_16 = mul i16 %zext_ln126_31, i16 %LENET_C1_W_0_3_4_load_cast_cast" [Lenet_RTL_test/lenet_conv1_only.cpp:85->Lenet_RTL_test/lenet_conv1_only.cpp:131]   --->   Operation 230 'mul' 'mul_ln85_16' <Predicate = (!icmp_ln118)> <Delay = 1.05> <CoreInst = "DSP48">   --->   Core 119 'DSP48' <Latency = 3> <II = 1> <Delay = 2.15> <IPBlock> <Opcode : '<invalid operator> ' 'mul' 'add' 'sub' 'select'> <InPorts = 0> <OutPorts = 1> <Sync> <CReg>
ST_7 : Operation 231 [1/3] (0.00ns) (grouped into DSP with root node add_ln85_15)   --->   "%mul_ln85_22 = mul i16 %zext_ln126_5, i16 %LENET_C1_W_0_0_2_load_cast_cast" [Lenet_RTL_test/lenet_conv1_only.cpp:85->Lenet_RTL_test/lenet_conv1_only.cpp:131]   --->   Operation 231 'mul' 'mul_ln85_22' <Predicate = (!icmp_ln118)> <Delay = 0.00> <CoreInst = "DSP48">   --->   Core 119 'DSP48' <Latency = 3> <II = 1> <Delay = 2.15> <IPBlock> <Opcode : '<invalid operator> ' 'mul' 'add' 'sub' 'select'> <InPorts = 0> <OutPorts = 1> <Sync> <CReg>
ST_7 : Operation 232 [1/1] (0.00ns) (grouped into DSP with root node add_ln85_15)   --->   "%sext_ln85_11 = sext i16 %mul_ln85_22" [Lenet_RTL_test/lenet_conv1_only.cpp:85->Lenet_RTL_test/lenet_conv1_only.cpp:131]   --->   Operation 232 'sext' 'sext_ln85_11' <Predicate = (!icmp_ln118)> <Delay = 0.00>
ST_7 : Operation 233 [1/1] (4.17ns)   --->   "%mul_ln85_23 = mul i16 %zext_ln126_29, i16 %LENET_C1_W_0_3_2_load_cast_cast" [Lenet_RTL_test/lenet_conv1_only.cpp:85->Lenet_RTL_test/lenet_conv1_only.cpp:131]   --->   Operation 233 'mul' 'mul_ln85_23' <Predicate = (!icmp_ln118)> <Delay = 4.17> <CoreInst = "Multiplier">   --->   Core 3 'Multiplier' <Latency = 0> <II = 1> <Delay = 4.17> <FuncUnit> <Opcode : 'mul'> <InPorts = 2> <OutPorts = 1>
ST_7 : Operation 234 [1/2] (2.10ns) (root node of the DSP)   --->   "%add_ln85_14 = add i17 %sext_ln85_7, i17 %zext_ln85_7" [Lenet_RTL_test/lenet_conv1_only.cpp:85->Lenet_RTL_test/lenet_conv1_only.cpp:131]   --->   Operation 234 'add' 'add_ln85_14' <Predicate = (!icmp_ln118)> <Delay = 2.10> <CoreInst = "DSP48">   --->   Core 119 'DSP48' <Latency = 3> <II = 1> <Delay = 2.15> <IPBlock> <Opcode : '<invalid operator> ' 'mul' 'add' 'sub' 'select'> <InPorts = 0> <OutPorts = 1> <Sync> <CReg>
ST_7 : Operation 235 [1/1] (0.00ns)   --->   "%sext_ln85_27 = sext i17 %add_ln85_14" [Lenet_RTL_test/lenet_conv1_only.cpp:85->Lenet_RTL_test/lenet_conv1_only.cpp:131]   --->   Operation 235 'sext' 'sext_ln85_27' <Predicate = (!icmp_ln118)> <Delay = 0.00>
ST_7 : Operation 236 [2/2] (2.10ns) (root node of the DSP)   --->   "%add_ln85_15 = add i18 %sext_ln85_27, i18 %sext_ln85_11" [Lenet_RTL_test/lenet_conv1_only.cpp:85->Lenet_RTL_test/lenet_conv1_only.cpp:131]   --->   Operation 236 'add' 'add_ln85_15' <Predicate = (!icmp_ln118)> <Delay = 2.10> <CoreInst = "DSP48">   --->   Core 119 'DSP48' <Latency = 3> <II = 1> <Delay = 2.15> <IPBlock> <Opcode : '<invalid operator> ' 'mul' 'add' 'sub' 'select'> <InPorts = 0> <OutPorts = 1> <Sync> <CReg>
ST_7 : Operation 237 [1/2] (3.25ns)   --->   "%x_load_26 = load i10 %x_addr_26" [Lenet_RTL_test/lenet_conv1_only.cpp:126]   --->   Operation 237 'load' 'x_load_26' <Predicate = (!icmp_ln118)> <Delay = 3.25> <CoreInst = "RAM">   --->   Core 82 'RAM' <Latency = 1> <II = 1> <Delay = 3.25> <Storage> <Opcode : 'load' 'store'> <Ports = 2> <Width = 8> <Depth = 1024> <RAM>
ST_7 : Operation 238 [2/3] (1.05ns) (grouped into DSP with root node add_ln85_33)   --->   "%mul_ln85_31 = mul i16 %zext_ln126_31, i16 %LENET_C1_W_0_3_3_load_cast_cast" [Lenet_RTL_test/lenet_conv1_only.cpp:85->Lenet_RTL_test/lenet_conv1_only.cpp:131]   --->   Operation 238 'mul' 'mul_ln85_31' <Predicate = (!icmp_ln118)> <Delay = 1.05> <CoreInst = "DSP48">   --->   Core 119 'DSP48' <Latency = 3> <II = 1> <Delay = 2.15> <IPBlock> <Opcode : '<invalid operator> ' 'mul' 'add' 'sub' 'select'> <InPorts = 0> <OutPorts = 1> <Sync> <CReg>
ST_7 : Operation 239 [1/3] (0.00ns) (grouped into DSP with root node add_ln85_38)   --->   "%mul_ln85_33 = mul i15 %zext_ln126_2, i15 %LENET_C1_W_0_0_0_load_cast_cast" [Lenet_RTL_test/lenet_conv1_only.cpp:85->Lenet_RTL_test/lenet_conv1_only.cpp:131]   --->   Operation 239 'mul' 'mul_ln85_33' <Predicate = (!icmp_ln118)> <Delay = 0.00> <CoreInst = "DSP48">   --->   Core 119 'DSP48' <Latency = 3> <II = 1> <Delay = 2.15> <IPBlock> <Opcode : '<invalid operator> ' 'mul' 'add' 'sub' 'select'> <InPorts = 0> <OutPorts = 1> <Sync> <CReg>
ST_7 : Operation 240 [1/1] (0.00ns) (grouped into DSP with root node add_ln85_38)   --->   "%zext_ln85_14 = zext i15 %mul_ln85_33" [Lenet_RTL_test/lenet_conv1_only.cpp:85->Lenet_RTL_test/lenet_conv1_only.cpp:131]   --->   Operation 240 'zext' 'zext_ln85_14' <Predicate = (!icmp_ln118)> <Delay = 0.00>
ST_7 : Operation 241 [1/1] (0.00ns)   --->   "%zext_ln85_16 = zext i15 %mul_ln85_37" [Lenet_RTL_test/lenet_conv1_only.cpp:85->Lenet_RTL_test/lenet_conv1_only.cpp:131]   --->   Operation 241 'zext' 'zext_ln85_16' <Predicate = (!icmp_ln118)> <Delay = 0.00>
ST_7 : Operation 242 [1/3] (0.00ns) (grouped into DSP with root node add_ln85_39)   --->   "%mul_ln85_42 = mul i15 %zext_ln126_10, i15 %LENET_C1_W_0_0_3_load_cast_cast" [Lenet_RTL_test/lenet_conv1_only.cpp:85->Lenet_RTL_test/lenet_conv1_only.cpp:131]   --->   Operation 242 'mul' 'mul_ln85_42' <Predicate = (!icmp_ln118)> <Delay = 0.00> <CoreInst = "DSP48">   --->   Core 119 'DSP48' <Latency = 3> <II = 1> <Delay = 2.15> <IPBlock> <Opcode : '<invalid operator> ' 'mul' 'add' 'sub' 'select'> <InPorts = 0> <OutPorts = 1> <Sync> <CReg>
ST_7 : Operation 243 [1/1] (0.00ns) (grouped into DSP with root node add_ln85_39)   --->   "%zext_ln85_18 = zext i15 %mul_ln85_42" [Lenet_RTL_test/lenet_conv1_only.cpp:85->Lenet_RTL_test/lenet_conv1_only.cpp:131]   --->   Operation 243 'zext' 'zext_ln85_18' <Predicate = (!icmp_ln118)> <Delay = 0.00>
ST_7 : Operation 244 [2/3] (1.05ns) (grouped into DSP with root node add_ln85_40)   --->   "%mul_ln85_47 = mul i16 %zext_ln126_7, i16 %LENET_C1_W_0_0_2_load_cast_cast" [Lenet_RTL_test/lenet_conv1_only.cpp:85->Lenet_RTL_test/lenet_conv1_only.cpp:131]   --->   Operation 244 'mul' 'mul_ln85_47' <Predicate = (!icmp_ln118)> <Delay = 1.05> <CoreInst = "DSP48">   --->   Core 119 'DSP48' <Latency = 3> <II = 1> <Delay = 2.15> <IPBlock> <Opcode : '<invalid operator> ' 'mul' 'add' 'sub' 'select'> <InPorts = 0> <OutPorts = 1> <Sync> <CReg>
ST_7 : Operation 245 [1/2] (2.10ns) (root node of the DSP)   --->   "%add_ln85_37 = add i17 %zext_ln85_17, i17 %merge_i_cast_cast" [Lenet_RTL_test/lenet_conv1_only.cpp:85->Lenet_RTL_test/lenet_conv1_only.cpp:131]   --->   Operation 245 'add' 'add_ln85_37' <Predicate = (!icmp_ln118)> <Delay = 2.10> <CoreInst = "DSP48">   --->   Core 119 'DSP48' <Latency = 3> <II = 1> <Delay = 2.15> <IPBlock> <Opcode : '<invalid operator> ' 'mul' 'add' 'sub' 'select'> <InPorts = 0> <OutPorts = 1> <Sync> <CReg>
ST_7 : Operation 246 [1/1] (0.00ns)   --->   "%sext_ln85_61 = sext i17 %add_ln85_37" [Lenet_RTL_test/lenet_conv1_only.cpp:85->Lenet_RTL_test/lenet_conv1_only.cpp:131]   --->   Operation 246 'sext' 'sext_ln85_61' <Predicate = (!icmp_ln118)> <Delay = 0.00>
ST_7 : Operation 247 [2/2] (2.10ns) (root node of the DSP)   --->   "%add_ln85_38 = add i18 %sext_ln85_61, i18 %zext_ln85_14" [Lenet_RTL_test/lenet_conv1_only.cpp:85->Lenet_RTL_test/lenet_conv1_only.cpp:131]   --->   Operation 247 'add' 'add_ln85_38' <Predicate = (!icmp_ln118)> <Delay = 2.10> <CoreInst = "DSP48">   --->   Core 119 'DSP48' <Latency = 3> <II = 1> <Delay = 2.15> <IPBlock> <Opcode : '<invalid operator> ' 'mul' 'add' 'sub' 'select'> <InPorts = 0> <OutPorts = 1> <Sync> <CReg>
ST_7 : Operation 248 [2/2] (2.10ns) (root node of the DSP)   --->   "%add_ln85_39 = add i16 %zext_ln85_16, i16 %zext_ln85_18" [Lenet_RTL_test/lenet_conv1_only.cpp:85->Lenet_RTL_test/lenet_conv1_only.cpp:131]   --->   Operation 248 'add' 'add_ln85_39' <Predicate = (!icmp_ln118)> <Delay = 2.10> <CoreInst = "DSP48">   --->   Core 119 'DSP48' <Latency = 3> <II = 1> <Delay = 2.15> <IPBlock> <Opcode : '<invalid operator> ' 'mul' 'add' 'sub' 'select'> <InPorts = 0> <OutPorts = 1> <Sync> <CReg>

State 8 <SV = 7> <Delay = 4.30>
ST_8 : Operation 249 [1/1] (0.00ns)   --->   "%tmp_6 = bitconcatenate i10 @_ssdm_op_BitConcatenate.i10.i5.i5, i5 %add_ln118, i5 %select_ln118" [Lenet_RTL_test/lenet_conv1_only.cpp:126]   --->   Operation 249 'bitconcatenate' 'tmp_6' <Predicate = (!icmp_ln118)> <Delay = 0.00>
ST_8 : Operation 250 [1/1] (0.00ns)   --->   "%zext_ln126_9 = zext i10 %tmp_6" [Lenet_RTL_test/lenet_conv1_only.cpp:126]   --->   Operation 250 'zext' 'zext_ln126_9' <Predicate = (!icmp_ln118)> <Delay = 0.00>
ST_8 : Operation 251 [1/1] (0.00ns)   --->   "%x_addr_10 = getelementptr i8 %x, i64 0, i64 %zext_ln126_9" [Lenet_RTL_test/lenet_conv1_only.cpp:126]   --->   Operation 251 'getelementptr' 'x_addr_10' <Predicate = (!icmp_ln118)> <Delay = 0.00>
ST_8 : Operation 252 [1/1] (0.00ns)   --->   "%tmp_8 = bitconcatenate i10 @_ssdm_op_BitConcatenate.i10.i5.i5, i5 %add_ln118_1, i5 %select_ln118" [Lenet_RTL_test/lenet_conv1_only.cpp:126]   --->   Operation 252 'bitconcatenate' 'tmp_8' <Predicate = (!icmp_ln118)> <Delay = 0.00>
ST_8 : Operation 253 [1/1] (0.00ns)   --->   "%zext_ln126_38 = zext i10 %tmp_8" [Lenet_RTL_test/lenet_conv1_only.cpp:126]   --->   Operation 253 'zext' 'zext_ln126_38' <Predicate = (!icmp_ln118)> <Delay = 0.00>
ST_8 : Operation 254 [1/1] (0.00ns)   --->   "%x_addr_15 = getelementptr i8 %x, i64 0, i64 %zext_ln126_38" [Lenet_RTL_test/lenet_conv1_only.cpp:126]   --->   Operation 254 'getelementptr' 'x_addr_15' <Predicate = (!icmp_ln118)> <Delay = 0.00>
ST_8 : Operation 255 [1/2] (3.25ns)   --->   "%x_load = load i10 %x_addr" [Lenet_RTL_test/lenet_conv1_only.cpp:126]   --->   Operation 255 'load' 'x_load' <Predicate = (!icmp_ln118)> <Delay = 3.25> <CoreInst = "RAM">   --->   Core 82 'RAM' <Latency = 1> <II = 1> <Delay = 3.25> <Storage> <Opcode : 'load' 'store'> <Ports = 2> <Width = 8> <Depth = 1024> <RAM>
ST_8 : Operation 256 [1/1] (0.00ns)   --->   "%zext_ln126 = zext i8 %x_load" [Lenet_RTL_test/lenet_conv1_only.cpp:126]   --->   Operation 256 'zext' 'zext_ln126' <Predicate = (!icmp_ln118)> <Delay = 0.00>
ST_8 : Operation 257 [1/2] (3.25ns)   --->   "%x_load_5 = load i10 %x_addr_5" [Lenet_RTL_test/lenet_conv1_only.cpp:126]   --->   Operation 257 'load' 'x_load_5' <Predicate = (!icmp_ln118)> <Delay = 3.25> <CoreInst = "RAM">   --->   Core 82 'RAM' <Latency = 1> <II = 1> <Delay = 3.25> <Storage> <Opcode : 'load' 'store'> <Ports = 2> <Width = 8> <Depth = 1024> <RAM>
ST_8 : Operation 258 [2/2] (3.25ns)   --->   "%x_load_10 = load i10 %x_addr_10" [Lenet_RTL_test/lenet_conv1_only.cpp:126]   --->   Operation 258 'load' 'x_load_10' <Predicate = (!icmp_ln118)> <Delay = 3.25> <CoreInst = "RAM">   --->   Core 82 'RAM' <Latency = 1> <II = 1> <Delay = 3.25> <Storage> <Opcode : 'load' 'store'> <Ports = 2> <Width = 8> <Depth = 1024> <RAM>
ST_8 : Operation 259 [2/2] (3.25ns)   --->   "%x_load_15 = load i10 %x_addr_15" [Lenet_RTL_test/lenet_conv1_only.cpp:126]   --->   Operation 259 'load' 'x_load_15' <Predicate = (!icmp_ln118)> <Delay = 3.25> <CoreInst = "RAM">   --->   Core 82 'RAM' <Latency = 1> <II = 1> <Delay = 3.25> <Storage> <Opcode : 'load' 'store'> <Ports = 2> <Width = 8> <Depth = 1024> <RAM>
ST_8 : Operation 260 [3/3] (1.05ns) (grouped into DSP with root node add_ln85_13)   --->   "%mul_ln85_8 = mul i15 %zext_ln126, i15 %LENET_C1_W_0_0_0_load_cast_cast" [Lenet_RTL_test/lenet_conv1_only.cpp:85->Lenet_RTL_test/lenet_conv1_only.cpp:131]   --->   Operation 260 'mul' 'mul_ln85_8' <Predicate = (!icmp_ln118)> <Delay = 1.05> <CoreInst = "DSP48">   --->   Core 119 'DSP48' <Latency = 3> <II = 1> <Delay = 2.15> <IPBlock> <Opcode : '<invalid operator> ' 'mul' 'add' 'sub' 'select'> <InPorts = 0> <OutPorts = 1> <Sync> <CReg>
ST_8 : Operation 261 [1/3] (0.00ns) (grouped into DSP with root node add_ln85_2)   --->   "%mul_ln85_16 = mul i16 %zext_ln126_31, i16 %LENET_C1_W_0_3_4_load_cast_cast" [Lenet_RTL_test/lenet_conv1_only.cpp:85->Lenet_RTL_test/lenet_conv1_only.cpp:131]   --->   Operation 261 'mul' 'mul_ln85_16' <Predicate = (!icmp_ln118)> <Delay = 0.00> <CoreInst = "DSP48">   --->   Core 119 'DSP48' <Latency = 3> <II = 1> <Delay = 2.15> <IPBlock> <Opcode : '<invalid operator> ' 'mul' 'add' 'sub' 'select'> <InPorts = 0> <OutPorts = 1> <Sync> <CReg>
ST_8 : Operation 262 [1/1] (0.00ns) (grouped into DSP with root node add_ln85_2)   --->   "%sext_ln85_8 = sext i16 %mul_ln85_16" [Lenet_RTL_test/lenet_conv1_only.cpp:85->Lenet_RTL_test/lenet_conv1_only.cpp:131]   --->   Operation 262 'sext' 'sext_ln85_8' <Predicate = (!icmp_ln118)> <Delay = 0.00>
ST_8 : Operation 263 [1/1] (0.00ns)   --->   "%sext_ln85_12 = sext i16 %mul_ln85_23" [Lenet_RTL_test/lenet_conv1_only.cpp:85->Lenet_RTL_test/lenet_conv1_only.cpp:131]   --->   Operation 263 'sext' 'sext_ln85_12' <Predicate = (!icmp_ln118)> <Delay = 0.00>
ST_8 : Operation 264 [2/2] (2.10ns) (root node of the DSP)   --->   "%add_ln85_2 = add i17 %sext_ln85_12, i17 %sext_ln85_8" [Lenet_RTL_test/lenet_conv1_only.cpp:85->Lenet_RTL_test/lenet_conv1_only.cpp:131]   --->   Operation 264 'add' 'add_ln85_2' <Predicate = (!icmp_ln118)> <Delay = 2.10> <CoreInst = "DSP48">   --->   Core 119 'DSP48' <Latency = 3> <II = 1> <Delay = 2.15> <IPBlock> <Opcode : '<invalid operator> ' 'mul' 'add' 'sub' 'select'> <InPorts = 0> <OutPorts = 1> <Sync> <CReg>
ST_8 : Operation 265 [1/2] (2.10ns) (root node of the DSP)   --->   "%add_ln85_15 = add i18 %sext_ln85_27, i18 %sext_ln85_11" [Lenet_RTL_test/lenet_conv1_only.cpp:85->Lenet_RTL_test/lenet_conv1_only.cpp:131]   --->   Operation 265 'add' 'add_ln85_15' <Predicate = (!icmp_ln118)> <Delay = 2.10> <CoreInst = "DSP48">   --->   Core 119 'DSP48' <Latency = 3> <II = 1> <Delay = 2.15> <IPBlock> <Opcode : '<invalid operator> ' 'mul' 'add' 'sub' 'select'> <InPorts = 0> <OutPorts = 1> <Sync> <CReg>
ST_8 : Operation 266 [1/1] (0.00ns)   --->   "%sext_ln85_36 = sext i16 %mul_ln85_25" [Lenet_RTL_test/lenet_conv1_only.cpp:85->Lenet_RTL_test/lenet_conv1_only.cpp:131]   --->   Operation 266 'sext' 'sext_ln85_36' <Predicate = (!icmp_ln118)> <Delay = 0.00>
ST_8 : Operation 267 [1/3] (0.00ns) (grouped into DSP with root node add_ln85_33)   --->   "%mul_ln85_31 = mul i16 %zext_ln126_31, i16 %LENET_C1_W_0_3_3_load_cast_cast" [Lenet_RTL_test/lenet_conv1_only.cpp:85->Lenet_RTL_test/lenet_conv1_only.cpp:131]   --->   Operation 267 'mul' 'mul_ln85_31' <Predicate = (!icmp_ln118)> <Delay = 0.00> <CoreInst = "DSP48">   --->   Core 119 'DSP48' <Latency = 3> <II = 1> <Delay = 2.15> <IPBlock> <Opcode : '<invalid operator> ' 'mul' 'add' 'sub' 'select'> <InPorts = 0> <OutPorts = 1> <Sync> <CReg>
ST_8 : Operation 268 [1/1] (0.00ns) (grouped into DSP with root node add_ln85_33)   --->   "%sext_ln85_41 = sext i16 %mul_ln85_31" [Lenet_RTL_test/lenet_conv1_only.cpp:85->Lenet_RTL_test/lenet_conv1_only.cpp:131]   --->   Operation 268 'sext' 'sext_ln85_41' <Predicate = (!icmp_ln118)> <Delay = 0.00>
ST_8 : Operation 269 [1/3] (0.00ns) (grouped into DSP with root node add_ln85_40)   --->   "%mul_ln85_47 = mul i16 %zext_ln126_7, i16 %LENET_C1_W_0_0_2_load_cast_cast" [Lenet_RTL_test/lenet_conv1_only.cpp:85->Lenet_RTL_test/lenet_conv1_only.cpp:131]   --->   Operation 269 'mul' 'mul_ln85_47' <Predicate = (!icmp_ln118)> <Delay = 0.00> <CoreInst = "DSP48">   --->   Core 119 'DSP48' <Latency = 3> <II = 1> <Delay = 2.15> <IPBlock> <Opcode : '<invalid operator> ' 'mul' 'add' 'sub' 'select'> <InPorts = 0> <OutPorts = 1> <Sync> <CReg>
ST_8 : Operation 270 [1/1] (0.00ns) (grouped into DSP with root node add_ln85_40)   --->   "%sext_ln85_47 = sext i16 %mul_ln85_47" [Lenet_RTL_test/lenet_conv1_only.cpp:85->Lenet_RTL_test/lenet_conv1_only.cpp:131]   --->   Operation 270 'sext' 'sext_ln85_47' <Predicate = (!icmp_ln118)> <Delay = 0.00>
ST_8 : Operation 271 [2/2] (2.10ns) (root node of the DSP)   --->   "%add_ln85_33 = add i17 %sext_ln85_36, i17 %sext_ln85_41" [Lenet_RTL_test/lenet_conv1_only.cpp:85->Lenet_RTL_test/lenet_conv1_only.cpp:131]   --->   Operation 271 'add' 'add_ln85_33' <Predicate = (!icmp_ln118)> <Delay = 2.10> <CoreInst = "DSP48">   --->   Core 119 'DSP48' <Latency = 3> <II = 1> <Delay = 2.15> <IPBlock> <Opcode : '<invalid operator> ' 'mul' 'add' 'sub' 'select'> <InPorts = 0> <OutPorts = 1> <Sync> <CReg>
ST_8 : Operation 272 [1/2] (2.10ns) (root node of the DSP)   --->   "%add_ln85_38 = add i18 %sext_ln85_61, i18 %zext_ln85_14" [Lenet_RTL_test/lenet_conv1_only.cpp:85->Lenet_RTL_test/lenet_conv1_only.cpp:131]   --->   Operation 272 'add' 'add_ln85_38' <Predicate = (!icmp_ln118)> <Delay = 2.10> <CoreInst = "DSP48">   --->   Core 119 'DSP48' <Latency = 3> <II = 1> <Delay = 2.15> <IPBlock> <Opcode : '<invalid operator> ' 'mul' 'add' 'sub' 'select'> <InPorts = 0> <OutPorts = 1> <Sync> <CReg>
ST_8 : Operation 273 [1/2] (2.10ns) (root node of the DSP)   --->   "%add_ln85_39 = add i16 %zext_ln85_16, i16 %zext_ln85_18" [Lenet_RTL_test/lenet_conv1_only.cpp:85->Lenet_RTL_test/lenet_conv1_only.cpp:131]   --->   Operation 273 'add' 'add_ln85_39' <Predicate = (!icmp_ln118)> <Delay = 2.10> <CoreInst = "DSP48">   --->   Core 119 'DSP48' <Latency = 3> <II = 1> <Delay = 2.15> <IPBlock> <Opcode : '<invalid operator> ' 'mul' 'add' 'sub' 'select'> <InPorts = 0> <OutPorts = 1> <Sync> <CReg>
ST_8 : Operation 274 [1/1] (0.00ns)   --->   "%zext_ln85_21 = zext i16 %add_ln85_39" [Lenet_RTL_test/lenet_conv1_only.cpp:85->Lenet_RTL_test/lenet_conv1_only.cpp:131]   --->   Operation 274 'zext' 'zext_ln85_21' <Predicate = (!icmp_ln118)> <Delay = 0.00>
ST_8 : Operation 275 [2/2] (2.10ns) (root node of the DSP)   --->   "%add_ln85_40 = add i17 %zext_ln85_21, i17 %sext_ln85_47" [Lenet_RTL_test/lenet_conv1_only.cpp:85->Lenet_RTL_test/lenet_conv1_only.cpp:131]   --->   Operation 275 'add' 'add_ln85_40' <Predicate = (!icmp_ln118)> <Delay = 2.10> <CoreInst = "DSP48">   --->   Core 119 'DSP48' <Latency = 3> <II = 1> <Delay = 2.15> <IPBlock> <Opcode : '<invalid operator> ' 'mul' 'add' 'sub' 'select'> <InPorts = 0> <OutPorts = 1> <Sync> <CReg>

State 9 <SV = 8> <Delay = 4.30>
ST_9 : Operation 276 [1/1] (0.00ns)   --->   "%tmp_9 = bitconcatenate i10 @_ssdm_op_BitConcatenate.i10.i5.i5, i5 %add_ln118_2, i5 %select_ln118" [Lenet_RTL_test/lenet_conv1_only.cpp:126]   --->   Operation 276 'bitconcatenate' 'tmp_9' <Predicate = (!icmp_ln118)> <Delay = 0.00>
ST_9 : Operation 277 [1/1] (0.00ns)   --->   "%zext_ln126_43 = zext i10 %tmp_9" [Lenet_RTL_test/lenet_conv1_only.cpp:126]   --->   Operation 277 'zext' 'zext_ln126_43' <Predicate = (!icmp_ln118)> <Delay = 0.00>
ST_9 : Operation 278 [1/1] (0.00ns)   --->   "%x_addr_20 = getelementptr i8 %x, i64 0, i64 %zext_ln126_43" [Lenet_RTL_test/lenet_conv1_only.cpp:126]   --->   Operation 278 'getelementptr' 'x_addr_20' <Predicate = (!icmp_ln118)> <Delay = 0.00>
ST_9 : Operation 279 [1/1] (0.00ns)   --->   "%tmp_13 = bitconcatenate i10 @_ssdm_op_BitConcatenate.i10.i5.i5, i5 %add_ln118_1, i5 %or_ln126" [Lenet_RTL_test/lenet_conv1_only.cpp:126]   --->   Operation 279 'bitconcatenate' 'tmp_13' <Predicate = (!icmp_ln118)> <Delay = 0.00>
ST_9 : Operation 280 [1/1] (0.00ns)   --->   "%zext_ln126_48 = zext i10 %tmp_13" [Lenet_RTL_test/lenet_conv1_only.cpp:126]   --->   Operation 280 'zext' 'zext_ln126_48' <Predicate = (!icmp_ln118)> <Delay = 0.00>
ST_9 : Operation 281 [1/1] (0.00ns)   --->   "%x_addr_16 = getelementptr i8 %x, i64 0, i64 %zext_ln126_48" [Lenet_RTL_test/lenet_conv1_only.cpp:126]   --->   Operation 281 'getelementptr' 'x_addr_16' <Predicate = (!icmp_ln118)> <Delay = 0.00>
ST_9 : Operation 282 [1/2] (3.25ns)   --->   "%x_load_10 = load i10 %x_addr_10" [Lenet_RTL_test/lenet_conv1_only.cpp:126]   --->   Operation 282 'load' 'x_load_10' <Predicate = (!icmp_ln118)> <Delay = 3.25> <CoreInst = "RAM">   --->   Core 82 'RAM' <Latency = 1> <II = 1> <Delay = 3.25> <Storage> <Opcode : 'load' 'store'> <Ports = 2> <Width = 8> <Depth = 1024> <RAM>
ST_9 : Operation 283 [1/1] (0.00ns)   --->   "%zext_ln126_20 = zext i8 %x_load_10" [Lenet_RTL_test/lenet_conv1_only.cpp:126]   --->   Operation 283 'zext' 'zext_ln126_20' <Predicate = (!icmp_ln118)> <Delay = 0.00>
ST_9 : Operation 284 [1/2] (3.25ns)   --->   "%x_load_15 = load i10 %x_addr_15" [Lenet_RTL_test/lenet_conv1_only.cpp:126]   --->   Operation 284 'load' 'x_load_15' <Predicate = (!icmp_ln118)> <Delay = 3.25> <CoreInst = "RAM">   --->   Core 82 'RAM' <Latency = 1> <II = 1> <Delay = 3.25> <Storage> <Opcode : 'load' 'store'> <Ports = 2> <Width = 8> <Depth = 1024> <RAM>
ST_9 : Operation 285 [1/1] (0.00ns)   --->   "%zext_ln126_26 = zext i8 %x_load_15" [Lenet_RTL_test/lenet_conv1_only.cpp:126]   --->   Operation 285 'zext' 'zext_ln126_26' <Predicate = (!icmp_ln118)> <Delay = 0.00>
ST_9 : Operation 286 [2/2] (3.25ns)   --->   "%x_load_16 = load i10 %x_addr_16" [Lenet_RTL_test/lenet_conv1_only.cpp:126]   --->   Operation 286 'load' 'x_load_16' <Predicate = (!icmp_ln118)> <Delay = 3.25> <CoreInst = "RAM">   --->   Core 82 'RAM' <Latency = 1> <II = 1> <Delay = 3.25> <Storage> <Opcode : 'load' 'store'> <Ports = 2> <Width = 8> <Depth = 1024> <RAM>
ST_9 : Operation 287 [2/2] (3.25ns)   --->   "%x_load_20 = load i10 %x_addr_20" [Lenet_RTL_test/lenet_conv1_only.cpp:126]   --->   Operation 287 'load' 'x_load_20' <Predicate = (!icmp_ln118)> <Delay = 3.25> <CoreInst = "RAM">   --->   Core 82 'RAM' <Latency = 1> <II = 1> <Delay = 3.25> <Storage> <Opcode : 'load' 'store'> <Ports = 2> <Width = 8> <Depth = 1024> <RAM>
ST_9 : Operation 288 [2/3] (1.05ns) (grouped into DSP with root node add_ln85_13)   --->   "%mul_ln85_8 = mul i15 %zext_ln126, i15 %LENET_C1_W_0_0_0_load_cast_cast" [Lenet_RTL_test/lenet_conv1_only.cpp:85->Lenet_RTL_test/lenet_conv1_only.cpp:131]   --->   Operation 288 'mul' 'mul_ln85_8' <Predicate = (!icmp_ln118)> <Delay = 1.05> <CoreInst = "DSP48">   --->   Core 119 'DSP48' <Latency = 3> <II = 1> <Delay = 2.15> <IPBlock> <Opcode : '<invalid operator> ' 'mul' 'add' 'sub' 'select'> <InPorts = 0> <OutPorts = 1> <Sync> <CReg>
ST_9 : Operation 289 [3/3] (1.05ns) (grouped into DSP with root node add_ln85_19)   --->   "%mul_ln85_18 = mul i15 %zext_ln126_20, i15 %LENET_C1_W_0_2_0_load_cast_cast" [Lenet_RTL_test/lenet_conv1_only.cpp:85->Lenet_RTL_test/lenet_conv1_only.cpp:131]   --->   Operation 289 'mul' 'mul_ln85_18' <Predicate = (!icmp_ln118)> <Delay = 1.05> <CoreInst = "DSP48">   --->   Core 119 'DSP48' <Latency = 3> <II = 1> <Delay = 2.15> <IPBlock> <Opcode : '<invalid operator> ' 'mul' 'add' 'sub' 'select'> <InPorts = 0> <OutPorts = 1> <Sync> <CReg>
ST_9 : Operation 290 [3/3] (1.05ns) (grouped into DSP with root node add_ln85_8)   --->   "%mul_ln85_19 = mul i15 %zext_ln126_26, i15 %LENET_C1_W_0_3_0_load_cast_cast" [Lenet_RTL_test/lenet_conv1_only.cpp:85->Lenet_RTL_test/lenet_conv1_only.cpp:131]   --->   Operation 290 'mul' 'mul_ln85_19' <Predicate = (!icmp_ln118)> <Delay = 1.05> <CoreInst = "DSP48">   --->   Core 119 'DSP48' <Latency = 3> <II = 1> <Delay = 2.15> <IPBlock> <Opcode : '<invalid operator> ' 'mul' 'add' 'sub' 'select'> <InPorts = 0> <OutPorts = 1> <Sync> <CReg>
ST_9 : Operation 291 [1/2] (2.10ns) (root node of the DSP)   --->   "%add_ln85_2 = add i17 %sext_ln85_12, i17 %sext_ln85_8" [Lenet_RTL_test/lenet_conv1_only.cpp:85->Lenet_RTL_test/lenet_conv1_only.cpp:131]   --->   Operation 291 'add' 'add_ln85_2' <Predicate = (!icmp_ln118)> <Delay = 2.10> <CoreInst = "DSP48">   --->   Core 119 'DSP48' <Latency = 3> <II = 1> <Delay = 2.15> <IPBlock> <Opcode : '<invalid operator> ' 'mul' 'add' 'sub' 'select'> <InPorts = 0> <OutPorts = 1> <Sync> <CReg>
ST_9 : Operation 292 [1/2] (2.10ns) (root node of the DSP)   --->   "%add_ln85_33 = add i17 %sext_ln85_36, i17 %sext_ln85_41" [Lenet_RTL_test/lenet_conv1_only.cpp:85->Lenet_RTL_test/lenet_conv1_only.cpp:131]   --->   Operation 292 'add' 'add_ln85_33' <Predicate = (!icmp_ln118)> <Delay = 2.10> <CoreInst = "DSP48">   --->   Core 119 'DSP48' <Latency = 3> <II = 1> <Delay = 2.15> <IPBlock> <Opcode : '<invalid operator> ' 'mul' 'add' 'sub' 'select'> <InPorts = 0> <OutPorts = 1> <Sync> <CReg>
ST_9 : Operation 293 [1/1] (0.00ns)   --->   "%sext_ln85_62 = sext i18 %add_ln85_38" [Lenet_RTL_test/lenet_conv1_only.cpp:85->Lenet_RTL_test/lenet_conv1_only.cpp:131]   --->   Operation 293 'sext' 'sext_ln85_62' <Predicate = (!icmp_ln118)> <Delay = 0.00>
ST_9 : Operation 294 [1/2] (2.10ns) (root node of the DSP)   --->   "%add_ln85_40 = add i17 %zext_ln85_21, i17 %sext_ln85_47" [Lenet_RTL_test/lenet_conv1_only.cpp:85->Lenet_RTL_test/lenet_conv1_only.cpp:131]   --->   Operation 294 'add' 'add_ln85_40' <Predicate = (!icmp_ln118)> <Delay = 2.10> <CoreInst = "DSP48">   --->   Core 119 'DSP48' <Latency = 3> <II = 1> <Delay = 2.15> <IPBlock> <Opcode : '<invalid operator> ' 'mul' 'add' 'sub' 'select'> <InPorts = 0> <OutPorts = 1> <Sync> <CReg>
ST_9 : Operation 295 [1/1] (0.00ns)   --->   "%sext_ln85_63 = sext i17 %add_ln85_40" [Lenet_RTL_test/lenet_conv1_only.cpp:85->Lenet_RTL_test/lenet_conv1_only.cpp:131]   --->   Operation 295 'sext' 'sext_ln85_63' <Predicate = (!icmp_ln118)> <Delay = 0.00>
ST_9 : Operation 296 [1/1] (2.13ns)   --->   "%add_ln85_41 = add i19 %sext_ln85_63, i19 %sext_ln85_62" [Lenet_RTL_test/lenet_conv1_only.cpp:85->Lenet_RTL_test/lenet_conv1_only.cpp:131]   --->   Operation 296 'add' 'add_ln85_41' <Predicate = (!icmp_ln118)> <Delay = 2.13> <CoreInst = "Adder">   --->   Core 1 'Adder' <Latency = 0> <II = 1> <Delay = 2.16> <FuncUnit> <Opcode : 'add' 'sub'> <InPorts = 2> <OutPorts = 1>

State 10 <SV = 9> <Delay = 4.30>
ST_10 : Operation 297 [1/1] (0.00ns)   --->   "%tmp_16 = bitconcatenate i10 @_ssdm_op_BitConcatenate.i10.i5.i5, i5 %select_ln118_2, i5 %add_ln126" [Lenet_RTL_test/lenet_conv1_only.cpp:126]   --->   Operation 297 'bitconcatenate' 'tmp_16' <Predicate = (!icmp_ln118)> <Delay = 0.00>
ST_10 : Operation 298 [1/1] (0.00ns)   --->   "%zext_ln126_51 = zext i10 %tmp_16" [Lenet_RTL_test/lenet_conv1_only.cpp:126]   --->   Operation 298 'zext' 'zext_ln126_51' <Predicate = (!icmp_ln118)> <Delay = 0.00>
ST_10 : Operation 299 [1/1] (0.00ns)   --->   "%x_addr_7 = getelementptr i8 %x, i64 0, i64 %zext_ln126_51" [Lenet_RTL_test/lenet_conv1_only.cpp:126]   --->   Operation 299 'getelementptr' 'x_addr_7' <Predicate = (!icmp_ln118)> <Delay = 0.00>
ST_10 : Operation 300 [1/1] (0.00ns)   --->   "%tmp_26 = bitconcatenate i10 @_ssdm_op_BitConcatenate.i10.i5.i5, i5 %select_ln118_2, i5 %add_ln126_2" [Lenet_RTL_test/lenet_conv1_only.cpp:126]   --->   Operation 300 'bitconcatenate' 'tmp_26' <Predicate = (!icmp_ln118)> <Delay = 0.00>
ST_10 : Operation 301 [1/1] (0.00ns)   --->   "%zext_ln126_61 = zext i10 %tmp_26" [Lenet_RTL_test/lenet_conv1_only.cpp:126]   --->   Operation 301 'zext' 'zext_ln126_61' <Predicate = (!icmp_ln118)> <Delay = 0.00>
ST_10 : Operation 302 [1/1] (0.00ns)   --->   "%x_addr_9 = getelementptr i8 %x, i64 0, i64 %zext_ln126_61" [Lenet_RTL_test/lenet_conv1_only.cpp:126]   --->   Operation 302 'getelementptr' 'x_addr_9' <Predicate = (!icmp_ln118)> <Delay = 0.00>
ST_10 : Operation 303 [1/1] (0.00ns)   --->   "%zext_ln126_14 = zext i8 %x_load_6" [Lenet_RTL_test/lenet_conv1_only.cpp:126]   --->   Operation 303 'zext' 'zext_ln126_14' <Predicate = (!icmp_ln118)> <Delay = 0.00>
ST_10 : Operation 304 [2/2] (3.25ns)   --->   "%x_load_7 = load i10 %x_addr_7" [Lenet_RTL_test/lenet_conv1_only.cpp:126]   --->   Operation 304 'load' 'x_load_7' <Predicate = (!icmp_ln118)> <Delay = 3.25> <CoreInst = "RAM">   --->   Core 82 'RAM' <Latency = 1> <II = 1> <Delay = 3.25> <Storage> <Opcode : 'load' 'store'> <Ports = 2> <Width = 8> <Depth = 1024> <RAM>
ST_10 : Operation 305 [1/1] (0.00ns)   --->   "%zext_ln126_17 = zext i8 %x_load_8" [Lenet_RTL_test/lenet_conv1_only.cpp:126]   --->   Operation 305 'zext' 'zext_ln126_17' <Predicate = (!icmp_ln118)> <Delay = 0.00>
ST_10 : Operation 306 [2/2] (3.25ns)   --->   "%x_load_9 = load i10 %x_addr_9" [Lenet_RTL_test/lenet_conv1_only.cpp:126]   --->   Operation 306 'load' 'x_load_9' <Predicate = (!icmp_ln118)> <Delay = 3.25> <CoreInst = "RAM">   --->   Core 82 'RAM' <Latency = 1> <II = 1> <Delay = 3.25> <Storage> <Opcode : 'load' 'store'> <Ports = 2> <Width = 8> <Depth = 1024> <RAM>
ST_10 : Operation 307 [1/2] (3.25ns)   --->   "%x_load_16 = load i10 %x_addr_16" [Lenet_RTL_test/lenet_conv1_only.cpp:126]   --->   Operation 307 'load' 'x_load_16' <Predicate = (!icmp_ln118)> <Delay = 3.25> <CoreInst = "RAM">   --->   Core 82 'RAM' <Latency = 1> <II = 1> <Delay = 3.25> <Storage> <Opcode : 'load' 'store'> <Ports = 2> <Width = 8> <Depth = 1024> <RAM>
ST_10 : Operation 308 [1/2] (3.25ns)   --->   "%x_load_20 = load i10 %x_addr_20" [Lenet_RTL_test/lenet_conv1_only.cpp:126]   --->   Operation 308 'load' 'x_load_20' <Predicate = (!icmp_ln118)> <Delay = 3.25> <CoreInst = "RAM">   --->   Core 82 'RAM' <Latency = 1> <II = 1> <Delay = 3.25> <Storage> <Opcode : 'load' 'store'> <Ports = 2> <Width = 8> <Depth = 1024> <RAM>
ST_10 : Operation 309 [1/1] (0.00ns)   --->   "%zext_ln126_32 = zext i8 %x_load_20" [Lenet_RTL_test/lenet_conv1_only.cpp:126]   --->   Operation 309 'zext' 'zext_ln126_32' <Predicate = (!icmp_ln118)> <Delay = 0.00>
ST_10 : Operation 310 [3/3] (1.05ns) (grouped into DSP with root node add_ln85_3)   --->   "%mul_ln85 = mul i16 %zext_ln126_32, i16 %LENET_C1_W_0_4_0_load_cast_cast" [Lenet_RTL_test/lenet_conv1_only.cpp:85->Lenet_RTL_test/lenet_conv1_only.cpp:131]   --->   Operation 310 'mul' 'mul_ln85' <Predicate = (!icmp_ln118)> <Delay = 1.05> <CoreInst = "DSP48">   --->   Core 119 'DSP48' <Latency = 3> <II = 1> <Delay = 2.15> <IPBlock> <Opcode : '<invalid operator> ' 'mul' 'add' 'sub' 'select'> <InPorts = 0> <OutPorts = 1> <Sync> <CReg>
ST_10 : Operation 311 [3/3] (1.05ns) (grouped into DSP with root node add_ln85_17)   --->   "%mul_ln85_7 = mul i14 %zext_ln126_14, i14 %LENET_C1_W_0_1_1_load_cast_cast" [Lenet_RTL_test/lenet_conv1_only.cpp:85->Lenet_RTL_test/lenet_conv1_only.cpp:131]   --->   Operation 311 'mul' 'mul_ln85_7' <Predicate = (!icmp_ln118)> <Delay = 1.05> <CoreInst = "DSP48">   --->   Core 119 'DSP48' <Latency = 3> <II = 1> <Delay = 2.15> <IPBlock> <Opcode : '<invalid operator> ' 'mul' 'add' 'sub' 'select'> <InPorts = 0> <OutPorts = 1> <Sync> <CReg>
ST_10 : Operation 312 [1/3] (0.00ns) (grouped into DSP with root node add_ln85_13)   --->   "%mul_ln85_8 = mul i15 %zext_ln126, i15 %LENET_C1_W_0_0_0_load_cast_cast" [Lenet_RTL_test/lenet_conv1_only.cpp:85->Lenet_RTL_test/lenet_conv1_only.cpp:131]   --->   Operation 312 'mul' 'mul_ln85_8' <Predicate = (!icmp_ln118)> <Delay = 0.00> <CoreInst = "DSP48">   --->   Core 119 'DSP48' <Latency = 3> <II = 1> <Delay = 2.15> <IPBlock> <Opcode : '<invalid operator> ' 'mul' 'add' 'sub' 'select'> <InPorts = 0> <OutPorts = 1> <Sync> <CReg>
ST_10 : Operation 313 [1/1] (0.00ns) (grouped into DSP with root node add_ln85_13)   --->   "%zext_ln85_3 = zext i15 %mul_ln85_8" [Lenet_RTL_test/lenet_conv1_only.cpp:85->Lenet_RTL_test/lenet_conv1_only.cpp:131]   --->   Operation 313 'zext' 'zext_ln85_3' <Predicate = (!icmp_ln118)> <Delay = 0.00>
ST_10 : Operation 314 [2/3] (1.05ns) (grouped into DSP with root node add_ln85_19)   --->   "%mul_ln85_18 = mul i15 %zext_ln126_20, i15 %LENET_C1_W_0_2_0_load_cast_cast" [Lenet_RTL_test/lenet_conv1_only.cpp:85->Lenet_RTL_test/lenet_conv1_only.cpp:131]   --->   Operation 314 'mul' 'mul_ln85_18' <Predicate = (!icmp_ln118)> <Delay = 1.05> <CoreInst = "DSP48">   --->   Core 119 'DSP48' <Latency = 3> <II = 1> <Delay = 2.15> <IPBlock> <Opcode : '<invalid operator> ' 'mul' 'add' 'sub' 'select'> <InPorts = 0> <OutPorts = 1> <Sync> <CReg>
ST_10 : Operation 315 [2/3] (1.05ns) (grouped into DSP with root node add_ln85_8)   --->   "%mul_ln85_19 = mul i15 %zext_ln126_26, i15 %LENET_C1_W_0_3_0_load_cast_cast" [Lenet_RTL_test/lenet_conv1_only.cpp:85->Lenet_RTL_test/lenet_conv1_only.cpp:131]   --->   Operation 315 'mul' 'mul_ln85_19' <Predicate = (!icmp_ln118)> <Delay = 1.05> <CoreInst = "DSP48">   --->   Core 119 'DSP48' <Latency = 3> <II = 1> <Delay = 2.15> <IPBlock> <Opcode : '<invalid operator> ' 'mul' 'add' 'sub' 'select'> <InPorts = 0> <OutPorts = 1> <Sync> <CReg>
ST_10 : Operation 316 [1/1] (0.00ns)   --->   "%sext_ln85_25 = sext i17 %add_ln85_12" [Lenet_RTL_test/lenet_conv1_only.cpp:85->Lenet_RTL_test/lenet_conv1_only.cpp:131]   --->   Operation 316 'sext' 'sext_ln85_25' <Predicate = (!icmp_ln118)> <Delay = 0.00>
ST_10 : Operation 317 [2/2] (2.10ns) (root node of the DSP)   --->   "%add_ln85_13 = add i18 %sext_ln85_25, i18 %zext_ln85_3" [Lenet_RTL_test/lenet_conv1_only.cpp:85->Lenet_RTL_test/lenet_conv1_only.cpp:131]   --->   Operation 317 'add' 'add_ln85_13' <Predicate = (!icmp_ln118)> <Delay = 2.10> <CoreInst = "DSP48">   --->   Core 119 'DSP48' <Latency = 3> <II = 1> <Delay = 2.15> <IPBlock> <Opcode : '<invalid operator> ' 'mul' 'add' 'sub' 'select'> <InPorts = 0> <OutPorts = 1> <Sync> <CReg>
ST_10 : Operation 318 [3/3] (1.05ns) (grouped into DSP with root node add_ln85_42)   --->   "%mul_ln85_28 = mul i15 %zext_ln126_17, i15 %LENET_C1_W_0_1_2_load_cast_cast" [Lenet_RTL_test/lenet_conv1_only.cpp:85->Lenet_RTL_test/lenet_conv1_only.cpp:131]   --->   Operation 318 'mul' 'mul_ln85_28' <Predicate = (!icmp_ln118)> <Delay = 1.05> <CoreInst = "DSP48">   --->   Core 119 'DSP48' <Latency = 3> <II = 1> <Delay = 2.15> <IPBlock> <Opcode : '<invalid operator> ' 'mul' 'add' 'sub' 'select'> <InPorts = 0> <OutPorts = 1> <Sync> <CReg>

State 11 <SV = 10> <Delay = 6.27>
ST_11 : Operation 319 [1/1] (0.00ns)   --->   "%tmp_17 = bitconcatenate i10 @_ssdm_op_BitConcatenate.i10.i5.i5, i5 %add_ln118, i5 %add_ln126" [Lenet_RTL_test/lenet_conv1_only.cpp:126]   --->   Operation 319 'bitconcatenate' 'tmp_17' <Predicate = (!icmp_ln118)> <Delay = 0.00>
ST_11 : Operation 320 [1/1] (0.00ns)   --->   "%zext_ln126_52 = zext i10 %tmp_17" [Lenet_RTL_test/lenet_conv1_only.cpp:126]   --->   Operation 320 'zext' 'zext_ln126_52' <Predicate = (!icmp_ln118)> <Delay = 0.00>
ST_11 : Operation 321 [1/1] (0.00ns)   --->   "%x_addr_12 = getelementptr i8 %x, i64 0, i64 %zext_ln126_52" [Lenet_RTL_test/lenet_conv1_only.cpp:126]   --->   Operation 321 'getelementptr' 'x_addr_12' <Predicate = (!icmp_ln118)> <Delay = 0.00>
ST_11 : Operation 322 [1/1] (0.00ns)   --->   "%tmp_22 = bitconcatenate i10 @_ssdm_op_BitConcatenate.i10.i5.i5, i5 %add_ln118, i5 %add_ln126_1" [Lenet_RTL_test/lenet_conv1_only.cpp:126]   --->   Operation 322 'bitconcatenate' 'tmp_22' <Predicate = (!icmp_ln118)> <Delay = 0.00>
ST_11 : Operation 323 [1/1] (0.00ns)   --->   "%zext_ln126_57 = zext i10 %tmp_22" [Lenet_RTL_test/lenet_conv1_only.cpp:126]   --->   Operation 323 'zext' 'zext_ln126_57' <Predicate = (!icmp_ln118)> <Delay = 0.00>
ST_11 : Operation 324 [1/1] (0.00ns)   --->   "%x_addr_13 = getelementptr i8 %x, i64 0, i64 %zext_ln126_57" [Lenet_RTL_test/lenet_conv1_only.cpp:126]   --->   Operation 324 'getelementptr' 'x_addr_13' <Predicate = (!icmp_ln118)> <Delay = 0.00>
ST_11 : Operation 325 [1/1] (0.00ns)   --->   "%zext_ln126_12 = zext i8 %x_load_5" [Lenet_RTL_test/lenet_conv1_only.cpp:126]   --->   Operation 325 'zext' 'zext_ln126_12' <Predicate = (!icmp_ln118)> <Delay = 0.00>
ST_11 : Operation 326 [1/2] (3.25ns)   --->   "%x_load_7 = load i10 %x_addr_7" [Lenet_RTL_test/lenet_conv1_only.cpp:126]   --->   Operation 326 'load' 'x_load_7' <Predicate = (!icmp_ln118)> <Delay = 3.25> <CoreInst = "RAM">   --->   Core 82 'RAM' <Latency = 1> <II = 1> <Delay = 3.25> <Storage> <Opcode : 'load' 'store'> <Ports = 2> <Width = 8> <Depth = 1024> <RAM>
ST_11 : Operation 327 [1/1] (0.00ns)   --->   "%zext_ln126_15 = zext i8 %x_load_7" [Lenet_RTL_test/lenet_conv1_only.cpp:126]   --->   Operation 327 'zext' 'zext_ln126_15' <Predicate = (!icmp_ln118)> <Delay = 0.00>
ST_11 : Operation 328 [1/2] (3.25ns)   --->   "%x_load_9 = load i10 %x_addr_9" [Lenet_RTL_test/lenet_conv1_only.cpp:126]   --->   Operation 328 'load' 'x_load_9' <Predicate = (!icmp_ln118)> <Delay = 3.25> <CoreInst = "RAM">   --->   Core 82 'RAM' <Latency = 1> <II = 1> <Delay = 3.25> <Storage> <Opcode : 'load' 'store'> <Ports = 2> <Width = 8> <Depth = 1024> <RAM>
ST_11 : Operation 329 [1/1] (0.00ns)   --->   "%zext_ln126_21 = zext i8 %x_load_11" [Lenet_RTL_test/lenet_conv1_only.cpp:126]   --->   Operation 329 'zext' 'zext_ln126_21' <Predicate = (!icmp_ln118)> <Delay = 0.00>
ST_11 : Operation 330 [2/2] (3.25ns)   --->   "%x_load_12 = load i10 %x_addr_12" [Lenet_RTL_test/lenet_conv1_only.cpp:126]   --->   Operation 330 'load' 'x_load_12' <Predicate = (!icmp_ln118)> <Delay = 3.25> <CoreInst = "RAM">   --->   Core 82 'RAM' <Latency = 1> <II = 1> <Delay = 3.25> <Storage> <Opcode : 'load' 'store'> <Ports = 2> <Width = 8> <Depth = 1024> <RAM>
ST_11 : Operation 331 [2/2] (3.25ns)   --->   "%x_load_13 = load i10 %x_addr_13" [Lenet_RTL_test/lenet_conv1_only.cpp:126]   --->   Operation 331 'load' 'x_load_13' <Predicate = (!icmp_ln118)> <Delay = 3.25> <CoreInst = "RAM">   --->   Core 82 'RAM' <Latency = 1> <II = 1> <Delay = 3.25> <Storage> <Opcode : 'load' 'store'> <Ports = 2> <Width = 8> <Depth = 1024> <RAM>
ST_11 : Operation 332 [1/1] (0.00ns)   --->   "%zext_ln126_28 = zext i8 %x_load_16" [Lenet_RTL_test/lenet_conv1_only.cpp:126]   --->   Operation 332 'zext' 'zext_ln126_28' <Predicate = (!icmp_ln118)> <Delay = 0.00>
ST_11 : Operation 333 [2/3] (1.05ns) (grouped into DSP with root node add_ln85_3)   --->   "%mul_ln85 = mul i16 %zext_ln126_32, i16 %LENET_C1_W_0_4_0_load_cast_cast" [Lenet_RTL_test/lenet_conv1_only.cpp:85->Lenet_RTL_test/lenet_conv1_only.cpp:131]   --->   Operation 333 'mul' 'mul_ln85' <Predicate = (!icmp_ln118)> <Delay = 1.05> <CoreInst = "DSP48">   --->   Core 119 'DSP48' <Latency = 3> <II = 1> <Delay = 2.15> <IPBlock> <Opcode : '<invalid operator> ' 'mul' 'add' 'sub' 'select'> <InPorts = 0> <OutPorts = 1> <Sync> <CReg>
ST_11 : Operation 334 [1/1] (0.00ns)   --->   "%sext_ln85_3 = sext i16 %mul_ln85_4" [Lenet_RTL_test/lenet_conv1_only.cpp:85->Lenet_RTL_test/lenet_conv1_only.cpp:131]   --->   Operation 334 'sext' 'sext_ln85_3' <Predicate = (!icmp_ln118)> <Delay = 0.00>
ST_11 : Operation 335 [2/3] (1.05ns) (grouped into DSP with root node add_ln85_17)   --->   "%mul_ln85_7 = mul i14 %zext_ln126_14, i14 %LENET_C1_W_0_1_1_load_cast_cast" [Lenet_RTL_test/lenet_conv1_only.cpp:85->Lenet_RTL_test/lenet_conv1_only.cpp:131]   --->   Operation 335 'mul' 'mul_ln85_7' <Predicate = (!icmp_ln118)> <Delay = 1.05> <CoreInst = "DSP48">   --->   Core 119 'DSP48' <Latency = 3> <II = 1> <Delay = 2.15> <IPBlock> <Opcode : '<invalid operator> ' 'mul' 'add' 'sub' 'select'> <InPorts = 0> <OutPorts = 1> <Sync> <CReg>
ST_11 : Operation 336 [3/3] (1.05ns) (grouped into DSP with root node add_ln85_5)   --->   "%mul_ln85_11 = mul i15 %zext_ln126_21, i15 %LENET_C1_W_0_2_1_load_cast_cast" [Lenet_RTL_test/lenet_conv1_only.cpp:85->Lenet_RTL_test/lenet_conv1_only.cpp:131]   --->   Operation 336 'mul' 'mul_ln85_11' <Predicate = (!icmp_ln118)> <Delay = 1.05> <CoreInst = "DSP48">   --->   Core 119 'DSP48' <Latency = 3> <II = 1> <Delay = 2.15> <IPBlock> <Opcode : '<invalid operator> ' 'mul' 'add' 'sub' 'select'> <InPorts = 0> <OutPorts = 1> <Sync> <CReg>
ST_11 : Operation 337 [3/3] (1.05ns) (grouped into DSP with root node add_ln85_18)   --->   "%mul_ln85_12 = mul i15 %zext_ln126_12, i15 %LENET_C1_W_0_1_0_load_cast_cast" [Lenet_RTL_test/lenet_conv1_only.cpp:85->Lenet_RTL_test/lenet_conv1_only.cpp:131]   --->   Operation 337 'mul' 'mul_ln85_12' <Predicate = (!icmp_ln118)> <Delay = 1.05> <CoreInst = "DSP48">   --->   Core 119 'DSP48' <Latency = 3> <II = 1> <Delay = 2.15> <IPBlock> <Opcode : '<invalid operator> ' 'mul' 'add' 'sub' 'select'> <InPorts = 0> <OutPorts = 1> <Sync> <CReg>
ST_11 : Operation 338 [1/3] (0.00ns) (grouped into DSP with root node add_ln85_19)   --->   "%mul_ln85_18 = mul i15 %zext_ln126_20, i15 %LENET_C1_W_0_2_0_load_cast_cast" [Lenet_RTL_test/lenet_conv1_only.cpp:85->Lenet_RTL_test/lenet_conv1_only.cpp:131]   --->   Operation 338 'mul' 'mul_ln85_18' <Predicate = (!icmp_ln118)> <Delay = 0.00> <CoreInst = "DSP48">   --->   Core 119 'DSP48' <Latency = 3> <II = 1> <Delay = 2.15> <IPBlock> <Opcode : '<invalid operator> ' 'mul' 'add' 'sub' 'select'> <InPorts = 0> <OutPorts = 1> <Sync> <CReg>
ST_11 : Operation 339 [1/1] (0.00ns) (grouped into DSP with root node add_ln85_19)   --->   "%zext_ln85_8 = zext i15 %mul_ln85_18" [Lenet_RTL_test/lenet_conv1_only.cpp:85->Lenet_RTL_test/lenet_conv1_only.cpp:131]   --->   Operation 339 'zext' 'zext_ln85_8' <Predicate = (!icmp_ln118)> <Delay = 0.00>
ST_11 : Operation 340 [1/3] (0.00ns) (grouped into DSP with root node add_ln85_8)   --->   "%mul_ln85_19 = mul i15 %zext_ln126_26, i15 %LENET_C1_W_0_3_0_load_cast_cast" [Lenet_RTL_test/lenet_conv1_only.cpp:85->Lenet_RTL_test/lenet_conv1_only.cpp:131]   --->   Operation 340 'mul' 'mul_ln85_19' <Predicate = (!icmp_ln118)> <Delay = 0.00> <CoreInst = "DSP48">   --->   Core 119 'DSP48' <Latency = 3> <II = 1> <Delay = 2.15> <IPBlock> <Opcode : '<invalid operator> ' 'mul' 'add' 'sub' 'select'> <InPorts = 0> <OutPorts = 1> <Sync> <CReg>
ST_11 : Operation 341 [1/1] (0.00ns) (grouped into DSP with root node add_ln85_8)   --->   "%zext_ln85_9 = zext i15 %mul_ln85_19" [Lenet_RTL_test/lenet_conv1_only.cpp:85->Lenet_RTL_test/lenet_conv1_only.cpp:131]   --->   Operation 341 'zext' 'zext_ln85_9' <Predicate = (!icmp_ln118)> <Delay = 0.00>
ST_11 : Operation 342 [1/1] (4.17ns)   --->   "%mul_ln85_20 = mul i16 %zext_ln126_28, i16 %LENET_C1_W_0_3_1_load_cast_cast" [Lenet_RTL_test/lenet_conv1_only.cpp:85->Lenet_RTL_test/lenet_conv1_only.cpp:131]   --->   Operation 342 'mul' 'mul_ln85_20' <Predicate = (!icmp_ln118)> <Delay = 4.17> <CoreInst = "Multiplier">   --->   Core 3 'Multiplier' <Latency = 0> <II = 1> <Delay = 4.17> <FuncUnit> <Opcode : 'mul'> <InPorts = 2> <OutPorts = 1>
ST_11 : Operation 343 [1/1] (0.00ns)   --->   "%sext_ln85_9 = sext i16 %mul_ln85_20" [Lenet_RTL_test/lenet_conv1_only.cpp:85->Lenet_RTL_test/lenet_conv1_only.cpp:131]   --->   Operation 343 'sext' 'sext_ln85_9' <Predicate = (!icmp_ln118)> <Delay = 0.00>
ST_11 : Operation 344 [2/2] (2.10ns) (root node of the DSP)   --->   "%add_ln85_8 = add i17 %sext_ln85_9, i17 %zext_ln85_9" [Lenet_RTL_test/lenet_conv1_only.cpp:85->Lenet_RTL_test/lenet_conv1_only.cpp:131]   --->   Operation 344 'add' 'add_ln85_8' <Predicate = (!icmp_ln118)> <Delay = 2.10> <CoreInst = "DSP48">   --->   Core 119 'DSP48' <Latency = 3> <II = 1> <Delay = 2.15> <IPBlock> <Opcode : '<invalid operator> ' 'mul' 'add' 'sub' 'select'> <InPorts = 0> <OutPorts = 1> <Sync> <CReg>
ST_11 : Operation 345 [1/2] (2.10ns) (root node of the DSP)   --->   "%add_ln85_13 = add i18 %sext_ln85_25, i18 %zext_ln85_3" [Lenet_RTL_test/lenet_conv1_only.cpp:85->Lenet_RTL_test/lenet_conv1_only.cpp:131]   --->   Operation 345 'add' 'add_ln85_13' <Predicate = (!icmp_ln118)> <Delay = 2.10> <CoreInst = "DSP48">   --->   Core 119 'DSP48' <Latency = 3> <II = 1> <Delay = 2.15> <IPBlock> <Opcode : '<invalid operator> ' 'mul' 'add' 'sub' 'select'> <InPorts = 0> <OutPorts = 1> <Sync> <CReg>
ST_11 : Operation 346 [1/1] (0.00ns)   --->   "%sext_ln85_26 = sext i18 %add_ln85_13" [Lenet_RTL_test/lenet_conv1_only.cpp:85->Lenet_RTL_test/lenet_conv1_only.cpp:131]   --->   Operation 346 'sext' 'sext_ln85_26' <Predicate = (!icmp_ln118)> <Delay = 0.00>
ST_11 : Operation 347 [1/1] (0.00ns)   --->   "%sext_ln85_28 = sext i18 %add_ln85_15" [Lenet_RTL_test/lenet_conv1_only.cpp:85->Lenet_RTL_test/lenet_conv1_only.cpp:131]   --->   Operation 347 'sext' 'sext_ln85_28' <Predicate = (!icmp_ln118)> <Delay = 0.00>
ST_11 : Operation 348 [1/1] (2.13ns)   --->   "%add_ln85_16 = add i19 %sext_ln85_28, i19 %sext_ln85_26" [Lenet_RTL_test/lenet_conv1_only.cpp:85->Lenet_RTL_test/lenet_conv1_only.cpp:131]   --->   Operation 348 'add' 'add_ln85_16' <Predicate = (!icmp_ln118)> <Delay = 2.13> <CoreInst = "Adder">   --->   Core 1 'Adder' <Latency = 0> <II = 1> <Delay = 2.16> <FuncUnit> <Opcode : 'add' 'sub'> <InPorts = 2> <OutPorts = 1>
ST_11 : Operation 349 [2/2] (2.10ns) (root node of the DSP)   --->   "%add_ln85_19 = add i17 %sext_ln85_3, i17 %zext_ln85_8" [Lenet_RTL_test/lenet_conv1_only.cpp:85->Lenet_RTL_test/lenet_conv1_only.cpp:131]   --->   Operation 349 'add' 'add_ln85_19' <Predicate = (!icmp_ln118)> <Delay = 2.10> <CoreInst = "DSP48">   --->   Core 119 'DSP48' <Latency = 3> <II = 1> <Delay = 2.15> <IPBlock> <Opcode : '<invalid operator> ' 'mul' 'add' 'sub' 'select'> <InPorts = 0> <OutPorts = 1> <Sync> <CReg>
ST_11 : Operation 350 [2/3] (1.05ns) (grouped into DSP with root node add_ln85_42)   --->   "%mul_ln85_28 = mul i15 %zext_ln126_17, i15 %LENET_C1_W_0_1_2_load_cast_cast" [Lenet_RTL_test/lenet_conv1_only.cpp:85->Lenet_RTL_test/lenet_conv1_only.cpp:131]   --->   Operation 350 'mul' 'mul_ln85_28' <Predicate = (!icmp_ln118)> <Delay = 1.05> <CoreInst = "DSP48">   --->   Core 119 'DSP48' <Latency = 3> <II = 1> <Delay = 2.15> <IPBlock> <Opcode : '<invalid operator> ' 'mul' 'add' 'sub' 'select'> <InPorts = 0> <OutPorts = 1> <Sync> <CReg>
ST_11 : Operation 351 [3/3] (1.05ns) (grouped into DSP with root node add_ln85_43)   --->   "%mul_ln85_32 = mul i14 %zext_ln126_15, i14 %LENET_C1_W_0_1_1_load_cast_cast" [Lenet_RTL_test/lenet_conv1_only.cpp:85->Lenet_RTL_test/lenet_conv1_only.cpp:131]   --->   Operation 351 'mul' 'mul_ln85_32' <Predicate = (!icmp_ln118)> <Delay = 1.05> <CoreInst = "DSP48">   --->   Core 119 'DSP48' <Latency = 3> <II = 1> <Delay = 2.15> <IPBlock> <Opcode : '<invalid operator> ' 'mul' 'add' 'sub' 'select'> <InPorts = 0> <OutPorts = 1> <Sync> <CReg>

State 12 <SV = 11> <Delay = 6.27>
ST_12 : Operation 352 [1/1] (0.00ns)   --->   "%tmp_23 = bitconcatenate i10 @_ssdm_op_BitConcatenate.i10.i5.i5, i5 %add_ln118_1, i5 %add_ln126_1" [Lenet_RTL_test/lenet_conv1_only.cpp:126]   --->   Operation 352 'bitconcatenate' 'tmp_23' <Predicate = (!icmp_ln118)> <Delay = 0.00>
ST_12 : Operation 353 [1/1] (0.00ns)   --->   "%zext_ln126_58 = zext i10 %tmp_23" [Lenet_RTL_test/lenet_conv1_only.cpp:126]   --->   Operation 353 'zext' 'zext_ln126_58' <Predicate = (!icmp_ln118)> <Delay = 0.00>
ST_12 : Operation 354 [1/1] (0.00ns)   --->   "%x_addr_18 = getelementptr i8 %x, i64 0, i64 %zext_ln126_58" [Lenet_RTL_test/lenet_conv1_only.cpp:126]   --->   Operation 354 'getelementptr' 'x_addr_18' <Predicate = (!icmp_ln118)> <Delay = 0.00>
ST_12 : Operation 355 [1/1] (0.00ns)   --->   "%tmp_27 = bitconcatenate i10 @_ssdm_op_BitConcatenate.i10.i5.i5, i5 %add_ln118, i5 %add_ln126_2" [Lenet_RTL_test/lenet_conv1_only.cpp:126]   --->   Operation 355 'bitconcatenate' 'tmp_27' <Predicate = (!icmp_ln118)> <Delay = 0.00>
ST_12 : Operation 356 [1/1] (0.00ns)   --->   "%zext_ln126_62 = zext i10 %tmp_27" [Lenet_RTL_test/lenet_conv1_only.cpp:126]   --->   Operation 356 'zext' 'zext_ln126_62' <Predicate = (!icmp_ln118)> <Delay = 0.00>
ST_12 : Operation 357 [1/1] (0.00ns)   --->   "%x_addr_14 = getelementptr i8 %x, i64 0, i64 %zext_ln126_62" [Lenet_RTL_test/lenet_conv1_only.cpp:126]   --->   Operation 357 'getelementptr' 'x_addr_14' <Predicate = (!icmp_ln118)> <Delay = 0.00>
ST_12 : Operation 358 [1/1] (0.00ns)   --->   "%zext_ln126_16 = zext i8 %x_load_7" [Lenet_RTL_test/lenet_conv1_only.cpp:126]   --->   Operation 358 'zext' 'zext_ln126_16' <Predicate = (!icmp_ln118)> <Delay = 0.00>
ST_12 : Operation 359 [1/1] (0.00ns)   --->   "%zext_ln126_19 = zext i8 %x_load_9" [Lenet_RTL_test/lenet_conv1_only.cpp:126]   --->   Operation 359 'zext' 'zext_ln126_19' <Predicate = (!icmp_ln118)> <Delay = 0.00>
ST_12 : Operation 360 [1/2] (3.25ns)   --->   "%x_load_12 = load i10 %x_addr_12" [Lenet_RTL_test/lenet_conv1_only.cpp:126]   --->   Operation 360 'load' 'x_load_12' <Predicate = (!icmp_ln118)> <Delay = 3.25> <CoreInst = "RAM">   --->   Core 82 'RAM' <Latency = 1> <II = 1> <Delay = 3.25> <Storage> <Opcode : 'load' 'store'> <Ports = 2> <Width = 8> <Depth = 1024> <RAM>
ST_12 : Operation 361 [1/2] (3.25ns)   --->   "%x_load_13 = load i10 %x_addr_13" [Lenet_RTL_test/lenet_conv1_only.cpp:126]   --->   Operation 361 'load' 'x_load_13' <Predicate = (!icmp_ln118)> <Delay = 3.25> <CoreInst = "RAM">   --->   Core 82 'RAM' <Latency = 1> <II = 1> <Delay = 3.25> <Storage> <Opcode : 'load' 'store'> <Ports = 2> <Width = 8> <Depth = 1024> <RAM>
ST_12 : Operation 362 [2/2] (3.25ns)   --->   "%x_load_14 = load i10 %x_addr_14" [Lenet_RTL_test/lenet_conv1_only.cpp:126]   --->   Operation 362 'load' 'x_load_14' <Predicate = (!icmp_ln118)> <Delay = 3.25> <CoreInst = "RAM">   --->   Core 82 'RAM' <Latency = 1> <II = 1> <Delay = 3.25> <Storage> <Opcode : 'load' 'store'> <Ports = 2> <Width = 8> <Depth = 1024> <RAM>
ST_12 : Operation 363 [2/2] (3.25ns)   --->   "%x_load_18 = load i10 %x_addr_18" [Lenet_RTL_test/lenet_conv1_only.cpp:126]   --->   Operation 363 'load' 'x_load_18' <Predicate = (!icmp_ln118)> <Delay = 3.25> <CoreInst = "RAM">   --->   Core 82 'RAM' <Latency = 1> <II = 1> <Delay = 3.25> <Storage> <Opcode : 'load' 'store'> <Ports = 2> <Width = 8> <Depth = 1024> <RAM>
ST_12 : Operation 364 [1/1] (0.00ns)   --->   "%zext_ln85 = zext i8 %x_load_24" [Lenet_RTL_test/lenet_conv1_only.cpp:85->Lenet_RTL_test/lenet_conv1_only.cpp:131]   --->   Operation 364 'zext' 'zext_ln85' <Predicate = (!icmp_ln118)> <Delay = 0.00>
ST_12 : Operation 365 [1/3] (0.00ns) (grouped into DSP with root node add_ln85_3)   --->   "%mul_ln85 = mul i16 %zext_ln126_32, i16 %LENET_C1_W_0_4_0_load_cast_cast" [Lenet_RTL_test/lenet_conv1_only.cpp:85->Lenet_RTL_test/lenet_conv1_only.cpp:131]   --->   Operation 365 'mul' 'mul_ln85' <Predicate = (!icmp_ln118)> <Delay = 0.00> <CoreInst = "DSP48">   --->   Core 119 'DSP48' <Latency = 3> <II = 1> <Delay = 2.15> <IPBlock> <Opcode : '<invalid operator> ' 'mul' 'add' 'sub' 'select'> <InPorts = 0> <OutPorts = 1> <Sync> <CReg>
ST_12 : Operation 366 [1/1] (0.00ns) (grouped into DSP with root node add_ln85_3)   --->   "%sext_ln85 = sext i16 %mul_ln85" [Lenet_RTL_test/lenet_conv1_only.cpp:85->Lenet_RTL_test/lenet_conv1_only.cpp:131]   --->   Operation 366 'sext' 'sext_ln85' <Predicate = (!icmp_ln118)> <Delay = 0.00>
ST_12 : Operation 367 [1/1] (4.17ns)   --->   "%mul_ln85_3 = mul i15 %zext_ln126_16, i15 %LENET_C1_W_0_1_2_load_cast_cast" [Lenet_RTL_test/lenet_conv1_only.cpp:85->Lenet_RTL_test/lenet_conv1_only.cpp:131]   --->   Operation 367 'mul' 'mul_ln85_3' <Predicate = (!icmp_ln118)> <Delay = 4.17> <CoreInst = "Multiplier">   --->   Core 3 'Multiplier' <Latency = 0> <II = 1> <Delay = 4.17> <FuncUnit> <Opcode : 'mul'> <InPorts = 2> <OutPorts = 1>
ST_12 : Operation 368 [1/1] (0.00ns)   --->   "%zext_ln85_1 = zext i15 %mul_ln85_3" [Lenet_RTL_test/lenet_conv1_only.cpp:85->Lenet_RTL_test/lenet_conv1_only.cpp:131]   --->   Operation 368 'zext' 'zext_ln85_1' <Predicate = (!icmp_ln118)> <Delay = 0.00>
ST_12 : Operation 369 [1/3] (0.00ns) (grouped into DSP with root node add_ln85_17)   --->   "%mul_ln85_7 = mul i14 %zext_ln126_14, i14 %LENET_C1_W_0_1_1_load_cast_cast" [Lenet_RTL_test/lenet_conv1_only.cpp:85->Lenet_RTL_test/lenet_conv1_only.cpp:131]   --->   Operation 369 'mul' 'mul_ln85_7' <Predicate = (!icmp_ln118)> <Delay = 0.00> <CoreInst = "DSP48">   --->   Core 119 'DSP48' <Latency = 3> <II = 1> <Delay = 2.15> <IPBlock> <Opcode : '<invalid operator> ' 'mul' 'add' 'sub' 'select'> <InPorts = 0> <OutPorts = 1> <Sync> <CReg>
ST_12 : Operation 370 [1/1] (0.00ns) (grouped into DSP with root node add_ln85_17)   --->   "%zext_ln85_2 = zext i14 %mul_ln85_7" [Lenet_RTL_test/lenet_conv1_only.cpp:85->Lenet_RTL_test/lenet_conv1_only.cpp:131]   --->   Operation 370 'zext' 'zext_ln85_2' <Predicate = (!icmp_ln118)> <Delay = 0.00>
ST_12 : Operation 371 [2/3] (1.05ns) (grouped into DSP with root node add_ln85_5)   --->   "%mul_ln85_11 = mul i15 %zext_ln126_21, i15 %LENET_C1_W_0_2_1_load_cast_cast" [Lenet_RTL_test/lenet_conv1_only.cpp:85->Lenet_RTL_test/lenet_conv1_only.cpp:131]   --->   Operation 371 'mul' 'mul_ln85_11' <Predicate = (!icmp_ln118)> <Delay = 1.05> <CoreInst = "DSP48">   --->   Core 119 'DSP48' <Latency = 3> <II = 1> <Delay = 2.15> <IPBlock> <Opcode : '<invalid operator> ' 'mul' 'add' 'sub' 'select'> <InPorts = 0> <OutPorts = 1> <Sync> <CReg>
ST_12 : Operation 372 [2/3] (1.05ns) (grouped into DSP with root node add_ln85_18)   --->   "%mul_ln85_12 = mul i15 %zext_ln126_12, i15 %LENET_C1_W_0_1_0_load_cast_cast" [Lenet_RTL_test/lenet_conv1_only.cpp:85->Lenet_RTL_test/lenet_conv1_only.cpp:131]   --->   Operation 372 'mul' 'mul_ln85_12' <Predicate = (!icmp_ln118)> <Delay = 1.05> <CoreInst = "DSP48">   --->   Core 119 'DSP48' <Latency = 3> <II = 1> <Delay = 2.15> <IPBlock> <Opcode : '<invalid operator> ' 'mul' 'add' 'sub' 'select'> <InPorts = 0> <OutPorts = 1> <Sync> <CReg>
ST_12 : Operation 373 [3/3] (1.05ns) (grouped into DSP with root node add_ln85_20)   --->   "%mul_ln85_24 = mul i16 %zext_ln85, i16 %sext_ln118_cast" [Lenet_RTL_test/lenet_conv1_only.cpp:85->Lenet_RTL_test/lenet_conv1_only.cpp:131]   --->   Operation 373 'mul' 'mul_ln85_24' <Predicate = (!icmp_ln118)> <Delay = 1.05> <CoreInst = "DSP48">   --->   Core 119 'DSP48' <Latency = 3> <II = 1> <Delay = 2.15> <IPBlock> <Opcode : '<invalid operator> ' 'mul' 'add' 'sub' 'select'> <InPorts = 0> <OutPorts = 1> <Sync> <CReg>
ST_12 : Operation 374 [1/1] (0.00ns)   --->   "%sext_ln85_16 = sext i17 %add_ln85_2" [Lenet_RTL_test/lenet_conv1_only.cpp:85->Lenet_RTL_test/lenet_conv1_only.cpp:131]   --->   Operation 374 'sext' 'sext_ln85_16' <Predicate = (!icmp_ln118)> <Delay = 0.00>
ST_12 : Operation 375 [2/2] (2.10ns) (root node of the DSP)   --->   "%add_ln85_3 = add i18 %sext_ln85_16, i18 %sext_ln85" [Lenet_RTL_test/lenet_conv1_only.cpp:85->Lenet_RTL_test/lenet_conv1_only.cpp:131]   --->   Operation 375 'add' 'add_ln85_3' <Predicate = (!icmp_ln118)> <Delay = 2.10> <CoreInst = "DSP48">   --->   Core 119 'DSP48' <Latency = 3> <II = 1> <Delay = 2.15> <IPBlock> <Opcode : '<invalid operator> ' 'mul' 'add' 'sub' 'select'> <InPorts = 0> <OutPorts = 1> <Sync> <CReg>
ST_12 : Operation 376 [1/2] (2.10ns) (root node of the DSP)   --->   "%add_ln85_8 = add i17 %sext_ln85_9, i17 %zext_ln85_9" [Lenet_RTL_test/lenet_conv1_only.cpp:85->Lenet_RTL_test/lenet_conv1_only.cpp:131]   --->   Operation 376 'add' 'add_ln85_8' <Predicate = (!icmp_ln118)> <Delay = 2.10> <CoreInst = "DSP48">   --->   Core 119 'DSP48' <Latency = 3> <II = 1> <Delay = 2.15> <IPBlock> <Opcode : '<invalid operator> ' 'mul' 'add' 'sub' 'select'> <InPorts = 0> <OutPorts = 1> <Sync> <CReg>
ST_12 : Operation 377 [2/2] (2.10ns) (root node of the DSP)   --->   "%add_ln85_17 = add i16 %zext_ln85_1, i16 %zext_ln85_2" [Lenet_RTL_test/lenet_conv1_only.cpp:85->Lenet_RTL_test/lenet_conv1_only.cpp:131]   --->   Operation 377 'add' 'add_ln85_17' <Predicate = (!icmp_ln118)> <Delay = 2.10> <CoreInst = "DSP48">   --->   Core 119 'DSP48' <Latency = 3> <II = 1> <Delay = 2.15> <IPBlock> <Opcode : '<invalid operator> ' 'mul' 'add' 'sub' 'select'> <InPorts = 0> <OutPorts = 1> <Sync> <CReg>
ST_12 : Operation 378 [1/2] (2.10ns) (root node of the DSP)   --->   "%add_ln85_19 = add i17 %sext_ln85_3, i17 %zext_ln85_8" [Lenet_RTL_test/lenet_conv1_only.cpp:85->Lenet_RTL_test/lenet_conv1_only.cpp:131]   --->   Operation 378 'add' 'add_ln85_19' <Predicate = (!icmp_ln118)> <Delay = 2.10> <CoreInst = "DSP48">   --->   Core 119 'DSP48' <Latency = 3> <II = 1> <Delay = 2.15> <IPBlock> <Opcode : '<invalid operator> ' 'mul' 'add' 'sub' 'select'> <InPorts = 0> <OutPorts = 1> <Sync> <CReg>
ST_12 : Operation 379 [1/3] (0.00ns) (grouped into DSP with root node add_ln85_42)   --->   "%mul_ln85_28 = mul i15 %zext_ln126_17, i15 %LENET_C1_W_0_1_2_load_cast_cast" [Lenet_RTL_test/lenet_conv1_only.cpp:85->Lenet_RTL_test/lenet_conv1_only.cpp:131]   --->   Operation 379 'mul' 'mul_ln85_28' <Predicate = (!icmp_ln118)> <Delay = 0.00> <CoreInst = "DSP48">   --->   Core 119 'DSP48' <Latency = 3> <II = 1> <Delay = 2.15> <IPBlock> <Opcode : '<invalid operator> ' 'mul' 'add' 'sub' 'select'> <InPorts = 0> <OutPorts = 1> <Sync> <CReg>
ST_12 : Operation 380 [1/1] (0.00ns) (grouped into DSP with root node add_ln85_42)   --->   "%zext_ln85_12 = zext i15 %mul_ln85_28" [Lenet_RTL_test/lenet_conv1_only.cpp:85->Lenet_RTL_test/lenet_conv1_only.cpp:131]   --->   Operation 380 'zext' 'zext_ln85_12' <Predicate = (!icmp_ln118)> <Delay = 0.00>
ST_12 : Operation 381 [1/1] (4.17ns)   --->   "%mul_ln85_29 = mul i16 %zext_ln126_19, i16 %LENET_C1_W_0_1_3_load_cast_cast" [Lenet_RTL_test/lenet_conv1_only.cpp:85->Lenet_RTL_test/lenet_conv1_only.cpp:131]   --->   Operation 381 'mul' 'mul_ln85_29' <Predicate = (!icmp_ln118)> <Delay = 4.17> <CoreInst = "Multiplier">   --->   Core 3 'Multiplier' <Latency = 0> <II = 1> <Delay = 4.17> <FuncUnit> <Opcode : 'mul'> <InPorts = 2> <OutPorts = 1>
ST_12 : Operation 382 [1/1] (0.00ns)   --->   "%sext_ln85_39 = sext i16 %mul_ln85_29" [Lenet_RTL_test/lenet_conv1_only.cpp:85->Lenet_RTL_test/lenet_conv1_only.cpp:131]   --->   Operation 382 'sext' 'sext_ln85_39' <Predicate = (!icmp_ln118)> <Delay = 0.00>
ST_12 : Operation 383 [2/3] (1.05ns) (grouped into DSP with root node add_ln85_43)   --->   "%mul_ln85_32 = mul i14 %zext_ln126_15, i14 %LENET_C1_W_0_1_1_load_cast_cast" [Lenet_RTL_test/lenet_conv1_only.cpp:85->Lenet_RTL_test/lenet_conv1_only.cpp:131]   --->   Operation 383 'mul' 'mul_ln85_32' <Predicate = (!icmp_ln118)> <Delay = 1.05> <CoreInst = "DSP48">   --->   Core 119 'DSP48' <Latency = 3> <II = 1> <Delay = 2.15> <IPBlock> <Opcode : '<invalid operator> ' 'mul' 'add' 'sub' 'select'> <InPorts = 0> <OutPorts = 1> <Sync> <CReg>
ST_12 : Operation 384 [3/3] (1.05ns) (grouped into DSP with root node add_ln85_30)   --->   "%mul_ln85_45 = mul i16 %zext_ln126_29, i16 %LENET_C1_W_0_3_1_load_cast_cast" [Lenet_RTL_test/lenet_conv1_only.cpp:85->Lenet_RTL_test/lenet_conv1_only.cpp:131]   --->   Operation 384 'mul' 'mul_ln85_45' <Predicate = (!icmp_ln118)> <Delay = 1.05> <CoreInst = "DSP48">   --->   Core 119 'DSP48' <Latency = 3> <II = 1> <Delay = 2.15> <IPBlock> <Opcode : '<invalid operator> ' 'mul' 'add' 'sub' 'select'> <InPorts = 0> <OutPorts = 1> <Sync> <CReg>
ST_12 : Operation 385 [2/2] (2.10ns) (root node of the DSP)   --->   "%add_ln85_42 = add i17 %sext_ln85_39, i17 %zext_ln85_12" [Lenet_RTL_test/lenet_conv1_only.cpp:85->Lenet_RTL_test/lenet_conv1_only.cpp:131]   --->   Operation 385 'add' 'add_ln85_42' <Predicate = (!icmp_ln118)> <Delay = 2.10> <CoreInst = "DSP48">   --->   Core 119 'DSP48' <Latency = 3> <II = 1> <Delay = 2.15> <IPBlock> <Opcode : '<invalid operator> ' 'mul' 'add' 'sub' 'select'> <InPorts = 0> <OutPorts = 1> <Sync> <CReg>

State 13 <SV = 12> <Delay = 6.27>
ST_13 : Operation 386 [1/1] (0.00ns)   --->   "%tmp_19 = bitconcatenate i10 @_ssdm_op_BitConcatenate.i10.i5.i5, i5 %add_ln118_2, i5 %add_ln126" [Lenet_RTL_test/lenet_conv1_only.cpp:126]   --->   Operation 386 'bitconcatenate' 'tmp_19' <Predicate = (!icmp_ln118)> <Delay = 0.00>
ST_13 : Operation 387 [1/1] (0.00ns)   --->   "%zext_ln126_54 = zext i10 %tmp_19" [Lenet_RTL_test/lenet_conv1_only.cpp:126]   --->   Operation 387 'zext' 'zext_ln126_54' <Predicate = (!icmp_ln118)> <Delay = 0.00>
ST_13 : Operation 388 [1/1] (0.00ns)   --->   "%x_addr_22 = getelementptr i8 %x, i64 0, i64 %zext_ln126_54" [Lenet_RTL_test/lenet_conv1_only.cpp:126]   --->   Operation 388 'getelementptr' 'x_addr_22' <Predicate = (!icmp_ln118)> <Delay = 0.00>
ST_13 : Operation 389 [1/1] (0.00ns)   --->   "%tmp_24 = bitconcatenate i10 @_ssdm_op_BitConcatenate.i10.i5.i5, i5 %add_ln118_2, i5 %add_ln126_1" [Lenet_RTL_test/lenet_conv1_only.cpp:126]   --->   Operation 389 'bitconcatenate' 'tmp_24' <Predicate = (!icmp_ln118)> <Delay = 0.00>
ST_13 : Operation 390 [1/1] (0.00ns)   --->   "%zext_ln126_59 = zext i10 %tmp_24" [Lenet_RTL_test/lenet_conv1_only.cpp:126]   --->   Operation 390 'zext' 'zext_ln126_59' <Predicate = (!icmp_ln118)> <Delay = 0.00>
ST_13 : Operation 391 [1/1] (0.00ns)   --->   "%x_addr_23 = getelementptr i8 %x, i64 0, i64 %zext_ln126_59" [Lenet_RTL_test/lenet_conv1_only.cpp:126]   --->   Operation 391 'getelementptr' 'x_addr_23' <Predicate = (!icmp_ln118)> <Delay = 0.00>
ST_13 : Operation 392 [1/1] (0.00ns)   --->   "%zext_ln126_23 = zext i8 %x_load_12" [Lenet_RTL_test/lenet_conv1_only.cpp:126]   --->   Operation 392 'zext' 'zext_ln126_23' <Predicate = (!icmp_ln118)> <Delay = 0.00>
ST_13 : Operation 393 [1/1] (0.00ns)   --->   "%zext_ln126_24 = zext i8 %x_load_13" [Lenet_RTL_test/lenet_conv1_only.cpp:126]   --->   Operation 393 'zext' 'zext_ln126_24' <Predicate = (!icmp_ln118)> <Delay = 0.00>
ST_13 : Operation 394 [1/2] (3.25ns)   --->   "%x_load_14 = load i10 %x_addr_14" [Lenet_RTL_test/lenet_conv1_only.cpp:126]   --->   Operation 394 'load' 'x_load_14' <Predicate = (!icmp_ln118)> <Delay = 3.25> <CoreInst = "RAM">   --->   Core 82 'RAM' <Latency = 1> <II = 1> <Delay = 3.25> <Storage> <Opcode : 'load' 'store'> <Ports = 2> <Width = 8> <Depth = 1024> <RAM>
ST_13 : Operation 395 [1/2] (3.25ns)   --->   "%x_load_18 = load i10 %x_addr_18" [Lenet_RTL_test/lenet_conv1_only.cpp:126]   --->   Operation 395 'load' 'x_load_18' <Predicate = (!icmp_ln118)> <Delay = 3.25> <CoreInst = "RAM">   --->   Core 82 'RAM' <Latency = 1> <II = 1> <Delay = 3.25> <Storage> <Opcode : 'load' 'store'> <Ports = 2> <Width = 8> <Depth = 1024> <RAM>
ST_13 : Operation 396 [1/1] (0.00ns)   --->   "%zext_ln126_30 = zext i8 %x_load_18" [Lenet_RTL_test/lenet_conv1_only.cpp:126]   --->   Operation 396 'zext' 'zext_ln126_30' <Predicate = (!icmp_ln118)> <Delay = 0.00>
ST_13 : Operation 397 [2/2] (3.25ns)   --->   "%x_load_22 = load i10 %x_addr_22" [Lenet_RTL_test/lenet_conv1_only.cpp:126]   --->   Operation 397 'load' 'x_load_22' <Predicate = (!icmp_ln118)> <Delay = 3.25> <CoreInst = "RAM">   --->   Core 82 'RAM' <Latency = 1> <II = 1> <Delay = 3.25> <Storage> <Opcode : 'load' 'store'> <Ports = 2> <Width = 8> <Depth = 1024> <RAM>
ST_13 : Operation 398 [2/2] (3.25ns)   --->   "%x_load_23 = load i10 %x_addr_23" [Lenet_RTL_test/lenet_conv1_only.cpp:126]   --->   Operation 398 'load' 'x_load_23' <Predicate = (!icmp_ln118)> <Delay = 3.25> <CoreInst = "RAM">   --->   Core 82 'RAM' <Latency = 1> <II = 1> <Delay = 3.25> <Storage> <Opcode : 'load' 'store'> <Ports = 2> <Width = 8> <Depth = 1024> <RAM>
ST_13 : Operation 399 [1/1] (4.17ns)   --->   "%mul_ln85_1 = mul i16 %zext_ln126_24, i16 %LENET_C1_W_0_2_3_load_cast_cast" [Lenet_RTL_test/lenet_conv1_only.cpp:85->Lenet_RTL_test/lenet_conv1_only.cpp:131]   --->   Operation 399 'mul' 'mul_ln85_1' <Predicate = (!icmp_ln118)> <Delay = 4.17> <CoreInst = "Multiplier">   --->   Core 3 'Multiplier' <Latency = 0> <II = 1> <Delay = 4.17> <FuncUnit> <Opcode : 'mul'> <InPorts = 2> <OutPorts = 1>
ST_13 : Operation 400 [1/1] (0.00ns)   --->   "%sext_ln85_1 = sext i16 %mul_ln85_1" [Lenet_RTL_test/lenet_conv1_only.cpp:85->Lenet_RTL_test/lenet_conv1_only.cpp:131]   --->   Operation 400 'sext' 'sext_ln85_1' <Predicate = (!icmp_ln118)> <Delay = 0.00>
ST_13 : Operation 401 [1/1] (4.17ns)   --->   "%mul_ln85_5 = mul i16 %zext_ln126_23, i16 %LENET_C1_W_0_2_2_load_cast_cast" [Lenet_RTL_test/lenet_conv1_only.cpp:85->Lenet_RTL_test/lenet_conv1_only.cpp:131]   --->   Operation 401 'mul' 'mul_ln85_5' <Predicate = (!icmp_ln118)> <Delay = 4.17> <CoreInst = "Multiplier">   --->   Core 3 'Multiplier' <Latency = 0> <II = 1> <Delay = 4.17> <FuncUnit> <Opcode : 'mul'> <InPorts = 2> <OutPorts = 1>
ST_13 : Operation 402 [3/3] (1.05ns) (grouped into DSP with root node add_ln85_6)   --->   "%mul_ln85_6 = mul i16 %zext_ln126_30, i16 %LENET_C1_W_0_3_3_load_cast_cast" [Lenet_RTL_test/lenet_conv1_only.cpp:85->Lenet_RTL_test/lenet_conv1_only.cpp:131]   --->   Operation 402 'mul' 'mul_ln85_6' <Predicate = (!icmp_ln118)> <Delay = 1.05> <CoreInst = "DSP48">   --->   Core 119 'DSP48' <Latency = 3> <II = 1> <Delay = 2.15> <IPBlock> <Opcode : '<invalid operator> ' 'mul' 'add' 'sub' 'select'> <InPorts = 0> <OutPorts = 1> <Sync> <CReg>
ST_13 : Operation 403 [1/3] (0.00ns) (grouped into DSP with root node add_ln85_5)   --->   "%mul_ln85_11 = mul i15 %zext_ln126_21, i15 %LENET_C1_W_0_2_1_load_cast_cast" [Lenet_RTL_test/lenet_conv1_only.cpp:85->Lenet_RTL_test/lenet_conv1_only.cpp:131]   --->   Operation 403 'mul' 'mul_ln85_11' <Predicate = (!icmp_ln118)> <Delay = 0.00> <CoreInst = "DSP48">   --->   Core 119 'DSP48' <Latency = 3> <II = 1> <Delay = 2.15> <IPBlock> <Opcode : '<invalid operator> ' 'mul' 'add' 'sub' 'select'> <InPorts = 0> <OutPorts = 1> <Sync> <CReg>
ST_13 : Operation 404 [1/1] (0.00ns) (grouped into DSP with root node add_ln85_5)   --->   "%zext_ln85_4 = zext i15 %mul_ln85_11" [Lenet_RTL_test/lenet_conv1_only.cpp:85->Lenet_RTL_test/lenet_conv1_only.cpp:131]   --->   Operation 404 'zext' 'zext_ln85_4' <Predicate = (!icmp_ln118)> <Delay = 0.00>
ST_13 : Operation 405 [1/3] (0.00ns) (grouped into DSP with root node add_ln85_18)   --->   "%mul_ln85_12 = mul i15 %zext_ln126_12, i15 %LENET_C1_W_0_1_0_load_cast_cast" [Lenet_RTL_test/lenet_conv1_only.cpp:85->Lenet_RTL_test/lenet_conv1_only.cpp:131]   --->   Operation 405 'mul' 'mul_ln85_12' <Predicate = (!icmp_ln118)> <Delay = 0.00> <CoreInst = "DSP48">   --->   Core 119 'DSP48' <Latency = 3> <II = 1> <Delay = 2.15> <IPBlock> <Opcode : '<invalid operator> ' 'mul' 'add' 'sub' 'select'> <InPorts = 0> <OutPorts = 1> <Sync> <CReg>
ST_13 : Operation 406 [1/1] (0.00ns) (grouped into DSP with root node add_ln85_18)   --->   "%zext_ln85_5 = zext i15 %mul_ln85_12" [Lenet_RTL_test/lenet_conv1_only.cpp:85->Lenet_RTL_test/lenet_conv1_only.cpp:131]   --->   Operation 406 'zext' 'zext_ln85_5' <Predicate = (!icmp_ln118)> <Delay = 0.00>
ST_13 : Operation 407 [3/3] (1.05ns) (grouped into DSP with root node add_ln85)   --->   "%mul_ln85_13 = mul i16 %zext_ln126_33, i16 %LENET_C1_W_0_4_1_load_cast_cast" [Lenet_RTL_test/lenet_conv1_only.cpp:85->Lenet_RTL_test/lenet_conv1_only.cpp:131]   --->   Operation 407 'mul' 'mul_ln85_13' <Predicate = (!icmp_ln118)> <Delay = 1.05> <CoreInst = "DSP48">   --->   Core 119 'DSP48' <Latency = 3> <II = 1> <Delay = 2.15> <IPBlock> <Opcode : '<invalid operator> ' 'mul' 'add' 'sub' 'select'> <InPorts = 0> <OutPorts = 1> <Sync> <CReg>
ST_13 : Operation 408 [2/3] (1.05ns) (grouped into DSP with root node add_ln85_20)   --->   "%mul_ln85_24 = mul i16 %zext_ln85, i16 %sext_ln118_cast" [Lenet_RTL_test/lenet_conv1_only.cpp:85->Lenet_RTL_test/lenet_conv1_only.cpp:131]   --->   Operation 408 'mul' 'mul_ln85_24' <Predicate = (!icmp_ln118)> <Delay = 1.05> <CoreInst = "DSP48">   --->   Core 119 'DSP48' <Latency = 3> <II = 1> <Delay = 2.15> <IPBlock> <Opcode : '<invalid operator> ' 'mul' 'add' 'sub' 'select'> <InPorts = 0> <OutPorts = 1> <Sync> <CReg>
ST_13 : Operation 409 [1/2] (2.10ns) (root node of the DSP)   --->   "%add_ln85_3 = add i18 %sext_ln85_16, i18 %sext_ln85" [Lenet_RTL_test/lenet_conv1_only.cpp:85->Lenet_RTL_test/lenet_conv1_only.cpp:131]   --->   Operation 409 'add' 'add_ln85_3' <Predicate = (!icmp_ln118)> <Delay = 2.10> <CoreInst = "DSP48">   --->   Core 119 'DSP48' <Latency = 3> <II = 1> <Delay = 2.15> <IPBlock> <Opcode : '<invalid operator> ' 'mul' 'add' 'sub' 'select'> <InPorts = 0> <OutPorts = 1> <Sync> <CReg>
ST_13 : Operation 410 [2/2] (2.10ns) (root node of the DSP)   --->   "%add_ln85_5 = add i17 %zext_ln85_4, i17 %sext_ln85_1" [Lenet_RTL_test/lenet_conv1_only.cpp:85->Lenet_RTL_test/lenet_conv1_only.cpp:131]   --->   Operation 410 'add' 'add_ln85_5' <Predicate = (!icmp_ln118)> <Delay = 2.10> <CoreInst = "DSP48">   --->   Core 119 'DSP48' <Latency = 3> <II = 1> <Delay = 2.15> <IPBlock> <Opcode : '<invalid operator> ' 'mul' 'add' 'sub' 'select'> <InPorts = 0> <OutPorts = 1> <Sync> <CReg>
ST_13 : Operation 411 [1/2] (2.10ns) (root node of the DSP)   --->   "%add_ln85_17 = add i16 %zext_ln85_1, i16 %zext_ln85_2" [Lenet_RTL_test/lenet_conv1_only.cpp:85->Lenet_RTL_test/lenet_conv1_only.cpp:131]   --->   Operation 411 'add' 'add_ln85_17' <Predicate = (!icmp_ln118)> <Delay = 2.10> <CoreInst = "DSP48">   --->   Core 119 'DSP48' <Latency = 3> <II = 1> <Delay = 2.15> <IPBlock> <Opcode : '<invalid operator> ' 'mul' 'add' 'sub' 'select'> <InPorts = 0> <OutPorts = 1> <Sync> <CReg>
ST_13 : Operation 412 [2/2] (2.10ns) (root node of the DSP)   --->   "%add_ln85_18 = add i16 %add_ln85_17, i16 %zext_ln85_5" [Lenet_RTL_test/lenet_conv1_only.cpp:85->Lenet_RTL_test/lenet_conv1_only.cpp:131]   --->   Operation 412 'add' 'add_ln85_18' <Predicate = (!icmp_ln118)> <Delay = 2.10> <CoreInst = "DSP48">   --->   Core 119 'DSP48' <Latency = 3> <II = 1> <Delay = 2.15> <IPBlock> <Opcode : '<invalid operator> ' 'mul' 'add' 'sub' 'select'> <InPorts = 0> <OutPorts = 1> <Sync> <CReg>
ST_13 : Operation 413 [1/3] (0.00ns) (grouped into DSP with root node add_ln85_43)   --->   "%mul_ln85_32 = mul i14 %zext_ln126_15, i14 %LENET_C1_W_0_1_1_load_cast_cast" [Lenet_RTL_test/lenet_conv1_only.cpp:85->Lenet_RTL_test/lenet_conv1_only.cpp:131]   --->   Operation 413 'mul' 'mul_ln85_32' <Predicate = (!icmp_ln118)> <Delay = 0.00> <CoreInst = "DSP48">   --->   Core 119 'DSP48' <Latency = 3> <II = 1> <Delay = 2.15> <IPBlock> <Opcode : '<invalid operator> ' 'mul' 'add' 'sub' 'select'> <InPorts = 0> <OutPorts = 1> <Sync> <CReg>
ST_13 : Operation 414 [1/1] (0.00ns) (grouped into DSP with root node add_ln85_43)   --->   "%zext_ln85_13 = zext i14 %mul_ln85_32" [Lenet_RTL_test/lenet_conv1_only.cpp:85->Lenet_RTL_test/lenet_conv1_only.cpp:131]   --->   Operation 414 'zext' 'zext_ln85_13' <Predicate = (!icmp_ln118)> <Delay = 0.00>
ST_13 : Operation 415 [3/3] (1.05ns) (grouped into DSP with root node add_ln85_27)   --->   "%mul_ln85_35 = mul i16 %zext_ln85, i16 %LENET_C1_W_0_4_3_load_cast_cast" [Lenet_RTL_test/lenet_conv1_only.cpp:85->Lenet_RTL_test/lenet_conv1_only.cpp:131]   --->   Operation 415 'mul' 'mul_ln85_35' <Predicate = (!icmp_ln118)> <Delay = 1.05> <CoreInst = "DSP48">   --->   Core 119 'DSP48' <Latency = 3> <II = 1> <Delay = 2.15> <IPBlock> <Opcode : '<invalid operator> ' 'mul' 'add' 'sub' 'select'> <InPorts = 0> <OutPorts = 1> <Sync> <CReg>
ST_13 : Operation 416 [2/3] (1.05ns) (grouped into DSP with root node add_ln85_30)   --->   "%mul_ln85_45 = mul i16 %zext_ln126_29, i16 %LENET_C1_W_0_3_1_load_cast_cast" [Lenet_RTL_test/lenet_conv1_only.cpp:85->Lenet_RTL_test/lenet_conv1_only.cpp:131]   --->   Operation 416 'mul' 'mul_ln85_45' <Predicate = (!icmp_ln118)> <Delay = 1.05> <CoreInst = "DSP48">   --->   Core 119 'DSP48' <Latency = 3> <II = 1> <Delay = 2.15> <IPBlock> <Opcode : '<invalid operator> ' 'mul' 'add' 'sub' 'select'> <InPorts = 0> <OutPorts = 1> <Sync> <CReg>
ST_13 : Operation 417 [1/2] (2.10ns) (root node of the DSP)   --->   "%add_ln85_42 = add i17 %sext_ln85_39, i17 %zext_ln85_12" [Lenet_RTL_test/lenet_conv1_only.cpp:85->Lenet_RTL_test/lenet_conv1_only.cpp:131]   --->   Operation 417 'add' 'add_ln85_42' <Predicate = (!icmp_ln118)> <Delay = 2.10> <CoreInst = "DSP48">   --->   Core 119 'DSP48' <Latency = 3> <II = 1> <Delay = 2.15> <IPBlock> <Opcode : '<invalid operator> ' 'mul' 'add' 'sub' 'select'> <InPorts = 0> <OutPorts = 1> <Sync> <CReg>
ST_13 : Operation 418 [2/2] (2.10ns) (root node of the DSP)   --->   "%add_ln85_43 = add i17 %add_ln85_42, i17 %zext_ln85_13" [Lenet_RTL_test/lenet_conv1_only.cpp:85->Lenet_RTL_test/lenet_conv1_only.cpp:131]   --->   Operation 418 'add' 'add_ln85_43' <Predicate = (!icmp_ln118)> <Delay = 2.10> <CoreInst = "DSP48">   --->   Core 119 'DSP48' <Latency = 3> <II = 1> <Delay = 2.15> <IPBlock> <Opcode : '<invalid operator> ' 'mul' 'add' 'sub' 'select'> <InPorts = 0> <OutPorts = 1> <Sync> <CReg>

State 14 <SV = 13> <Delay = 6.27>
ST_14 : Operation 419 [1/1] (0.00ns)   --->   "%tmp_7 = bitconcatenate i10 @_ssdm_op_BitConcatenate.i10.i5.i5, i5 %select_ln118_1, i5 0" [Lenet_RTL_test/lenet_conv1_only.cpp:126]   --->   Operation 419 'bitconcatenate' 'tmp_7' <Predicate = (!icmp_ln118)> <Delay = 0.00>
ST_14 : Operation 420 [1/1] (0.00ns)   --->   "%tmp_1 = bitconcatenate i10 @_ssdm_op_BitConcatenate.i10.i5.i5, i5 %add_ln118, i5 0" [Lenet_RTL_test/lenet_conv1_only.cpp:126]   --->   Operation 420 'bitconcatenate' 'tmp_1' <Predicate = (!icmp_ln118)> <Delay = 0.00>
ST_14 : Operation 421 [1/1] (0.00ns)   --->   "%zext_ln126_25 = zext i8 %x_load_14" [Lenet_RTL_test/lenet_conv1_only.cpp:126]   --->   Operation 421 'zext' 'zext_ln126_25' <Predicate = (!icmp_ln118)> <Delay = 0.00>
ST_14 : Operation 422 [1/1] (0.00ns)   --->   "%zext_ln126_27 = zext i8 %x_load_16" [Lenet_RTL_test/lenet_conv1_only.cpp:126]   --->   Operation 422 'zext' 'zext_ln126_27' <Predicate = (!icmp_ln118)> <Delay = 0.00>
ST_14 : Operation 423 [1/2] (3.25ns)   --->   "%x_load_22 = load i10 %x_addr_22" [Lenet_RTL_test/lenet_conv1_only.cpp:126]   --->   Operation 423 'load' 'x_load_22' <Predicate = (!icmp_ln118)> <Delay = 3.25> <CoreInst = "RAM">   --->   Core 82 'RAM' <Latency = 1> <II = 1> <Delay = 3.25> <Storage> <Opcode : 'load' 'store'> <Ports = 2> <Width = 8> <Depth = 1024> <RAM>
ST_14 : Operation 424 [1/1] (0.00ns)   --->   "%zext_ln126_35 = zext i8 %x_load_22" [Lenet_RTL_test/lenet_conv1_only.cpp:126]   --->   Operation 424 'zext' 'zext_ln126_35' <Predicate = (!icmp_ln118)> <Delay = 0.00>
ST_14 : Operation 425 [1/2] (3.25ns)   --->   "%x_load_23 = load i10 %x_addr_23" [Lenet_RTL_test/lenet_conv1_only.cpp:126]   --->   Operation 425 'load' 'x_load_23' <Predicate = (!icmp_ln118)> <Delay = 3.25> <CoreInst = "RAM">   --->   Core 82 'RAM' <Latency = 1> <II = 1> <Delay = 3.25> <Storage> <Opcode : 'load' 'store'> <Ports = 2> <Width = 8> <Depth = 1024> <RAM>
ST_14 : Operation 426 [3/3] (1.05ns) (grouped into DSP with root node add_ln85_1)   --->   "%mul_ln85_2 = mul i15 %zext_ln126_35, i15 %LENET_C1_W_0_4_2_load_cast_cast" [Lenet_RTL_test/lenet_conv1_only.cpp:85->Lenet_RTL_test/lenet_conv1_only.cpp:131]   --->   Operation 426 'mul' 'mul_ln85_2' <Predicate = (!icmp_ln118)> <Delay = 1.05> <CoreInst = "DSP48">   --->   Core 119 'DSP48' <Latency = 3> <II = 1> <Delay = 2.15> <IPBlock> <Opcode : '<invalid operator> ' 'mul' 'add' 'sub' 'select'> <InPorts = 0> <OutPorts = 1> <Sync> <CReg>
ST_14 : Operation 427 [2/3] (1.05ns) (grouped into DSP with root node add_ln85_6)   --->   "%mul_ln85_6 = mul i16 %zext_ln126_30, i16 %LENET_C1_W_0_3_3_load_cast_cast" [Lenet_RTL_test/lenet_conv1_only.cpp:85->Lenet_RTL_test/lenet_conv1_only.cpp:131]   --->   Operation 427 'mul' 'mul_ln85_6' <Predicate = (!icmp_ln118)> <Delay = 1.05> <CoreInst = "DSP48">   --->   Core 119 'DSP48' <Latency = 3> <II = 1> <Delay = 2.15> <IPBlock> <Opcode : '<invalid operator> ' 'mul' 'add' 'sub' 'select'> <InPorts = 0> <OutPorts = 1> <Sync> <CReg>
ST_14 : Operation 428 [1/1] (4.17ns)   --->   "%mul_ln85_9 = mul i16 %zext_ln126_19, i16 %LENET_C1_W_0_1_4_load_cast_cast" [Lenet_RTL_test/lenet_conv1_only.cpp:85->Lenet_RTL_test/lenet_conv1_only.cpp:131]   --->   Operation 428 'mul' 'mul_ln85_9' <Predicate = (!icmp_ln118)> <Delay = 4.17> <CoreInst = "Multiplier">   --->   Core 3 'Multiplier' <Latency = 0> <II = 1> <Delay = 4.17> <FuncUnit> <Opcode : 'mul'> <InPorts = 2> <OutPorts = 1>
ST_14 : Operation 429 [1/1] (0.00ns)   --->   "%sext_ln85_6 = sext i16 %mul_ln85_9" [Lenet_RTL_test/lenet_conv1_only.cpp:85->Lenet_RTL_test/lenet_conv1_only.cpp:131]   --->   Operation 429 'sext' 'sext_ln85_6' <Predicate = (!icmp_ln118)> <Delay = 0.00>
ST_14 : Operation 430 [2/3] (1.05ns) (grouped into DSP with root node add_ln85)   --->   "%mul_ln85_13 = mul i16 %zext_ln126_33, i16 %LENET_C1_W_0_4_1_load_cast_cast" [Lenet_RTL_test/lenet_conv1_only.cpp:85->Lenet_RTL_test/lenet_conv1_only.cpp:131]   --->   Operation 430 'mul' 'mul_ln85_13' <Predicate = (!icmp_ln118)> <Delay = 1.05> <CoreInst = "DSP48">   --->   Core 119 'DSP48' <Latency = 3> <II = 1> <Delay = 2.15> <IPBlock> <Opcode : '<invalid operator> ' 'mul' 'add' 'sub' 'select'> <InPorts = 0> <OutPorts = 1> <Sync> <CReg>
ST_14 : Operation 431 [1/3] (0.00ns) (grouped into DSP with root node add_ln85_20)   --->   "%mul_ln85_24 = mul i16 %zext_ln85, i16 %sext_ln118_cast" [Lenet_RTL_test/lenet_conv1_only.cpp:85->Lenet_RTL_test/lenet_conv1_only.cpp:131]   --->   Operation 431 'mul' 'mul_ln85_24' <Predicate = (!icmp_ln118)> <Delay = 0.00> <CoreInst = "DSP48">   --->   Core 119 'DSP48' <Latency = 3> <II = 1> <Delay = 2.15> <IPBlock> <Opcode : '<invalid operator> ' 'mul' 'add' 'sub' 'select'> <InPorts = 0> <OutPorts = 1> <Sync> <CReg>
ST_14 : Operation 432 [1/1] (0.00ns) (grouped into DSP with root node add_ln85_20)   --->   "%sext_ln85_13 = sext i16 %mul_ln85_24" [Lenet_RTL_test/lenet_conv1_only.cpp:85->Lenet_RTL_test/lenet_conv1_only.cpp:131]   --->   Operation 432 'sext' 'sext_ln85_13' <Predicate = (!icmp_ln118)> <Delay = 0.00>
ST_14 : Operation 433 [1/2] (2.10ns) (root node of the DSP)   --->   "%add_ln85_5 = add i17 %zext_ln85_4, i17 %sext_ln85_1" [Lenet_RTL_test/lenet_conv1_only.cpp:85->Lenet_RTL_test/lenet_conv1_only.cpp:131]   --->   Operation 433 'add' 'add_ln85_5' <Predicate = (!icmp_ln118)> <Delay = 2.10> <CoreInst = "DSP48">   --->   Core 119 'DSP48' <Latency = 3> <II = 1> <Delay = 2.15> <IPBlock> <Opcode : '<invalid operator> ' 'mul' 'add' 'sub' 'select'> <InPorts = 0> <OutPorts = 1> <Sync> <CReg>
ST_14 : Operation 434 [1/2] (2.10ns) (root node of the DSP)   --->   "%add_ln85_18 = add i16 %add_ln85_17, i16 %zext_ln85_5" [Lenet_RTL_test/lenet_conv1_only.cpp:85->Lenet_RTL_test/lenet_conv1_only.cpp:131]   --->   Operation 434 'add' 'add_ln85_18' <Predicate = (!icmp_ln118)> <Delay = 2.10> <CoreInst = "DSP48">   --->   Core 119 'DSP48' <Latency = 3> <II = 1> <Delay = 2.15> <IPBlock> <Opcode : '<invalid operator> ' 'mul' 'add' 'sub' 'select'> <InPorts = 0> <OutPorts = 1> <Sync> <CReg>
ST_14 : Operation 435 [2/2] (2.10ns) (root node of the DSP)   --->   "%add_ln85_20 = add i17 %sext_ln85_6, i17 %sext_ln85_13" [Lenet_RTL_test/lenet_conv1_only.cpp:85->Lenet_RTL_test/lenet_conv1_only.cpp:131]   --->   Operation 435 'add' 'add_ln85_20' <Predicate = (!icmp_ln118)> <Delay = 2.10> <CoreInst = "DSP48">   --->   Core 119 'DSP48' <Latency = 3> <II = 1> <Delay = 2.15> <IPBlock> <Opcode : '<invalid operator> ' 'mul' 'add' 'sub' 'select'> <InPorts = 0> <OutPorts = 1> <Sync> <CReg>
ST_14 : Operation 436 [1/1] (1.73ns)   --->   "%add_ln126_4 = add i10 %tmp_7, i10 %zext_ln126_65" [Lenet_RTL_test/lenet_conv1_only.cpp:126]   --->   Operation 436 'add' 'add_ln126_4' <Predicate = (!icmp_ln118)> <Delay = 1.73> <CoreInst = "Adder">   --->   Core 1 'Adder' <Latency = 0> <II = 1> <Delay = 1.73> <FuncUnit> <Opcode : 'add' 'sub'> <InPorts = 2> <OutPorts = 1>
ST_14 : Operation 437 [1/1] (0.00ns)   --->   "%zext_ln126_66 = zext i10 %add_ln126_4" [Lenet_RTL_test/lenet_conv1_only.cpp:126]   --->   Operation 437 'zext' 'zext_ln126_66' <Predicate = (!icmp_ln118)> <Delay = 0.00>
ST_14 : Operation 438 [1/1] (0.00ns)   --->   "%x_addr_25 = getelementptr i8 %x, i64 0, i64 %zext_ln126_66" [Lenet_RTL_test/lenet_conv1_only.cpp:126]   --->   Operation 438 'getelementptr' 'x_addr_25' <Predicate = (!icmp_ln118)> <Delay = 0.00>
ST_14 : Operation 439 [1/1] (1.73ns)   --->   "%add_ln126_6 = add i10 %tmp_1, i10 %zext_ln126_65" [Lenet_RTL_test/lenet_conv1_only.cpp:126]   --->   Operation 439 'add' 'add_ln126_6' <Predicate = (!icmp_ln118)> <Delay = 1.73> <CoreInst = "Adder">   --->   Core 1 'Adder' <Latency = 0> <II = 1> <Delay = 1.73> <FuncUnit> <Opcode : 'add' 'sub'> <InPorts = 2> <OutPorts = 1>
ST_14 : Operation 440 [1/1] (0.00ns)   --->   "%zext_ln126_68 = zext i10 %add_ln126_6" [Lenet_RTL_test/lenet_conv1_only.cpp:126]   --->   Operation 440 'zext' 'zext_ln126_68' <Predicate = (!icmp_ln118)> <Delay = 0.00>
ST_14 : Operation 441 [1/1] (0.00ns)   --->   "%x_addr_27 = getelementptr i8 %x, i64 0, i64 %zext_ln126_68" [Lenet_RTL_test/lenet_conv1_only.cpp:126]   --->   Operation 441 'getelementptr' 'x_addr_27' <Predicate = (!icmp_ln118)> <Delay = 0.00>
ST_14 : Operation 442 [2/2] (3.25ns)   --->   "%x_load_25 = load i10 %x_addr_25" [Lenet_RTL_test/lenet_conv1_only.cpp:126]   --->   Operation 442 'load' 'x_load_25' <Predicate = (!icmp_ln118)> <Delay = 3.25> <CoreInst = "RAM">   --->   Core 82 'RAM' <Latency = 1> <II = 1> <Delay = 3.25> <Storage> <Opcode : 'load' 'store'> <Ports = 2> <Width = 8> <Depth = 1024> <RAM>
ST_14 : Operation 443 [2/2] (3.25ns)   --->   "%x_load_27 = load i10 %x_addr_27" [Lenet_RTL_test/lenet_conv1_only.cpp:126]   --->   Operation 443 'load' 'x_load_27' <Predicate = (!icmp_ln118)> <Delay = 3.25> <CoreInst = "RAM">   --->   Core 82 'RAM' <Latency = 1> <II = 1> <Delay = 3.25> <Storage> <Opcode : 'load' 'store'> <Ports = 2> <Width = 8> <Depth = 1024> <RAM>
ST_14 : Operation 444 [1/1] (4.17ns)   --->   "%mul_ln85_26 = mul i16 %zext_ln126_25, i16 %LENET_C1_W_0_2_3_load_cast_cast" [Lenet_RTL_test/lenet_conv1_only.cpp:85->Lenet_RTL_test/lenet_conv1_only.cpp:131]   --->   Operation 444 'mul' 'mul_ln85_26' <Predicate = (!icmp_ln118)> <Delay = 4.17> <CoreInst = "Multiplier">   --->   Core 3 'Multiplier' <Latency = 0> <II = 1> <Delay = 4.17> <FuncUnit> <Opcode : 'mul'> <InPorts = 2> <OutPorts = 1>
ST_14 : Operation 445 [1/1] (0.00ns)   --->   "%sext_ln85_37 = sext i16 %mul_ln85_26" [Lenet_RTL_test/lenet_conv1_only.cpp:85->Lenet_RTL_test/lenet_conv1_only.cpp:131]   --->   Operation 445 'sext' 'sext_ln85_37' <Predicate = (!icmp_ln118)> <Delay = 0.00>
ST_14 : Operation 446 [2/3] (1.05ns) (grouped into DSP with root node add_ln85_27)   --->   "%mul_ln85_35 = mul i16 %zext_ln85, i16 %LENET_C1_W_0_4_3_load_cast_cast" [Lenet_RTL_test/lenet_conv1_only.cpp:85->Lenet_RTL_test/lenet_conv1_only.cpp:131]   --->   Operation 446 'mul' 'mul_ln85_35' <Predicate = (!icmp_ln118)> <Delay = 1.05> <CoreInst = "DSP48">   --->   Core 119 'DSP48' <Latency = 3> <II = 1> <Delay = 2.15> <IPBlock> <Opcode : '<invalid operator> ' 'mul' 'add' 'sub' 'select'> <InPorts = 0> <OutPorts = 1> <Sync> <CReg>
ST_14 : Operation 447 [3/3] (1.05ns) (grouped into DSP with root node add_ln85_44)   --->   "%mul_ln85_43 = mul i15 %zext_ln126_21, i15 %LENET_C1_W_0_2_0_load_cast_cast" [Lenet_RTL_test/lenet_conv1_only.cpp:85->Lenet_RTL_test/lenet_conv1_only.cpp:131]   --->   Operation 447 'mul' 'mul_ln85_43' <Predicate = (!icmp_ln118)> <Delay = 1.05> <CoreInst = "DSP48">   --->   Core 119 'DSP48' <Latency = 3> <II = 1> <Delay = 2.15> <IPBlock> <Opcode : '<invalid operator> ' 'mul' 'add' 'sub' 'select'> <InPorts = 0> <OutPorts = 1> <Sync> <CReg>
ST_14 : Operation 448 [3/3] (1.05ns) (grouped into DSP with root node add_ln85_32)   --->   "%mul_ln85_44 = mul i15 %zext_ln126_27, i15 %LENET_C1_W_0_3_0_load_cast_cast" [Lenet_RTL_test/lenet_conv1_only.cpp:85->Lenet_RTL_test/lenet_conv1_only.cpp:131]   --->   Operation 448 'mul' 'mul_ln85_44' <Predicate = (!icmp_ln118)> <Delay = 1.05> <CoreInst = "DSP48">   --->   Core 119 'DSP48' <Latency = 3> <II = 1> <Delay = 2.15> <IPBlock> <Opcode : '<invalid operator> ' 'mul' 'add' 'sub' 'select'> <InPorts = 0> <OutPorts = 1> <Sync> <CReg>
ST_14 : Operation 449 [1/3] (0.00ns) (grouped into DSP with root node add_ln85_30)   --->   "%mul_ln85_45 = mul i16 %zext_ln126_29, i16 %LENET_C1_W_0_3_1_load_cast_cast" [Lenet_RTL_test/lenet_conv1_only.cpp:85->Lenet_RTL_test/lenet_conv1_only.cpp:131]   --->   Operation 449 'mul' 'mul_ln85_45' <Predicate = (!icmp_ln118)> <Delay = 0.00> <CoreInst = "DSP48">   --->   Core 119 'DSP48' <Latency = 3> <II = 1> <Delay = 2.15> <IPBlock> <Opcode : '<invalid operator> ' 'mul' 'add' 'sub' 'select'> <InPorts = 0> <OutPorts = 1> <Sync> <CReg>
ST_14 : Operation 450 [1/1] (0.00ns) (grouped into DSP with root node add_ln85_30)   --->   "%sext_ln85_45 = sext i16 %mul_ln85_45" [Lenet_RTL_test/lenet_conv1_only.cpp:85->Lenet_RTL_test/lenet_conv1_only.cpp:131]   --->   Operation 450 'sext' 'sext_ln85_45' <Predicate = (!icmp_ln118)> <Delay = 0.00>
ST_14 : Operation 451 [2/2] (2.10ns) (root node of the DSP)   --->   "%add_ln85_30 = add i17 %sext_ln85_37, i17 %sext_ln85_45" [Lenet_RTL_test/lenet_conv1_only.cpp:85->Lenet_RTL_test/lenet_conv1_only.cpp:131]   --->   Operation 451 'add' 'add_ln85_30' <Predicate = (!icmp_ln118)> <Delay = 2.10> <CoreInst = "DSP48">   --->   Core 119 'DSP48' <Latency = 3> <II = 1> <Delay = 2.15> <IPBlock> <Opcode : '<invalid operator> ' 'mul' 'add' 'sub' 'select'> <InPorts = 0> <OutPorts = 1> <Sync> <CReg>
ST_14 : Operation 452 [1/2] (2.10ns) (root node of the DSP)   --->   "%add_ln85_43 = add i17 %add_ln85_42, i17 %zext_ln85_13" [Lenet_RTL_test/lenet_conv1_only.cpp:85->Lenet_RTL_test/lenet_conv1_only.cpp:131]   --->   Operation 452 'add' 'add_ln85_43' <Predicate = (!icmp_ln118)> <Delay = 2.10> <CoreInst = "DSP48">   --->   Core 119 'DSP48' <Latency = 3> <II = 1> <Delay = 2.15> <IPBlock> <Opcode : '<invalid operator> ' 'mul' 'add' 'sub' 'select'> <InPorts = 0> <OutPorts = 1> <Sync> <CReg>

State 15 <SV = 14> <Delay = 6.34>
ST_15 : Operation 453 [1/1] (0.00ns)   --->   "%tmp_2 = bitconcatenate i10 @_ssdm_op_BitConcatenate.i10.i5.i5, i5 %add_ln118_1, i5 0" [Lenet_RTL_test/lenet_conv1_only.cpp:126]   --->   Operation 453 'bitconcatenate' 'tmp_2' <Predicate = (!icmp_ln118)> <Delay = 0.00>
ST_15 : Operation 454 [1/1] (0.00ns)   --->   "%tmp_3 = bitconcatenate i10 @_ssdm_op_BitConcatenate.i10.i5.i5, i5 %add_ln118_2, i5 0" [Lenet_RTL_test/lenet_conv1_only.cpp:126]   --->   Operation 454 'bitconcatenate' 'tmp_3' <Predicate = (!icmp_ln118)> <Delay = 0.00>
ST_15 : Operation 455 [1/1] (0.00ns)   --->   "%zext_ln126_22 = zext i8 %x_load_12" [Lenet_RTL_test/lenet_conv1_only.cpp:126]   --->   Operation 455 'zext' 'zext_ln126_22' <Predicate = (!icmp_ln118)> <Delay = 0.00>
ST_15 : Operation 456 [1/1] (0.00ns)   --->   "%zext_ln126_34 = zext i8 %x_load_22" [Lenet_RTL_test/lenet_conv1_only.cpp:126]   --->   Operation 456 'zext' 'zext_ln126_34' <Predicate = (!icmp_ln118)> <Delay = 0.00>
ST_15 : Operation 457 [1/1] (0.00ns)   --->   "%zext_ln126_37 = zext i8 %x_load_23" [Lenet_RTL_test/lenet_conv1_only.cpp:126]   --->   Operation 457 'zext' 'zext_ln126_37' <Predicate = (!icmp_ln118)> <Delay = 0.00>
ST_15 : Operation 458 [2/3] (1.05ns) (grouped into DSP with root node add_ln85_1)   --->   "%mul_ln85_2 = mul i15 %zext_ln126_35, i15 %LENET_C1_W_0_4_2_load_cast_cast" [Lenet_RTL_test/lenet_conv1_only.cpp:85->Lenet_RTL_test/lenet_conv1_only.cpp:131]   --->   Operation 458 'mul' 'mul_ln85_2' <Predicate = (!icmp_ln118)> <Delay = 1.05> <CoreInst = "DSP48">   --->   Core 119 'DSP48' <Latency = 3> <II = 1> <Delay = 2.15> <IPBlock> <Opcode : '<invalid operator> ' 'mul' 'add' 'sub' 'select'> <InPorts = 0> <OutPorts = 1> <Sync> <CReg>
ST_15 : Operation 459 [1/3] (0.00ns) (grouped into DSP with root node add_ln85_6)   --->   "%mul_ln85_6 = mul i16 %zext_ln126_30, i16 %LENET_C1_W_0_3_3_load_cast_cast" [Lenet_RTL_test/lenet_conv1_only.cpp:85->Lenet_RTL_test/lenet_conv1_only.cpp:131]   --->   Operation 459 'mul' 'mul_ln85_6' <Predicate = (!icmp_ln118)> <Delay = 0.00> <CoreInst = "DSP48">   --->   Core 119 'DSP48' <Latency = 3> <II = 1> <Delay = 2.15> <IPBlock> <Opcode : '<invalid operator> ' 'mul' 'add' 'sub' 'select'> <InPorts = 0> <OutPorts = 1> <Sync> <CReg>
ST_15 : Operation 460 [1/1] (0.00ns) (grouped into DSP with root node add_ln85_6)   --->   "%sext_ln85_5 = sext i16 %mul_ln85_6" [Lenet_RTL_test/lenet_conv1_only.cpp:85->Lenet_RTL_test/lenet_conv1_only.cpp:131]   --->   Operation 460 'sext' 'sext_ln85_5' <Predicate = (!icmp_ln118)> <Delay = 0.00>
ST_15 : Operation 461 [1/1] (4.17ns)   --->   "%mul_ln85_10 = mul i16 %zext_ln126_37, i16 %LENET_C1_W_0_4_3_load_cast_cast" [Lenet_RTL_test/lenet_conv1_only.cpp:85->Lenet_RTL_test/lenet_conv1_only.cpp:131]   --->   Operation 461 'mul' 'mul_ln85_10' <Predicate = (!icmp_ln118)> <Delay = 4.17> <CoreInst = "Multiplier">   --->   Core 3 'Multiplier' <Latency = 0> <II = 1> <Delay = 4.17> <FuncUnit> <Opcode : 'mul'> <InPorts = 2> <OutPorts = 1>
ST_15 : Operation 462 [1/3] (0.00ns) (grouped into DSP with root node add_ln85)   --->   "%mul_ln85_13 = mul i16 %zext_ln126_33, i16 %LENET_C1_W_0_4_1_load_cast_cast" [Lenet_RTL_test/lenet_conv1_only.cpp:85->Lenet_RTL_test/lenet_conv1_only.cpp:131]   --->   Operation 462 'mul' 'mul_ln85_13' <Predicate = (!icmp_ln118)> <Delay = 0.00> <CoreInst = "DSP48">   --->   Core 119 'DSP48' <Latency = 3> <II = 1> <Delay = 2.15> <IPBlock> <Opcode : '<invalid operator> ' 'mul' 'add' 'sub' 'select'> <InPorts = 0> <OutPorts = 1> <Sync> <CReg>
ST_15 : Operation 463 [3/3] (1.05ns) (grouped into DSP with root node add_ln85_7)   --->   "%mul_ln85_21 = mul i16 %zext_ln126_25, i16 %LENET_C1_W_0_2_4_load_cast_cast" [Lenet_RTL_test/lenet_conv1_only.cpp:85->Lenet_RTL_test/lenet_conv1_only.cpp:131]   --->   Operation 463 'mul' 'mul_ln85_21' <Predicate = (!icmp_ln118)> <Delay = 1.05> <CoreInst = "DSP48">   --->   Core 119 'DSP48' <Latency = 3> <II = 1> <Delay = 2.15> <IPBlock> <Opcode : '<invalid operator> ' 'mul' 'add' 'sub' 'select'> <InPorts = 0> <OutPorts = 1> <Sync> <CReg>
ST_15 : Operation 464 [2/2] (2.10ns) (root node of the DSP)   --->   "%add_ln85 = add i16 %mul_ln85_10, i16 %mul_ln85_13" [Lenet_RTL_test/lenet_conv1_only.cpp:85->Lenet_RTL_test/lenet_conv1_only.cpp:131]   --->   Operation 464 'add' 'add_ln85' <Predicate = (!icmp_ln118)> <Delay = 2.10> <CoreInst = "DSP48">   --->   Core 119 'DSP48' <Latency = 3> <II = 1> <Delay = 2.15> <IPBlock> <Opcode : '<invalid operator> ' 'mul' 'add' 'sub' 'select'> <InPorts = 0> <OutPorts = 1> <Sync> <CReg>
ST_15 : Operation 465 [1/1] (0.00ns)   --->   "%sext_ln85_18 = sext i17 %add_ln85_5" [Lenet_RTL_test/lenet_conv1_only.cpp:85->Lenet_RTL_test/lenet_conv1_only.cpp:131]   --->   Operation 465 'sext' 'sext_ln85_18' <Predicate = (!icmp_ln118)> <Delay = 0.00>
ST_15 : Operation 466 [2/2] (2.10ns) (root node of the DSP)   --->   "%add_ln85_6 = add i18 %sext_ln85_18, i18 %sext_ln85_5" [Lenet_RTL_test/lenet_conv1_only.cpp:85->Lenet_RTL_test/lenet_conv1_only.cpp:131]   --->   Operation 466 'add' 'add_ln85_6' <Predicate = (!icmp_ln118)> <Delay = 2.10> <CoreInst = "DSP48">   --->   Core 119 'DSP48' <Latency = 3> <II = 1> <Delay = 2.15> <IPBlock> <Opcode : '<invalid operator> ' 'mul' 'add' 'sub' 'select'> <InPorts = 0> <OutPorts = 1> <Sync> <CReg>
ST_15 : Operation 467 [1/1] (0.00ns)   --->   "%zext_ln85_10 = zext i16 %add_ln85_18" [Lenet_RTL_test/lenet_conv1_only.cpp:85->Lenet_RTL_test/lenet_conv1_only.cpp:131]   --->   Operation 467 'zext' 'zext_ln85_10' <Predicate = (!icmp_ln118)> <Delay = 0.00>
ST_15 : Operation 468 [1/1] (0.00ns)   --->   "%sext_ln85_30 = sext i17 %add_ln85_19" [Lenet_RTL_test/lenet_conv1_only.cpp:85->Lenet_RTL_test/lenet_conv1_only.cpp:131]   --->   Operation 468 'sext' 'sext_ln85_30' <Predicate = (!icmp_ln118)> <Delay = 0.00>
ST_15 : Operation 469 [1/2] (2.10ns) (root node of the DSP)   --->   "%add_ln85_20 = add i17 %sext_ln85_6, i17 %sext_ln85_13" [Lenet_RTL_test/lenet_conv1_only.cpp:85->Lenet_RTL_test/lenet_conv1_only.cpp:131]   --->   Operation 469 'add' 'add_ln85_20' <Predicate = (!icmp_ln118)> <Delay = 2.10> <CoreInst = "DSP48">   --->   Core 119 'DSP48' <Latency = 3> <II = 1> <Delay = 2.15> <IPBlock> <Opcode : '<invalid operator> ' 'mul' 'add' 'sub' 'select'> <InPorts = 0> <OutPorts = 1> <Sync> <CReg>
ST_15 : Operation 470 [1/1] (0.00ns)   --->   "%sext_ln85_31 = sext i17 %add_ln85_20" [Lenet_RTL_test/lenet_conv1_only.cpp:85->Lenet_RTL_test/lenet_conv1_only.cpp:131]   --->   Operation 470 'sext' 'sext_ln85_31' <Predicate = (!icmp_ln118)> <Delay = 0.00>
ST_15 : Operation 471 [1/1] (2.10ns)   --->   "%add_ln85_21 = add i18 %sext_ln85_31, i18 %sext_ln85_30" [Lenet_RTL_test/lenet_conv1_only.cpp:85->Lenet_RTL_test/lenet_conv1_only.cpp:131]   --->   Operation 471 'add' 'add_ln85_21' <Predicate = (!icmp_ln118)> <Delay = 2.10> <CoreInst = "Adder">   --->   Core 1 'Adder' <Latency = 0> <II = 1> <Delay = 2.13> <FuncUnit> <Opcode : 'add' 'sub'> <InPorts = 2> <OutPorts = 1>
ST_15 : Operation 472 [1/1] (0.00ns)   --->   "%sext_ln85_32 = sext i18 %add_ln85_21" [Lenet_RTL_test/lenet_conv1_only.cpp:85->Lenet_RTL_test/lenet_conv1_only.cpp:131]   --->   Operation 472 'sext' 'sext_ln85_32' <Predicate = (!icmp_ln118)> <Delay = 0.00>
ST_15 : Operation 473 [1/1] (2.13ns)   --->   "%add_ln85_22 = add i19 %sext_ln85_32, i19 %zext_ln85_10" [Lenet_RTL_test/lenet_conv1_only.cpp:85->Lenet_RTL_test/lenet_conv1_only.cpp:131]   --->   Operation 473 'add' 'add_ln85_22' <Predicate = (!icmp_ln118)> <Delay = 2.13> <CoreInst = "Adder">   --->   Core 1 'Adder' <Latency = 0> <II = 1> <Delay = 2.16> <FuncUnit> <Opcode : 'add' 'sub'> <InPorts = 2> <OutPorts = 1>
ST_15 : Operation 474 [1/1] (1.73ns)   --->   "%add_ln126_7 = add i10 %tmp_2, i10 %zext_ln126_65" [Lenet_RTL_test/lenet_conv1_only.cpp:126]   --->   Operation 474 'add' 'add_ln126_7' <Predicate = (!icmp_ln118)> <Delay = 1.73> <CoreInst = "Adder">   --->   Core 1 'Adder' <Latency = 0> <II = 1> <Delay = 1.73> <FuncUnit> <Opcode : 'add' 'sub'> <InPorts = 2> <OutPorts = 1>
ST_15 : Operation 475 [1/1] (0.00ns)   --->   "%zext_ln126_69 = zext i10 %add_ln126_7" [Lenet_RTL_test/lenet_conv1_only.cpp:126]   --->   Operation 475 'zext' 'zext_ln126_69' <Predicate = (!icmp_ln118)> <Delay = 0.00>
ST_15 : Operation 476 [1/1] (0.00ns)   --->   "%x_addr_28 = getelementptr i8 %x, i64 0, i64 %zext_ln126_69" [Lenet_RTL_test/lenet_conv1_only.cpp:126]   --->   Operation 476 'getelementptr' 'x_addr_28' <Predicate = (!icmp_ln118)> <Delay = 0.00>
ST_15 : Operation 477 [1/1] (1.73ns)   --->   "%add_ln126_8 = add i10 %tmp_3, i10 %zext_ln126_65" [Lenet_RTL_test/lenet_conv1_only.cpp:126]   --->   Operation 477 'add' 'add_ln126_8' <Predicate = (!icmp_ln118)> <Delay = 1.73> <CoreInst = "Adder">   --->   Core 1 'Adder' <Latency = 0> <II = 1> <Delay = 1.73> <FuncUnit> <Opcode : 'add' 'sub'> <InPorts = 2> <OutPorts = 1>
ST_15 : Operation 478 [1/1] (0.00ns)   --->   "%zext_ln126_70 = zext i10 %add_ln126_8" [Lenet_RTL_test/lenet_conv1_only.cpp:126]   --->   Operation 478 'zext' 'zext_ln126_70' <Predicate = (!icmp_ln118)> <Delay = 0.00>
ST_15 : Operation 479 [1/1] (0.00ns)   --->   "%x_addr_29 = getelementptr i8 %x, i64 0, i64 %zext_ln126_70" [Lenet_RTL_test/lenet_conv1_only.cpp:126]   --->   Operation 479 'getelementptr' 'x_addr_29' <Predicate = (!icmp_ln118)> <Delay = 0.00>
ST_15 : Operation 480 [1/2] (3.25ns)   --->   "%x_load_25 = load i10 %x_addr_25" [Lenet_RTL_test/lenet_conv1_only.cpp:126]   --->   Operation 480 'load' 'x_load_25' <Predicate = (!icmp_ln118)> <Delay = 3.25> <CoreInst = "RAM">   --->   Core 82 'RAM' <Latency = 1> <II = 1> <Delay = 3.25> <Storage> <Opcode : 'load' 'store'> <Ports = 2> <Width = 8> <Depth = 1024> <RAM>
ST_15 : Operation 481 [1/1] (0.00ns)   --->   "%zext_ln126_40 = zext i8 %x_load_26" [Lenet_RTL_test/lenet_conv1_only.cpp:126]   --->   Operation 481 'zext' 'zext_ln126_40' <Predicate = (!icmp_ln118)> <Delay = 0.00>
ST_15 : Operation 482 [1/2] (3.25ns)   --->   "%x_load_27 = load i10 %x_addr_27" [Lenet_RTL_test/lenet_conv1_only.cpp:126]   --->   Operation 482 'load' 'x_load_27' <Predicate = (!icmp_ln118)> <Delay = 3.25> <CoreInst = "RAM">   --->   Core 82 'RAM' <Latency = 1> <II = 1> <Delay = 3.25> <Storage> <Opcode : 'load' 'store'> <Ports = 2> <Width = 8> <Depth = 1024> <RAM>
ST_15 : Operation 483 [2/2] (3.25ns)   --->   "%x_load_28 = load i10 %x_addr_28" [Lenet_RTL_test/lenet_conv1_only.cpp:126]   --->   Operation 483 'load' 'x_load_28' <Predicate = (!icmp_ln118)> <Delay = 3.25> <CoreInst = "RAM">   --->   Core 82 'RAM' <Latency = 1> <II = 1> <Delay = 3.25> <Storage> <Opcode : 'load' 'store'> <Ports = 2> <Width = 8> <Depth = 1024> <RAM>
ST_15 : Operation 484 [2/2] (3.25ns)   --->   "%x_load_29 = load i10 %x_addr_29" [Lenet_RTL_test/lenet_conv1_only.cpp:126]   --->   Operation 484 'load' 'x_load_29' <Predicate = (!icmp_ln118)> <Delay = 3.25> <CoreInst = "RAM">   --->   Core 82 'RAM' <Latency = 1> <II = 1> <Delay = 3.25> <Storage> <Opcode : 'load' 'store'> <Ports = 2> <Width = 8> <Depth = 1024> <RAM>
ST_15 : Operation 485 [3/3] (1.05ns) (grouped into DSP with root node add_ln85_25)   --->   "%mul_ln85_34 = mul i16 %zext_ln126_40, i16 %LENET_C1_W_0_1_4_load_cast_cast" [Lenet_RTL_test/lenet_conv1_only.cpp:85->Lenet_RTL_test/lenet_conv1_only.cpp:131]   --->   Operation 485 'mul' 'mul_ln85_34' <Predicate = (!icmp_ln118)> <Delay = 1.05> <CoreInst = "DSP48">   --->   Core 119 'DSP48' <Latency = 3> <II = 1> <Delay = 2.15> <IPBlock> <Opcode : '<invalid operator> ' 'mul' 'add' 'sub' 'select'> <InPorts = 0> <OutPorts = 1> <Sync> <CReg>
ST_15 : Operation 486 [1/3] (0.00ns) (grouped into DSP with root node add_ln85_27)   --->   "%mul_ln85_35 = mul i16 %zext_ln85, i16 %LENET_C1_W_0_4_3_load_cast_cast" [Lenet_RTL_test/lenet_conv1_only.cpp:85->Lenet_RTL_test/lenet_conv1_only.cpp:131]   --->   Operation 486 'mul' 'mul_ln85_35' <Predicate = (!icmp_ln118)> <Delay = 0.00> <CoreInst = "DSP48">   --->   Core 119 'DSP48' <Latency = 3> <II = 1> <Delay = 2.15> <IPBlock> <Opcode : '<invalid operator> ' 'mul' 'add' 'sub' 'select'> <InPorts = 0> <OutPorts = 1> <Sync> <CReg>
ST_15 : Operation 487 [3/3] (1.05ns) (grouped into DSP with root node add_ln85_45)   --->   "%mul_ln85_36 = mul i15 %zext_ln126_22, i15 %LENET_C1_W_0_2_1_load_cast_cast" [Lenet_RTL_test/lenet_conv1_only.cpp:85->Lenet_RTL_test/lenet_conv1_only.cpp:131]   --->   Operation 487 'mul' 'mul_ln85_36' <Predicate = (!icmp_ln118)> <Delay = 1.05> <CoreInst = "DSP48">   --->   Core 119 'DSP48' <Latency = 3> <II = 1> <Delay = 2.15> <IPBlock> <Opcode : '<invalid operator> ' 'mul' 'add' 'sub' 'select'> <InPorts = 0> <OutPorts = 1> <Sync> <CReg>
ST_15 : Operation 488 [1/1] (4.17ns)   --->   "%mul_ln85_38 = mul i16 %zext_ln126_34, i16 %LENET_C1_W_0_4_1_load_cast_cast" [Lenet_RTL_test/lenet_conv1_only.cpp:85->Lenet_RTL_test/lenet_conv1_only.cpp:131]   --->   Operation 488 'mul' 'mul_ln85_38' <Predicate = (!icmp_ln118)> <Delay = 4.17> <CoreInst = "Multiplier">   --->   Core 3 'Multiplier' <Latency = 0> <II = 1> <Delay = 4.17> <FuncUnit> <Opcode : 'mul'> <InPorts = 2> <OutPorts = 1>
ST_15 : Operation 489 [2/3] (1.05ns) (grouped into DSP with root node add_ln85_44)   --->   "%mul_ln85_43 = mul i15 %zext_ln126_21, i15 %LENET_C1_W_0_2_0_load_cast_cast" [Lenet_RTL_test/lenet_conv1_only.cpp:85->Lenet_RTL_test/lenet_conv1_only.cpp:131]   --->   Operation 489 'mul' 'mul_ln85_43' <Predicate = (!icmp_ln118)> <Delay = 1.05> <CoreInst = "DSP48">   --->   Core 119 'DSP48' <Latency = 3> <II = 1> <Delay = 2.15> <IPBlock> <Opcode : '<invalid operator> ' 'mul' 'add' 'sub' 'select'> <InPorts = 0> <OutPorts = 1> <Sync> <CReg>
ST_15 : Operation 490 [2/3] (1.05ns) (grouped into DSP with root node add_ln85_32)   --->   "%mul_ln85_44 = mul i15 %zext_ln126_27, i15 %LENET_C1_W_0_3_0_load_cast_cast" [Lenet_RTL_test/lenet_conv1_only.cpp:85->Lenet_RTL_test/lenet_conv1_only.cpp:131]   --->   Operation 490 'mul' 'mul_ln85_44' <Predicate = (!icmp_ln118)> <Delay = 1.05> <CoreInst = "DSP48">   --->   Core 119 'DSP48' <Latency = 3> <II = 1> <Delay = 2.15> <IPBlock> <Opcode : '<invalid operator> ' 'mul' 'add' 'sub' 'select'> <InPorts = 0> <OutPorts = 1> <Sync> <CReg>
ST_15 : Operation 491 [2/2] (2.10ns) (root node of the DSP)   --->   "%add_ln85_27 = add i16 %mul_ln85_38, i16 %mul_ln85_35" [Lenet_RTL_test/lenet_conv1_only.cpp:85->Lenet_RTL_test/lenet_conv1_only.cpp:131]   --->   Operation 491 'add' 'add_ln85_27' <Predicate = (!icmp_ln118)> <Delay = 2.10> <CoreInst = "DSP48">   --->   Core 119 'DSP48' <Latency = 3> <II = 1> <Delay = 2.15> <IPBlock> <Opcode : '<invalid operator> ' 'mul' 'add' 'sub' 'select'> <InPorts = 0> <OutPorts = 1> <Sync> <CReg>
ST_15 : Operation 492 [1/2] (2.10ns) (root node of the DSP)   --->   "%add_ln85_30 = add i17 %sext_ln85_37, i17 %sext_ln85_45" [Lenet_RTL_test/lenet_conv1_only.cpp:85->Lenet_RTL_test/lenet_conv1_only.cpp:131]   --->   Operation 492 'add' 'add_ln85_30' <Predicate = (!icmp_ln118)> <Delay = 2.10> <CoreInst = "DSP48">   --->   Core 119 'DSP48' <Latency = 3> <II = 1> <Delay = 2.15> <IPBlock> <Opcode : '<invalid operator> ' 'mul' 'add' 'sub' 'select'> <InPorts = 0> <OutPorts = 1> <Sync> <CReg>

State 16 <SV = 15> <Delay = 6.27>
ST_16 : Operation 493 [1/1] (0.00ns)   --->   "%zext_ln126_36 = zext i8 %x_load_23" [Lenet_RTL_test/lenet_conv1_only.cpp:126]   --->   Operation 493 'zext' 'zext_ln126_36' <Predicate = true> <Delay = 0.00>
ST_16 : Operation 494 [1/3] (0.00ns) (grouped into DSP with root node add_ln85_1)   --->   "%mul_ln85_2 = mul i15 %zext_ln126_35, i15 %LENET_C1_W_0_4_2_load_cast_cast" [Lenet_RTL_test/lenet_conv1_only.cpp:85->Lenet_RTL_test/lenet_conv1_only.cpp:131]   --->   Operation 494 'mul' 'mul_ln85_2' <Predicate = true> <Delay = 0.00> <CoreInst = "DSP48">   --->   Core 119 'DSP48' <Latency = 3> <II = 1> <Delay = 2.15> <IPBlock> <Opcode : '<invalid operator> ' 'mul' 'add' 'sub' 'select'> <InPorts = 0> <OutPorts = 1> <Sync> <CReg>
ST_16 : Operation 495 [1/1] (0.00ns) (grouped into DSP with root node add_ln85_1)   --->   "%sext_ln85_2 = sext i15 %mul_ln85_2" [Lenet_RTL_test/lenet_conv1_only.cpp:85->Lenet_RTL_test/lenet_conv1_only.cpp:131]   --->   Operation 495 'sext' 'sext_ln85_2' <Predicate = true> <Delay = 0.00>
ST_16 : Operation 496 [2/3] (1.05ns) (grouped into DSP with root node add_ln85_7)   --->   "%mul_ln85_21 = mul i16 %zext_ln126_25, i16 %LENET_C1_W_0_2_4_load_cast_cast" [Lenet_RTL_test/lenet_conv1_only.cpp:85->Lenet_RTL_test/lenet_conv1_only.cpp:131]   --->   Operation 496 'mul' 'mul_ln85_21' <Predicate = true> <Delay = 1.05> <CoreInst = "DSP48">   --->   Core 119 'DSP48' <Latency = 3> <II = 1> <Delay = 2.15> <IPBlock> <Opcode : '<invalid operator> ' 'mul' 'add' 'sub' 'select'> <InPorts = 0> <OutPorts = 1> <Sync> <CReg>
ST_16 : Operation 497 [1/2] (2.10ns) (root node of the DSP)   --->   "%add_ln85 = add i16 %mul_ln85_10, i16 %mul_ln85_13" [Lenet_RTL_test/lenet_conv1_only.cpp:85->Lenet_RTL_test/lenet_conv1_only.cpp:131]   --->   Operation 497 'add' 'add_ln85' <Predicate = true> <Delay = 2.10> <CoreInst = "DSP48">   --->   Core 119 'DSP48' <Latency = 3> <II = 1> <Delay = 2.15> <IPBlock> <Opcode : '<invalid operator> ' 'mul' 'add' 'sub' 'select'> <InPorts = 0> <OutPorts = 1> <Sync> <CReg>
ST_16 : Operation 498 [1/1] (0.00ns)   --->   "%sext_ln85_14 = sext i16 %add_ln85" [Lenet_RTL_test/lenet_conv1_only.cpp:85->Lenet_RTL_test/lenet_conv1_only.cpp:131]   --->   Operation 498 'sext' 'sext_ln85_14' <Predicate = true> <Delay = 0.00>
ST_16 : Operation 499 [2/2] (2.10ns) (root node of the DSP)   --->   "%add_ln85_1 = add i17 %sext_ln85_14, i17 %sext_ln85_2" [Lenet_RTL_test/lenet_conv1_only.cpp:85->Lenet_RTL_test/lenet_conv1_only.cpp:131]   --->   Operation 499 'add' 'add_ln85_1' <Predicate = true> <Delay = 2.10> <CoreInst = "DSP48">   --->   Core 119 'DSP48' <Latency = 3> <II = 1> <Delay = 2.15> <IPBlock> <Opcode : '<invalid operator> ' 'mul' 'add' 'sub' 'select'> <InPorts = 0> <OutPorts = 1> <Sync> <CReg>
ST_16 : Operation 500 [1/2] (2.10ns) (root node of the DSP)   --->   "%add_ln85_6 = add i18 %sext_ln85_18, i18 %sext_ln85_5" [Lenet_RTL_test/lenet_conv1_only.cpp:85->Lenet_RTL_test/lenet_conv1_only.cpp:131]   --->   Operation 500 'add' 'add_ln85_6' <Predicate = true> <Delay = 2.10> <CoreInst = "DSP48">   --->   Core 119 'DSP48' <Latency = 3> <II = 1> <Delay = 2.15> <IPBlock> <Opcode : '<invalid operator> ' 'mul' 'add' 'sub' 'select'> <InPorts = 0> <OutPorts = 1> <Sync> <CReg>
ST_16 : Operation 501 [1/1] (0.00ns)   --->   "%sext_ln85_29 = sext i19 %add_ln85_16" [Lenet_RTL_test/lenet_conv1_only.cpp:85->Lenet_RTL_test/lenet_conv1_only.cpp:131]   --->   Operation 501 'sext' 'sext_ln85_29' <Predicate = true> <Delay = 0.00>
ST_16 : Operation 502 [1/1] (0.00ns)   --->   "%sext_ln85_33 = sext i19 %add_ln85_22" [Lenet_RTL_test/lenet_conv1_only.cpp:85->Lenet_RTL_test/lenet_conv1_only.cpp:131]   --->   Operation 502 'sext' 'sext_ln85_33' <Predicate = true> <Delay = 0.00>
ST_16 : Operation 503 [1/1] (2.16ns)   --->   "%add_ln85_23 = add i20 %sext_ln85_33, i20 %sext_ln85_29" [Lenet_RTL_test/lenet_conv1_only.cpp:85->Lenet_RTL_test/lenet_conv1_only.cpp:131]   --->   Operation 503 'add' 'add_ln85_23' <Predicate = true> <Delay = 2.16> <CoreInst = "Adder">   --->   Core 1 'Adder' <Latency = 0> <II = 1> <Delay = 2.19> <FuncUnit> <Opcode : 'add' 'sub'> <InPorts = 2> <OutPorts = 1>
ST_16 : Operation 504 [1/1] (0.00ns)   --->   "%zext_ln126_39 = zext i8 %x_load_25" [Lenet_RTL_test/lenet_conv1_only.cpp:126]   --->   Operation 504 'zext' 'zext_ln126_39' <Predicate = true> <Delay = 0.00>
ST_16 : Operation 505 [1/1] (0.00ns)   --->   "%zext_ln126_41 = zext i8 %x_load_27" [Lenet_RTL_test/lenet_conv1_only.cpp:126]   --->   Operation 505 'zext' 'zext_ln126_41' <Predicate = true> <Delay = 0.00>
ST_16 : Operation 506 [1/2] (3.25ns)   --->   "%x_load_28 = load i10 %x_addr_28" [Lenet_RTL_test/lenet_conv1_only.cpp:126]   --->   Operation 506 'load' 'x_load_28' <Predicate = true> <Delay = 3.25> <CoreInst = "RAM">   --->   Core 82 'RAM' <Latency = 1> <II = 1> <Delay = 3.25> <Storage> <Opcode : 'load' 'store'> <Ports = 2> <Width = 8> <Depth = 1024> <RAM>
ST_16 : Operation 507 [1/2] (3.25ns)   --->   "%x_load_29 = load i10 %x_addr_29" [Lenet_RTL_test/lenet_conv1_only.cpp:126]   --->   Operation 507 'load' 'x_load_29' <Predicate = true> <Delay = 3.25> <CoreInst = "RAM">   --->   Core 82 'RAM' <Latency = 1> <II = 1> <Delay = 3.25> <Storage> <Opcode : 'load' 'store'> <Ports = 2> <Width = 8> <Depth = 1024> <RAM>
ST_16 : Operation 508 [3/3] (1.05ns) (grouped into DSP with root node add_ln85_31)   --->   "%mul_ln85_27 = mul i15 %zext_ln126_36, i15 %LENET_C1_W_0_4_2_load_cast_cast" [Lenet_RTL_test/lenet_conv1_only.cpp:85->Lenet_RTL_test/lenet_conv1_only.cpp:131]   --->   Operation 508 'mul' 'mul_ln85_27' <Predicate = true> <Delay = 1.05> <CoreInst = "DSP48">   --->   Core 119 'DSP48' <Latency = 3> <II = 1> <Delay = 2.15> <IPBlock> <Opcode : '<invalid operator> ' 'mul' 'add' 'sub' 'select'> <InPorts = 0> <OutPorts = 1> <Sync> <CReg>
ST_16 : Operation 509 [1/1] (4.17ns)   --->   "%mul_ln85_30 = mul i16 %zext_ln126_24, i16 %LENET_C1_W_0_2_2_load_cast_cast" [Lenet_RTL_test/lenet_conv1_only.cpp:85->Lenet_RTL_test/lenet_conv1_only.cpp:131]   --->   Operation 509 'mul' 'mul_ln85_30' <Predicate = true> <Delay = 4.17> <CoreInst = "Multiplier">   --->   Core 3 'Multiplier' <Latency = 0> <II = 1> <Delay = 4.17> <FuncUnit> <Opcode : 'mul'> <InPorts = 2> <OutPorts = 1>
ST_16 : Operation 510 [1/1] (0.00ns)   --->   "%sext_ln85_40 = sext i16 %mul_ln85_30" [Lenet_RTL_test/lenet_conv1_only.cpp:85->Lenet_RTL_test/lenet_conv1_only.cpp:131]   --->   Operation 510 'sext' 'sext_ln85_40' <Predicate = true> <Delay = 0.00>
ST_16 : Operation 511 [2/3] (1.05ns) (grouped into DSP with root node add_ln85_25)   --->   "%mul_ln85_34 = mul i16 %zext_ln126_40, i16 %LENET_C1_W_0_1_4_load_cast_cast" [Lenet_RTL_test/lenet_conv1_only.cpp:85->Lenet_RTL_test/lenet_conv1_only.cpp:131]   --->   Operation 511 'mul' 'mul_ln85_34' <Predicate = true> <Delay = 1.05> <CoreInst = "DSP48">   --->   Core 119 'DSP48' <Latency = 3> <II = 1> <Delay = 2.15> <IPBlock> <Opcode : '<invalid operator> ' 'mul' 'add' 'sub' 'select'> <InPorts = 0> <OutPorts = 1> <Sync> <CReg>
ST_16 : Operation 512 [2/3] (1.05ns) (grouped into DSP with root node add_ln85_45)   --->   "%mul_ln85_36 = mul i15 %zext_ln126_22, i15 %LENET_C1_W_0_2_1_load_cast_cast" [Lenet_RTL_test/lenet_conv1_only.cpp:85->Lenet_RTL_test/lenet_conv1_only.cpp:131]   --->   Operation 512 'mul' 'mul_ln85_36' <Predicate = true> <Delay = 1.05> <CoreInst = "DSP48">   --->   Core 119 'DSP48' <Latency = 3> <II = 1> <Delay = 2.15> <IPBlock> <Opcode : '<invalid operator> ' 'mul' 'add' 'sub' 'select'> <InPorts = 0> <OutPorts = 1> <Sync> <CReg>
ST_16 : Operation 513 [3/3] (1.05ns) (grouped into DSP with root node add_ln85_28)   --->   "%mul_ln85_40 = mul i16 %zext_ln126_39, i16 %LENET_C1_W_0_0_4_load_cast_cast" [Lenet_RTL_test/lenet_conv1_only.cpp:85->Lenet_RTL_test/lenet_conv1_only.cpp:131]   --->   Operation 513 'mul' 'mul_ln85_40' <Predicate = true> <Delay = 1.05> <CoreInst = "DSP48">   --->   Core 119 'DSP48' <Latency = 3> <II = 1> <Delay = 2.15> <IPBlock> <Opcode : '<invalid operator> ' 'mul' 'add' 'sub' 'select'> <InPorts = 0> <OutPorts = 1> <Sync> <CReg>
ST_16 : Operation 514 [1/3] (0.00ns) (grouped into DSP with root node add_ln85_44)   --->   "%mul_ln85_43 = mul i15 %zext_ln126_21, i15 %LENET_C1_W_0_2_0_load_cast_cast" [Lenet_RTL_test/lenet_conv1_only.cpp:85->Lenet_RTL_test/lenet_conv1_only.cpp:131]   --->   Operation 514 'mul' 'mul_ln85_43' <Predicate = true> <Delay = 0.00> <CoreInst = "DSP48">   --->   Core 119 'DSP48' <Latency = 3> <II = 1> <Delay = 2.15> <IPBlock> <Opcode : '<invalid operator> ' 'mul' 'add' 'sub' 'select'> <InPorts = 0> <OutPorts = 1> <Sync> <CReg>
ST_16 : Operation 515 [1/1] (0.00ns) (grouped into DSP with root node add_ln85_44)   --->   "%zext_ln85_19 = zext i15 %mul_ln85_43" [Lenet_RTL_test/lenet_conv1_only.cpp:85->Lenet_RTL_test/lenet_conv1_only.cpp:131]   --->   Operation 515 'zext' 'zext_ln85_19' <Predicate = true> <Delay = 0.00>
ST_16 : Operation 516 [1/3] (0.00ns) (grouped into DSP with root node add_ln85_32)   --->   "%mul_ln85_44 = mul i15 %zext_ln126_27, i15 %LENET_C1_W_0_3_0_load_cast_cast" [Lenet_RTL_test/lenet_conv1_only.cpp:85->Lenet_RTL_test/lenet_conv1_only.cpp:131]   --->   Operation 516 'mul' 'mul_ln85_44' <Predicate = true> <Delay = 0.00> <CoreInst = "DSP48">   --->   Core 119 'DSP48' <Latency = 3> <II = 1> <Delay = 2.15> <IPBlock> <Opcode : '<invalid operator> ' 'mul' 'add' 'sub' 'select'> <InPorts = 0> <OutPorts = 1> <Sync> <CReg>
ST_16 : Operation 517 [1/1] (0.00ns) (grouped into DSP with root node add_ln85_32)   --->   "%zext_ln85_20 = zext i15 %mul_ln85_44" [Lenet_RTL_test/lenet_conv1_only.cpp:85->Lenet_RTL_test/lenet_conv1_only.cpp:131]   --->   Operation 517 'zext' 'zext_ln85_20' <Predicate = true> <Delay = 0.00>
ST_16 : Operation 518 [3/3] (1.05ns) (grouped into DSP with root node add_ln85_26)   --->   "%mul_ln85_46 = mul i16 %zext_ln126_41, i16 %LENET_C1_W_0_2_4_load_cast_cast" [Lenet_RTL_test/lenet_conv1_only.cpp:85->Lenet_RTL_test/lenet_conv1_only.cpp:131]   --->   Operation 518 'mul' 'mul_ln85_46' <Predicate = true> <Delay = 1.05> <CoreInst = "DSP48">   --->   Core 119 'DSP48' <Latency = 3> <II = 1> <Delay = 2.15> <IPBlock> <Opcode : '<invalid operator> ' 'mul' 'add' 'sub' 'select'> <InPorts = 0> <OutPorts = 1> <Sync> <CReg>
ST_16 : Operation 519 [1/1] (4.17ns)   --->   "%mul_ln85_48 = mul i16 %zext_ln126_30, i16 %LENET_C1_W_0_3_2_load_cast_cast" [Lenet_RTL_test/lenet_conv1_only.cpp:85->Lenet_RTL_test/lenet_conv1_only.cpp:131]   --->   Operation 519 'mul' 'mul_ln85_48' <Predicate = true> <Delay = 4.17> <CoreInst = "Multiplier">   --->   Core 3 'Multiplier' <Latency = 0> <II = 1> <Delay = 4.17> <FuncUnit> <Opcode : 'mul'> <InPorts = 2> <OutPorts = 1>
ST_16 : Operation 520 [1/1] (0.00ns)   --->   "%sext_ln85_48 = sext i16 %mul_ln85_48" [Lenet_RTL_test/lenet_conv1_only.cpp:85->Lenet_RTL_test/lenet_conv1_only.cpp:131]   --->   Operation 520 'sext' 'sext_ln85_48' <Predicate = true> <Delay = 0.00>
ST_16 : Operation 521 [1/2] (2.10ns) (root node of the DSP)   --->   "%add_ln85_27 = add i16 %mul_ln85_38, i16 %mul_ln85_35" [Lenet_RTL_test/lenet_conv1_only.cpp:85->Lenet_RTL_test/lenet_conv1_only.cpp:131]   --->   Operation 521 'add' 'add_ln85_27' <Predicate = true> <Delay = 2.10> <CoreInst = "DSP48">   --->   Core 119 'DSP48' <Latency = 3> <II = 1> <Delay = 2.15> <IPBlock> <Opcode : '<invalid operator> ' 'mul' 'add' 'sub' 'select'> <InPorts = 0> <OutPorts = 1> <Sync> <CReg>
ST_16 : Operation 522 [2/2] (2.10ns) (root node of the DSP)   --->   "%add_ln85_32 = add i17 %zext_ln85_20, i17 %sext_ln85_48" [Lenet_RTL_test/lenet_conv1_only.cpp:85->Lenet_RTL_test/lenet_conv1_only.cpp:131]   --->   Operation 522 'add' 'add_ln85_32' <Predicate = true> <Delay = 2.10> <CoreInst = "DSP48">   --->   Core 119 'DSP48' <Latency = 3> <II = 1> <Delay = 2.15> <IPBlock> <Opcode : '<invalid operator> ' 'mul' 'add' 'sub' 'select'> <InPorts = 0> <OutPorts = 1> <Sync> <CReg>
ST_16 : Operation 523 [2/2] (2.10ns) (root node of the DSP)   --->   "%add_ln85_44 = add i17 %zext_ln85_19, i17 %sext_ln85_40" [Lenet_RTL_test/lenet_conv1_only.cpp:85->Lenet_RTL_test/lenet_conv1_only.cpp:131]   --->   Operation 523 'add' 'add_ln85_44' <Predicate = true> <Delay = 2.10> <CoreInst = "DSP48">   --->   Core 119 'DSP48' <Latency = 3> <II = 1> <Delay = 2.15> <IPBlock> <Opcode : '<invalid operator> ' 'mul' 'add' 'sub' 'select'> <InPorts = 0> <OutPorts = 1> <Sync> <CReg>

State 17 <SV = 16> <Delay = 6.27>
ST_17 : Operation 524 [1/1] (0.00ns)   --->   "%sext_ln85_4 = sext i16 %mul_ln85_5" [Lenet_RTL_test/lenet_conv1_only.cpp:85->Lenet_RTL_test/lenet_conv1_only.cpp:131]   --->   Operation 524 'sext' 'sext_ln85_4' <Predicate = true> <Delay = 0.00>
ST_17 : Operation 525 [1/3] (0.00ns) (grouped into DSP with root node add_ln85_7)   --->   "%mul_ln85_21 = mul i16 %zext_ln126_25, i16 %LENET_C1_W_0_2_4_load_cast_cast" [Lenet_RTL_test/lenet_conv1_only.cpp:85->Lenet_RTL_test/lenet_conv1_only.cpp:131]   --->   Operation 525 'mul' 'mul_ln85_21' <Predicate = true> <Delay = 0.00> <CoreInst = "DSP48">   --->   Core 119 'DSP48' <Latency = 3> <II = 1> <Delay = 2.15> <IPBlock> <Opcode : '<invalid operator> ' 'mul' 'add' 'sub' 'select'> <InPorts = 0> <OutPorts = 1> <Sync> <CReg>
ST_17 : Operation 526 [1/1] (0.00ns) (grouped into DSP with root node add_ln85_7)   --->   "%sext_ln85_10 = sext i16 %mul_ln85_21" [Lenet_RTL_test/lenet_conv1_only.cpp:85->Lenet_RTL_test/lenet_conv1_only.cpp:131]   --->   Operation 526 'sext' 'sext_ln85_10' <Predicate = true> <Delay = 0.00>
ST_17 : Operation 527 [1/2] (2.10ns) (root node of the DSP)   --->   "%add_ln85_1 = add i17 %sext_ln85_14, i17 %sext_ln85_2" [Lenet_RTL_test/lenet_conv1_only.cpp:85->Lenet_RTL_test/lenet_conv1_only.cpp:131]   --->   Operation 527 'add' 'add_ln85_1' <Predicate = true> <Delay = 2.10> <CoreInst = "DSP48">   --->   Core 119 'DSP48' <Latency = 3> <II = 1> <Delay = 2.15> <IPBlock> <Opcode : '<invalid operator> ' 'mul' 'add' 'sub' 'select'> <InPorts = 0> <OutPorts = 1> <Sync> <CReg>
ST_17 : Operation 528 [1/1] (0.00ns)   --->   "%sext_ln85_15 = sext i17 %add_ln85_1" [Lenet_RTL_test/lenet_conv1_only.cpp:85->Lenet_RTL_test/lenet_conv1_only.cpp:131]   --->   Operation 528 'sext' 'sext_ln85_15' <Predicate = true> <Delay = 0.00>
ST_17 : Operation 529 [1/1] (2.13ns)   --->   "%add_ln85_4 = add i18 %add_ln85_3, i18 %sext_ln85_15" [Lenet_RTL_test/lenet_conv1_only.cpp:85->Lenet_RTL_test/lenet_conv1_only.cpp:131]   --->   Operation 529 'add' 'add_ln85_4' <Predicate = true> <Delay = 2.13> <CoreInst = "Adder">   --->   Core 1 'Adder' <Latency = 0> <II = 1> <Delay = 2.13> <FuncUnit> <Opcode : 'add' 'sub'> <InPorts = 2> <OutPorts = 1>
ST_17 : Operation 530 [2/2] (2.10ns) (root node of the DSP)   --->   "%add_ln85_7 = add i17 %sext_ln85_4, i17 %sext_ln85_10" [Lenet_RTL_test/lenet_conv1_only.cpp:85->Lenet_RTL_test/lenet_conv1_only.cpp:131]   --->   Operation 530 'add' 'add_ln85_7' <Predicate = true> <Delay = 2.10> <CoreInst = "DSP48">   --->   Core 119 'DSP48' <Latency = 3> <II = 1> <Delay = 2.15> <IPBlock> <Opcode : '<invalid operator> ' 'mul' 'add' 'sub' 'select'> <InPorts = 0> <OutPorts = 1> <Sync> <CReg>
ST_17 : Operation 531 [1/1] (0.00ns)   --->   "%zext_ln126_42 = zext i8 %x_load_28" [Lenet_RTL_test/lenet_conv1_only.cpp:126]   --->   Operation 531 'zext' 'zext_ln126_42' <Predicate = true> <Delay = 0.00>
ST_17 : Operation 532 [1/1] (0.00ns)   --->   "%zext_ln85_11 = zext i8 %x_load_29" [Lenet_RTL_test/lenet_conv1_only.cpp:85->Lenet_RTL_test/lenet_conv1_only.cpp:131]   --->   Operation 532 'zext' 'zext_ln85_11' <Predicate = true> <Delay = 0.00>
ST_17 : Operation 533 [2/3] (1.05ns) (grouped into DSP with root node add_ln85_31)   --->   "%mul_ln85_27 = mul i15 %zext_ln126_36, i15 %LENET_C1_W_0_4_2_load_cast_cast" [Lenet_RTL_test/lenet_conv1_only.cpp:85->Lenet_RTL_test/lenet_conv1_only.cpp:131]   --->   Operation 533 'mul' 'mul_ln85_27' <Predicate = true> <Delay = 1.05> <CoreInst = "DSP48">   --->   Core 119 'DSP48' <Latency = 3> <II = 1> <Delay = 2.15> <IPBlock> <Opcode : '<invalid operator> ' 'mul' 'add' 'sub' 'select'> <InPorts = 0> <OutPorts = 1> <Sync> <CReg>
ST_17 : Operation 534 [1/3] (0.00ns) (grouped into DSP with root node add_ln85_25)   --->   "%mul_ln85_34 = mul i16 %zext_ln126_40, i16 %LENET_C1_W_0_1_4_load_cast_cast" [Lenet_RTL_test/lenet_conv1_only.cpp:85->Lenet_RTL_test/lenet_conv1_only.cpp:131]   --->   Operation 534 'mul' 'mul_ln85_34' <Predicate = true> <Delay = 0.00> <CoreInst = "DSP48">   --->   Core 119 'DSP48' <Latency = 3> <II = 1> <Delay = 2.15> <IPBlock> <Opcode : '<invalid operator> ' 'mul' 'add' 'sub' 'select'> <InPorts = 0> <OutPorts = 1> <Sync> <CReg>
ST_17 : Operation 535 [1/1] (0.00ns) (grouped into DSP with root node add_ln85_25)   --->   "%sext_ln85_42 = sext i16 %mul_ln85_34" [Lenet_RTL_test/lenet_conv1_only.cpp:85->Lenet_RTL_test/lenet_conv1_only.cpp:131]   --->   Operation 535 'sext' 'sext_ln85_42' <Predicate = true> <Delay = 0.00>
ST_17 : Operation 536 [1/3] (0.00ns) (grouped into DSP with root node add_ln85_45)   --->   "%mul_ln85_36 = mul i15 %zext_ln126_22, i15 %LENET_C1_W_0_2_1_load_cast_cast" [Lenet_RTL_test/lenet_conv1_only.cpp:85->Lenet_RTL_test/lenet_conv1_only.cpp:131]   --->   Operation 536 'mul' 'mul_ln85_36' <Predicate = true> <Delay = 0.00> <CoreInst = "DSP48">   --->   Core 119 'DSP48' <Latency = 3> <II = 1> <Delay = 2.15> <IPBlock> <Opcode : '<invalid operator> ' 'mul' 'add' 'sub' 'select'> <InPorts = 0> <OutPorts = 1> <Sync> <CReg>
ST_17 : Operation 537 [1/1] (0.00ns) (grouped into DSP with root node add_ln85_45)   --->   "%zext_ln85_15 = zext i15 %mul_ln85_36" [Lenet_RTL_test/lenet_conv1_only.cpp:85->Lenet_RTL_test/lenet_conv1_only.cpp:131]   --->   Operation 537 'zext' 'zext_ln85_15' <Predicate = true> <Delay = 0.00>
ST_17 : Operation 538 [2/3] (1.05ns) (grouped into DSP with root node add_ln85_28)   --->   "%mul_ln85_40 = mul i16 %zext_ln126_39, i16 %LENET_C1_W_0_0_4_load_cast_cast" [Lenet_RTL_test/lenet_conv1_only.cpp:85->Lenet_RTL_test/lenet_conv1_only.cpp:131]   --->   Operation 538 'mul' 'mul_ln85_40' <Predicate = true> <Delay = 1.05> <CoreInst = "DSP48">   --->   Core 119 'DSP48' <Latency = 3> <II = 1> <Delay = 2.15> <IPBlock> <Opcode : '<invalid operator> ' 'mul' 'add' 'sub' 'select'> <InPorts = 0> <OutPorts = 1> <Sync> <CReg>
ST_17 : Operation 539 [1/1] (4.17ns)   --->   "%mul_ln85_41 = mul i16 %zext_ln126_42, i16 %LENET_C1_W_0_3_4_load_cast_cast" [Lenet_RTL_test/lenet_conv1_only.cpp:85->Lenet_RTL_test/lenet_conv1_only.cpp:131]   --->   Operation 539 'mul' 'mul_ln85_41' <Predicate = true> <Delay = 4.17> <CoreInst = "Multiplier">   --->   Core 3 'Multiplier' <Latency = 0> <II = 1> <Delay = 4.17> <FuncUnit> <Opcode : 'mul'> <InPorts = 2> <OutPorts = 1>
ST_17 : Operation 540 [1/1] (0.00ns)   --->   "%sext_ln85_44 = sext i16 %mul_ln85_41" [Lenet_RTL_test/lenet_conv1_only.cpp:85->Lenet_RTL_test/lenet_conv1_only.cpp:131]   --->   Operation 540 'sext' 'sext_ln85_44' <Predicate = true> <Delay = 0.00>
ST_17 : Operation 541 [2/3] (1.05ns) (grouped into DSP with root node add_ln85_26)   --->   "%mul_ln85_46 = mul i16 %zext_ln126_41, i16 %LENET_C1_W_0_2_4_load_cast_cast" [Lenet_RTL_test/lenet_conv1_only.cpp:85->Lenet_RTL_test/lenet_conv1_only.cpp:131]   --->   Operation 541 'mul' 'mul_ln85_46' <Predicate = true> <Delay = 1.05> <CoreInst = "DSP48">   --->   Core 119 'DSP48' <Latency = 3> <II = 1> <Delay = 2.15> <IPBlock> <Opcode : '<invalid operator> ' 'mul' 'add' 'sub' 'select'> <InPorts = 0> <OutPorts = 1> <Sync> <CReg>
ST_17 : Operation 542 [1/1] (4.17ns)   --->   "%mul_ln85_49 = mul i16 %zext_ln85_11, i16 %sext_ln118_cast" [Lenet_RTL_test/lenet_conv1_only.cpp:85->Lenet_RTL_test/lenet_conv1_only.cpp:131]   --->   Operation 542 'mul' 'mul_ln85_49' <Predicate = true> <Delay = 4.17> <CoreInst = "Multiplier">   --->   Core 3 'Multiplier' <Latency = 0> <II = 1> <Delay = 4.17> <FuncUnit> <Opcode : 'mul'> <InPorts = 2> <OutPorts = 1>
ST_17 : Operation 543 [1/1] (0.00ns)   --->   "%sext_ln85_49 = sext i16 %mul_ln85_49" [Lenet_RTL_test/lenet_conv1_only.cpp:85->Lenet_RTL_test/lenet_conv1_only.cpp:131]   --->   Operation 543 'sext' 'sext_ln85_49' <Predicate = true> <Delay = 0.00>
ST_17 : Operation 544 [2/2] (2.10ns) (root node of the DSP)   --->   "%add_ln85_25 = add i17 %sext_ln85_44, i17 %sext_ln85_42" [Lenet_RTL_test/lenet_conv1_only.cpp:85->Lenet_RTL_test/lenet_conv1_only.cpp:131]   --->   Operation 544 'add' 'add_ln85_25' <Predicate = true> <Delay = 2.10> <CoreInst = "DSP48">   --->   Core 119 'DSP48' <Latency = 3> <II = 1> <Delay = 2.15> <IPBlock> <Opcode : '<invalid operator> ' 'mul' 'add' 'sub' 'select'> <InPorts = 0> <OutPorts = 1> <Sync> <CReg>
ST_17 : Operation 545 [1/2] (2.10ns) (root node of the DSP)   --->   "%add_ln85_32 = add i17 %zext_ln85_20, i17 %sext_ln85_48" [Lenet_RTL_test/lenet_conv1_only.cpp:85->Lenet_RTL_test/lenet_conv1_only.cpp:131]   --->   Operation 545 'add' 'add_ln85_32' <Predicate = true> <Delay = 2.10> <CoreInst = "DSP48">   --->   Core 119 'DSP48' <Latency = 3> <II = 1> <Delay = 2.15> <IPBlock> <Opcode : '<invalid operator> ' 'mul' 'add' 'sub' 'select'> <InPorts = 0> <OutPorts = 1> <Sync> <CReg>
ST_17 : Operation 546 [1/1] (0.00ns)   --->   "%sext_ln85_56 = sext i17 %add_ln85_32" [Lenet_RTL_test/lenet_conv1_only.cpp:85->Lenet_RTL_test/lenet_conv1_only.cpp:131]   --->   Operation 546 'sext' 'sext_ln85_56' <Predicate = true> <Delay = 0.00>
ST_17 : Operation 547 [1/1] (0.00ns)   --->   "%sext_ln85_57 = sext i17 %add_ln85_33" [Lenet_RTL_test/lenet_conv1_only.cpp:85->Lenet_RTL_test/lenet_conv1_only.cpp:131]   --->   Operation 547 'sext' 'sext_ln85_57' <Predicate = true> <Delay = 0.00>
ST_17 : Operation 548 [1/1] (2.10ns)   --->   "%add_ln85_34 = add i18 %sext_ln85_57, i18 %sext_ln85_56" [Lenet_RTL_test/lenet_conv1_only.cpp:85->Lenet_RTL_test/lenet_conv1_only.cpp:131]   --->   Operation 548 'add' 'add_ln85_34' <Predicate = true> <Delay = 2.10> <CoreInst = "Adder">   --->   Core 1 'Adder' <Latency = 0> <II = 1> <Delay = 2.13> <FuncUnit> <Opcode : 'add' 'sub'> <InPorts = 2> <OutPorts = 1>
ST_17 : Operation 549 [1/2] (2.10ns) (root node of the DSP)   --->   "%add_ln85_44 = add i17 %zext_ln85_19, i17 %sext_ln85_40" [Lenet_RTL_test/lenet_conv1_only.cpp:85->Lenet_RTL_test/lenet_conv1_only.cpp:131]   --->   Operation 549 'add' 'add_ln85_44' <Predicate = true> <Delay = 2.10> <CoreInst = "DSP48">   --->   Core 119 'DSP48' <Latency = 3> <II = 1> <Delay = 2.15> <IPBlock> <Opcode : '<invalid operator> ' 'mul' 'add' 'sub' 'select'> <InPorts = 0> <OutPorts = 1> <Sync> <CReg>
ST_17 : Operation 550 [2/2] (2.10ns) (root node of the DSP)   --->   "%add_ln85_45 = add i17 %zext_ln85_15, i17 %sext_ln85_49" [Lenet_RTL_test/lenet_conv1_only.cpp:85->Lenet_RTL_test/lenet_conv1_only.cpp:131]   --->   Operation 550 'add' 'add_ln85_45' <Predicate = true> <Delay = 2.10> <CoreInst = "DSP48">   --->   Core 119 'DSP48' <Latency = 3> <II = 1> <Delay = 2.15> <IPBlock> <Opcode : '<invalid operator> ' 'mul' 'add' 'sub' 'select'> <InPorts = 0> <OutPorts = 1> <Sync> <CReg>

State 18 <SV = 17> <Delay = 6.34>
ST_18 : Operation 551 [1/1] (0.00ns)   --->   "%sext_ln85_19 = sext i18 %add_ln85_6" [Lenet_RTL_test/lenet_conv1_only.cpp:85->Lenet_RTL_test/lenet_conv1_only.cpp:131]   --->   Operation 551 'sext' 'sext_ln85_19' <Predicate = true> <Delay = 0.00>
ST_18 : Operation 552 [1/2] (2.10ns) (root node of the DSP)   --->   "%add_ln85_7 = add i17 %sext_ln85_4, i17 %sext_ln85_10" [Lenet_RTL_test/lenet_conv1_only.cpp:85->Lenet_RTL_test/lenet_conv1_only.cpp:131]   --->   Operation 552 'add' 'add_ln85_7' <Predicate = true> <Delay = 2.10> <CoreInst = "DSP48">   --->   Core 119 'DSP48' <Latency = 3> <II = 1> <Delay = 2.15> <IPBlock> <Opcode : '<invalid operator> ' 'mul' 'add' 'sub' 'select'> <InPorts = 0> <OutPorts = 1> <Sync> <CReg>
ST_18 : Operation 553 [1/1] (0.00ns)   --->   "%sext_ln85_20 = sext i17 %add_ln85_7" [Lenet_RTL_test/lenet_conv1_only.cpp:85->Lenet_RTL_test/lenet_conv1_only.cpp:131]   --->   Operation 553 'sext' 'sext_ln85_20' <Predicate = true> <Delay = 0.00>
ST_18 : Operation 554 [1/1] (0.00ns)   --->   "%sext_ln85_21 = sext i17 %add_ln85_8" [Lenet_RTL_test/lenet_conv1_only.cpp:85->Lenet_RTL_test/lenet_conv1_only.cpp:131]   --->   Operation 554 'sext' 'sext_ln85_21' <Predicate = true> <Delay = 0.00>
ST_18 : Operation 555 [1/1] (2.10ns)   --->   "%add_ln85_9 = add i18 %sext_ln85_21, i18 %sext_ln85_20" [Lenet_RTL_test/lenet_conv1_only.cpp:85->Lenet_RTL_test/lenet_conv1_only.cpp:131]   --->   Operation 555 'add' 'add_ln85_9' <Predicate = true> <Delay = 2.10> <CoreInst = "Adder">   --->   Core 1 'Adder' <Latency = 0> <II = 1> <Delay = 2.13> <FuncUnit> <Opcode : 'add' 'sub'> <InPorts = 2> <OutPorts = 1>
ST_18 : Operation 556 [1/1] (0.00ns)   --->   "%sext_ln85_22 = sext i18 %add_ln85_9" [Lenet_RTL_test/lenet_conv1_only.cpp:85->Lenet_RTL_test/lenet_conv1_only.cpp:131]   --->   Operation 556 'sext' 'sext_ln85_22' <Predicate = true> <Delay = 0.00>
ST_18 : Operation 557 [1/1] (2.13ns)   --->   "%add_ln85_10 = add i19 %sext_ln85_22, i19 %sext_ln85_19" [Lenet_RTL_test/lenet_conv1_only.cpp:85->Lenet_RTL_test/lenet_conv1_only.cpp:131]   --->   Operation 557 'add' 'add_ln85_10' <Predicate = true> <Delay = 2.13> <CoreInst = "Adder">   --->   Core 1 'Adder' <Latency = 0> <II = 1> <Delay = 2.16> <FuncUnit> <Opcode : 'add' 'sub'> <InPorts = 2> <OutPorts = 1>
ST_18 : Operation 558 [1/3] (0.00ns) (grouped into DSP with root node add_ln85_31)   --->   "%mul_ln85_27 = mul i15 %zext_ln126_36, i15 %LENET_C1_W_0_4_2_load_cast_cast" [Lenet_RTL_test/lenet_conv1_only.cpp:85->Lenet_RTL_test/lenet_conv1_only.cpp:131]   --->   Operation 558 'mul' 'mul_ln85_27' <Predicate = true> <Delay = 0.00> <CoreInst = "DSP48">   --->   Core 119 'DSP48' <Latency = 3> <II = 1> <Delay = 2.15> <IPBlock> <Opcode : '<invalid operator> ' 'mul' 'add' 'sub' 'select'> <InPorts = 0> <OutPorts = 1> <Sync> <CReg>
ST_18 : Operation 559 [1/1] (0.00ns) (grouped into DSP with root node add_ln85_31)   --->   "%sext_ln85_38 = sext i15 %mul_ln85_27" [Lenet_RTL_test/lenet_conv1_only.cpp:85->Lenet_RTL_test/lenet_conv1_only.cpp:131]   --->   Operation 559 'sext' 'sext_ln85_38' <Predicate = true> <Delay = 0.00>
ST_18 : Operation 560 [1/3] (0.00ns) (grouped into DSP with root node add_ln85_28)   --->   "%mul_ln85_40 = mul i16 %zext_ln126_39, i16 %LENET_C1_W_0_0_4_load_cast_cast" [Lenet_RTL_test/lenet_conv1_only.cpp:85->Lenet_RTL_test/lenet_conv1_only.cpp:131]   --->   Operation 560 'mul' 'mul_ln85_40' <Predicate = true> <Delay = 0.00> <CoreInst = "DSP48">   --->   Core 119 'DSP48' <Latency = 3> <II = 1> <Delay = 2.15> <IPBlock> <Opcode : '<invalid operator> ' 'mul' 'add' 'sub' 'select'> <InPorts = 0> <OutPorts = 1> <Sync> <CReg>
ST_18 : Operation 561 [1/1] (0.00ns) (grouped into DSP with root node add_ln85_28)   --->   "%sext_ln85_43 = sext i16 %mul_ln85_40" [Lenet_RTL_test/lenet_conv1_only.cpp:85->Lenet_RTL_test/lenet_conv1_only.cpp:131]   --->   Operation 561 'sext' 'sext_ln85_43' <Predicate = true> <Delay = 0.00>
ST_18 : Operation 562 [1/3] (0.00ns) (grouped into DSP with root node add_ln85_26)   --->   "%mul_ln85_46 = mul i16 %zext_ln126_41, i16 %LENET_C1_W_0_2_4_load_cast_cast" [Lenet_RTL_test/lenet_conv1_only.cpp:85->Lenet_RTL_test/lenet_conv1_only.cpp:131]   --->   Operation 562 'mul' 'mul_ln85_46' <Predicate = true> <Delay = 0.00> <CoreInst = "DSP48">   --->   Core 119 'DSP48' <Latency = 3> <II = 1> <Delay = 2.15> <IPBlock> <Opcode : '<invalid operator> ' 'mul' 'add' 'sub' 'select'> <InPorts = 0> <OutPorts = 1> <Sync> <CReg>
ST_18 : Operation 563 [1/1] (0.00ns) (grouped into DSP with root node add_ln85_26)   --->   "%sext_ln85_46 = sext i16 %mul_ln85_46" [Lenet_RTL_test/lenet_conv1_only.cpp:85->Lenet_RTL_test/lenet_conv1_only.cpp:131]   --->   Operation 563 'sext' 'sext_ln85_46' <Predicate = true> <Delay = 0.00>
ST_18 : Operation 564 [1/2] (2.10ns) (root node of the DSP)   --->   "%add_ln85_25 = add i17 %sext_ln85_44, i17 %sext_ln85_42" [Lenet_RTL_test/lenet_conv1_only.cpp:85->Lenet_RTL_test/lenet_conv1_only.cpp:131]   --->   Operation 564 'add' 'add_ln85_25' <Predicate = true> <Delay = 2.10> <CoreInst = "DSP48">   --->   Core 119 'DSP48' <Latency = 3> <II = 1> <Delay = 2.15> <IPBlock> <Opcode : '<invalid operator> ' 'mul' 'add' 'sub' 'select'> <InPorts = 0> <OutPorts = 1> <Sync> <CReg>
ST_18 : Operation 565 [1/1] (0.00ns)   --->   "%sext_ln85_50 = sext i17 %add_ln85_25" [Lenet_RTL_test/lenet_conv1_only.cpp:85->Lenet_RTL_test/lenet_conv1_only.cpp:131]   --->   Operation 565 'sext' 'sext_ln85_50' <Predicate = true> <Delay = 0.00>
ST_18 : Operation 566 [2/2] (2.10ns) (root node of the DSP)   --->   "%add_ln85_26 = add i18 %sext_ln85_50, i18 %sext_ln85_46" [Lenet_RTL_test/lenet_conv1_only.cpp:85->Lenet_RTL_test/lenet_conv1_only.cpp:131]   --->   Operation 566 'add' 'add_ln85_26' <Predicate = true> <Delay = 2.10> <CoreInst = "DSP48">   --->   Core 119 'DSP48' <Latency = 3> <II = 1> <Delay = 2.15> <IPBlock> <Opcode : '<invalid operator> ' 'mul' 'add' 'sub' 'select'> <InPorts = 0> <OutPorts = 1> <Sync> <CReg>
ST_18 : Operation 567 [1/1] (0.00ns)   --->   "%sext_ln85_52 = sext i16 %add_ln85_27" [Lenet_RTL_test/lenet_conv1_only.cpp:85->Lenet_RTL_test/lenet_conv1_only.cpp:131]   --->   Operation 567 'sext' 'sext_ln85_52' <Predicate = true> <Delay = 0.00>
ST_18 : Operation 568 [2/2] (2.10ns) (root node of the DSP)   --->   "%add_ln85_28 = add i17 %sext_ln85_52, i17 %sext_ln85_43" [Lenet_RTL_test/lenet_conv1_only.cpp:85->Lenet_RTL_test/lenet_conv1_only.cpp:131]   --->   Operation 568 'add' 'add_ln85_28' <Predicate = true> <Delay = 2.10> <CoreInst = "DSP48">   --->   Core 119 'DSP48' <Latency = 3> <II = 1> <Delay = 2.15> <IPBlock> <Opcode : '<invalid operator> ' 'mul' 'add' 'sub' 'select'> <InPorts = 0> <OutPorts = 1> <Sync> <CReg>
ST_18 : Operation 569 [2/2] (2.10ns) (root node of the DSP)   --->   "%add_ln85_31 = add i17 %add_ln85_30, i17 %sext_ln85_38" [Lenet_RTL_test/lenet_conv1_only.cpp:85->Lenet_RTL_test/lenet_conv1_only.cpp:131]   --->   Operation 569 'add' 'add_ln85_31' <Predicate = true> <Delay = 2.10> <CoreInst = "DSP48">   --->   Core 119 'DSP48' <Latency = 3> <II = 1> <Delay = 2.15> <IPBlock> <Opcode : '<invalid operator> ' 'mul' 'add' 'sub' 'select'> <InPorts = 0> <OutPorts = 1> <Sync> <CReg>
ST_18 : Operation 570 [1/1] (0.00ns)   --->   "%sext_ln85_65 = sext i17 %add_ln85_43" [Lenet_RTL_test/lenet_conv1_only.cpp:85->Lenet_RTL_test/lenet_conv1_only.cpp:131]   --->   Operation 570 'sext' 'sext_ln85_65' <Predicate = true> <Delay = 0.00>
ST_18 : Operation 571 [1/1] (0.00ns)   --->   "%sext_ln85_66 = sext i17 %add_ln85_44" [Lenet_RTL_test/lenet_conv1_only.cpp:85->Lenet_RTL_test/lenet_conv1_only.cpp:131]   --->   Operation 571 'sext' 'sext_ln85_66' <Predicate = true> <Delay = 0.00>
ST_18 : Operation 572 [1/2] (2.10ns) (root node of the DSP)   --->   "%add_ln85_45 = add i17 %zext_ln85_15, i17 %sext_ln85_49" [Lenet_RTL_test/lenet_conv1_only.cpp:85->Lenet_RTL_test/lenet_conv1_only.cpp:131]   --->   Operation 572 'add' 'add_ln85_45' <Predicate = true> <Delay = 2.10> <CoreInst = "DSP48">   --->   Core 119 'DSP48' <Latency = 3> <II = 1> <Delay = 2.15> <IPBlock> <Opcode : '<invalid operator> ' 'mul' 'add' 'sub' 'select'> <InPorts = 0> <OutPorts = 1> <Sync> <CReg>
ST_18 : Operation 573 [1/1] (0.00ns)   --->   "%sext_ln85_67 = sext i17 %add_ln85_45" [Lenet_RTL_test/lenet_conv1_only.cpp:85->Lenet_RTL_test/lenet_conv1_only.cpp:131]   --->   Operation 573 'sext' 'sext_ln85_67' <Predicate = true> <Delay = 0.00>
ST_18 : Operation 574 [1/1] (2.10ns)   --->   "%add_ln85_46 = add i18 %sext_ln85_67, i18 %sext_ln85_66" [Lenet_RTL_test/lenet_conv1_only.cpp:85->Lenet_RTL_test/lenet_conv1_only.cpp:131]   --->   Operation 574 'add' 'add_ln85_46' <Predicate = true> <Delay = 2.10> <CoreInst = "Adder">   --->   Core 1 'Adder' <Latency = 0> <II = 1> <Delay = 2.13> <FuncUnit> <Opcode : 'add' 'sub'> <InPorts = 2> <OutPorts = 1>
ST_18 : Operation 575 [1/1] (0.00ns)   --->   "%sext_ln85_68 = sext i18 %add_ln85_46" [Lenet_RTL_test/lenet_conv1_only.cpp:85->Lenet_RTL_test/lenet_conv1_only.cpp:131]   --->   Operation 575 'sext' 'sext_ln85_68' <Predicate = true> <Delay = 0.00>
ST_18 : Operation 576 [1/1] (2.13ns)   --->   "%add_ln85_47 = add i19 %sext_ln85_68, i19 %sext_ln85_65" [Lenet_RTL_test/lenet_conv1_only.cpp:85->Lenet_RTL_test/lenet_conv1_only.cpp:131]   --->   Operation 576 'add' 'add_ln85_47' <Predicate = true> <Delay = 2.13> <CoreInst = "Adder">   --->   Core 1 'Adder' <Latency = 0> <II = 1> <Delay = 2.16> <FuncUnit> <Opcode : 'add' 'sub'> <InPorts = 2> <OutPorts = 1>

State 19 <SV = 18> <Delay = 6.73>
ST_19 : Operation 577 [1/1] (0.00ns)   --->   "%zext_ln131 = zext i4 %zext_ln118_1_mid2_v" [Lenet_RTL_test/lenet_conv1_only.cpp:131]   --->   Operation 577 'zext' 'zext_ln131' <Predicate = true> <Delay = 0.00>
ST_19 : Operation 578 [1/1] (1.87ns)   --->   "%add_ln131 = add i8 %sub_ln131_cast, i8 %zext_ln131" [Lenet_RTL_test/lenet_conv1_only.cpp:131]   --->   Operation 578 'add' 'add_ln131' <Predicate = true> <Delay = 1.87> <CoreInst = "Adder">   --->   Core 1 'Adder' <Latency = 0> <II = 1> <Delay = 1.91> <FuncUnit> <Opcode : 'add' 'sub'> <InPorts = 2> <OutPorts = 1>
ST_19 : Operation 579 [1/1] (0.00ns)   --->   "%trunc_ln131 = trunc i8 %add_ln131" [Lenet_RTL_test/lenet_conv1_only.cpp:131]   --->   Operation 579 'trunc' 'trunc_ln131' <Predicate = true> <Delay = 0.00>
ST_19 : Operation 580 [1/1] (0.00ns)   --->   "%p_shl2 = bitconcatenate i11 @_ssdm_op_BitConcatenate.i11.i6.i5, i6 %trunc_ln131, i5 0" [Lenet_RTL_test/lenet_conv1_only.cpp:131]   --->   Operation 580 'bitconcatenate' 'p_shl2' <Predicate = true> <Delay = 0.00>
ST_19 : Operation 581 [1/1] (0.00ns)   --->   "%tmp = bitconcatenate i10 @_ssdm_op_BitConcatenate.i10.i8.i2, i8 %add_ln131, i2 0" [Lenet_RTL_test/lenet_conv1_only.cpp:131]   --->   Operation 581 'bitconcatenate' 'tmp' <Predicate = true> <Delay = 0.00>
ST_19 : Operation 582 [1/1] (0.00ns)   --->   "%sext_ln131 = sext i10 %tmp" [Lenet_RTL_test/lenet_conv1_only.cpp:131]   --->   Operation 582 'sext' 'sext_ln131' <Predicate = true> <Delay = 0.00>
ST_19 : Operation 583 [1/1] (1.63ns)   --->   "%sub_ln131_1 = sub i11 %p_shl2, i11 %sext_ln131" [Lenet_RTL_test/lenet_conv1_only.cpp:131]   --->   Operation 583 'sub' 'sub_ln131_1' <Predicate = true> <Delay = 1.63> <CoreInst = "Adder">   --->   Core 1 'Adder' <Latency = 0> <II = 1> <Delay = 1.63> <FuncUnit> <Opcode : 'add' 'sub'> <InPorts = 2> <OutPorts = 1>
ST_19 : Operation 584 [1/1] (0.00ns)   --->   "%sext_ln85_17 = sext i18 %add_ln85_4" [Lenet_RTL_test/lenet_conv1_only.cpp:85->Lenet_RTL_test/lenet_conv1_only.cpp:131]   --->   Operation 584 'sext' 'sext_ln85_17' <Predicate = true> <Delay = 0.00>
ST_19 : Operation 585 [1/1] (0.00ns)   --->   "%sext_ln85_23 = sext i19 %add_ln85_10" [Lenet_RTL_test/lenet_conv1_only.cpp:85->Lenet_RTL_test/lenet_conv1_only.cpp:131]   --->   Operation 585 'sext' 'sext_ln85_23' <Predicate = true> <Delay = 0.00>
ST_19 : Operation 586 [1/1] (2.16ns)   --->   "%add_ln85_11 = add i20 %sext_ln85_23, i20 %sext_ln85_17" [Lenet_RTL_test/lenet_conv1_only.cpp:85->Lenet_RTL_test/lenet_conv1_only.cpp:131]   --->   Operation 586 'add' 'add_ln85_11' <Predicate = true> <Delay = 2.16> <CoreInst = "Adder">   --->   Core 1 'Adder' <Latency = 0> <II = 1> <Delay = 2.19> <FuncUnit> <Opcode : 'add' 'sub'> <InPorts = 2> <OutPorts = 1>
ST_19 : Operation 587 [1/1] (0.00ns)   --->   "%sext_ln85_24 = sext i20 %add_ln85_11" [Lenet_RTL_test/lenet_conv1_only.cpp:85->Lenet_RTL_test/lenet_conv1_only.cpp:131]   --->   Operation 587 'sext' 'sext_ln85_24' <Predicate = true> <Delay = 0.00>
ST_19 : Operation 588 [1/1] (0.00ns)   --->   "%sext_ln85_34 = sext i20 %add_ln85_23" [Lenet_RTL_test/lenet_conv1_only.cpp:85->Lenet_RTL_test/lenet_conv1_only.cpp:131]   --->   Operation 588 'sext' 'sext_ln85_34' <Predicate = true> <Delay = 0.00>
ST_19 : Operation 589 [1/1] (2.19ns)   --->   "%add_ln85_24 = add i21 %sext_ln85_34, i21 %sext_ln85_24" [Lenet_RTL_test/lenet_conv1_only.cpp:85->Lenet_RTL_test/lenet_conv1_only.cpp:131]   --->   Operation 589 'add' 'add_ln85_24' <Predicate = true> <Delay = 2.19> <CoreInst = "Adder">   --->   Core 1 'Adder' <Latency = 0> <II = 1> <Delay = 2.22> <FuncUnit> <Opcode : 'add' 'sub'> <InPorts = 2> <OutPorts = 1>
ST_19 : Operation 590 [1/1] (0.00ns)   --->   "%shl_ln = bitconcatenate i26 @_ssdm_op_BitConcatenate.i26.i21.i5, i21 %add_ln85_24, i5 0" [Lenet_RTL_test/lenet_conv1_only.cpp:85->Lenet_RTL_test/lenet_conv1_only.cpp:131]   --->   Operation 590 'bitconcatenate' 'shl_ln' <Predicate = true> <Delay = 0.00>
ST_19 : Operation 591 [1/1] (0.00ns)   --->   "%shl_ln85_1 = bitconcatenate i24 @_ssdm_op_BitConcatenate.i24.i21.i3, i21 %add_ln85_24, i3 0" [Lenet_RTL_test/lenet_conv1_only.cpp:85->Lenet_RTL_test/lenet_conv1_only.cpp:131]   --->   Operation 591 'bitconcatenate' 'shl_ln85_1' <Predicate = true> <Delay = 0.00>
ST_19 : Operation 592 [1/1] (0.00ns)   --->   "%sext_ln85_35 = sext i24 %shl_ln85_1" [Lenet_RTL_test/lenet_conv1_only.cpp:85->Lenet_RTL_test/lenet_conv1_only.cpp:131]   --->   Operation 592 'sext' 'sext_ln85_35' <Predicate = true> <Delay = 0.00>
ST_19 : Operation 593 [1/1] (2.37ns)   --->   "%sub_ln85 = sub i26 %shl_ln, i26 %sext_ln85_35" [Lenet_RTL_test/lenet_conv1_only.cpp:85->Lenet_RTL_test/lenet_conv1_only.cpp:131]   --->   Operation 593 'sub' 'sub_ln85' <Predicate = true> <Delay = 2.37> <CoreInst = "Adder">   --->   Core 1 'Adder' <Latency = 0> <II = 1> <Delay = 2.37> <FuncUnit> <Opcode : 'add' 'sub'> <InPorts = 2> <OutPorts = 1>
ST_19 : Operation 594 [1/1] (0.00ns)   --->   "%tmp_30 = bitselect i1 @_ssdm_op_BitSelect.i1.i26.i32, i26 %sub_ln85, i32 25" [Lenet_RTL_test/lenet_conv1_only.cpp:87->Lenet_RTL_test/lenet_conv1_only.cpp:131]   --->   Operation 594 'bitselect' 'tmp_30' <Predicate = true> <Delay = 0.00>
ST_19 : Operation 595 [1/1] (0.00ns)   --->   "%tmp_31 = partselect i3 @_ssdm_op_PartSelect.i3.i26.i32.i32, i26 %sub_ln85, i32 23, i32 25" [Lenet_RTL_test/lenet_conv1_only.cpp:88->Lenet_RTL_test/lenet_conv1_only.cpp:131]   --->   Operation 595 'partselect' 'tmp_31' <Predicate = true> <Delay = 0.00>
ST_19 : Operation 596 [1/2] (2.10ns) (root node of the DSP)   --->   "%add_ln85_26 = add i18 %sext_ln85_50, i18 %sext_ln85_46" [Lenet_RTL_test/lenet_conv1_only.cpp:85->Lenet_RTL_test/lenet_conv1_only.cpp:131]   --->   Operation 596 'add' 'add_ln85_26' <Predicate = true> <Delay = 2.10> <CoreInst = "DSP48">   --->   Core 119 'DSP48' <Latency = 3> <II = 1> <Delay = 2.15> <IPBlock> <Opcode : '<invalid operator> ' 'mul' 'add' 'sub' 'select'> <InPorts = 0> <OutPorts = 1> <Sync> <CReg>
ST_19 : Operation 597 [1/1] (0.00ns)   --->   "%sext_ln85_51 = sext i18 %add_ln85_26" [Lenet_RTL_test/lenet_conv1_only.cpp:85->Lenet_RTL_test/lenet_conv1_only.cpp:131]   --->   Operation 597 'sext' 'sext_ln85_51' <Predicate = true> <Delay = 0.00>
ST_19 : Operation 598 [1/2] (2.10ns) (root node of the DSP)   --->   "%add_ln85_28 = add i17 %sext_ln85_52, i17 %sext_ln85_43" [Lenet_RTL_test/lenet_conv1_only.cpp:85->Lenet_RTL_test/lenet_conv1_only.cpp:131]   --->   Operation 598 'add' 'add_ln85_28' <Predicate = true> <Delay = 2.10> <CoreInst = "DSP48">   --->   Core 119 'DSP48' <Latency = 3> <II = 1> <Delay = 2.15> <IPBlock> <Opcode : '<invalid operator> ' 'mul' 'add' 'sub' 'select'> <InPorts = 0> <OutPorts = 1> <Sync> <CReg>
ST_19 : Operation 599 [1/1] (0.00ns)   --->   "%sext_ln85_53 = sext i17 %add_ln85_28" [Lenet_RTL_test/lenet_conv1_only.cpp:85->Lenet_RTL_test/lenet_conv1_only.cpp:131]   --->   Operation 599 'sext' 'sext_ln85_53' <Predicate = true> <Delay = 0.00>
ST_19 : Operation 600 [1/1] (2.13ns)   --->   "%add_ln85_29 = add i19 %sext_ln85_53, i19 %sext_ln85_51" [Lenet_RTL_test/lenet_conv1_only.cpp:85->Lenet_RTL_test/lenet_conv1_only.cpp:131]   --->   Operation 600 'add' 'add_ln85_29' <Predicate = true> <Delay = 2.13> <CoreInst = "Adder">   --->   Core 1 'Adder' <Latency = 0> <II = 1> <Delay = 2.16> <FuncUnit> <Opcode : 'add' 'sub'> <InPorts = 2> <OutPorts = 1>
ST_19 : Operation 601 [1/1] (0.00ns)   --->   "%sext_ln85_54 = sext i19 %add_ln85_29" [Lenet_RTL_test/lenet_conv1_only.cpp:85->Lenet_RTL_test/lenet_conv1_only.cpp:131]   --->   Operation 601 'sext' 'sext_ln85_54' <Predicate = true> <Delay = 0.00>
ST_19 : Operation 602 [1/2] (2.10ns) (root node of the DSP)   --->   "%add_ln85_31 = add i17 %add_ln85_30, i17 %sext_ln85_38" [Lenet_RTL_test/lenet_conv1_only.cpp:85->Lenet_RTL_test/lenet_conv1_only.cpp:131]   --->   Operation 602 'add' 'add_ln85_31' <Predicate = true> <Delay = 2.10> <CoreInst = "DSP48">   --->   Core 119 'DSP48' <Latency = 3> <II = 1> <Delay = 2.15> <IPBlock> <Opcode : '<invalid operator> ' 'mul' 'add' 'sub' 'select'> <InPorts = 0> <OutPorts = 1> <Sync> <CReg>
ST_19 : Operation 603 [1/1] (0.00ns)   --->   "%sext_ln85_55 = sext i17 %add_ln85_31" [Lenet_RTL_test/lenet_conv1_only.cpp:85->Lenet_RTL_test/lenet_conv1_only.cpp:131]   --->   Operation 603 'sext' 'sext_ln85_55' <Predicate = true> <Delay = 0.00>
ST_19 : Operation 604 [1/1] (0.00ns)   --->   "%sext_ln85_58 = sext i18 %add_ln85_34" [Lenet_RTL_test/lenet_conv1_only.cpp:85->Lenet_RTL_test/lenet_conv1_only.cpp:131]   --->   Operation 604 'sext' 'sext_ln85_58' <Predicate = true> <Delay = 0.00>
ST_19 : Operation 605 [1/1] (2.13ns)   --->   "%add_ln85_35 = add i19 %sext_ln85_58, i19 %sext_ln85_55" [Lenet_RTL_test/lenet_conv1_only.cpp:85->Lenet_RTL_test/lenet_conv1_only.cpp:131]   --->   Operation 605 'add' 'add_ln85_35' <Predicate = true> <Delay = 2.13> <CoreInst = "Adder">   --->   Core 1 'Adder' <Latency = 0> <II = 1> <Delay = 2.16> <FuncUnit> <Opcode : 'add' 'sub'> <InPorts = 2> <OutPorts = 1>
ST_19 : Operation 606 [1/1] (0.00ns)   --->   "%sext_ln85_59 = sext i19 %add_ln85_35" [Lenet_RTL_test/lenet_conv1_only.cpp:85->Lenet_RTL_test/lenet_conv1_only.cpp:131]   --->   Operation 606 'sext' 'sext_ln85_59' <Predicate = true> <Delay = 0.00>
ST_19 : Operation 607 [1/1] (2.16ns)   --->   "%add_ln85_36 = add i20 %sext_ln85_59, i20 %sext_ln85_54" [Lenet_RTL_test/lenet_conv1_only.cpp:85->Lenet_RTL_test/lenet_conv1_only.cpp:131]   --->   Operation 607 'add' 'add_ln85_36' <Predicate = true> <Delay = 2.16> <CoreInst = "Adder">   --->   Core 1 'Adder' <Latency = 0> <II = 1> <Delay = 2.19> <FuncUnit> <Opcode : 'add' 'sub'> <InPorts = 2> <OutPorts = 1>
ST_19 : Operation 608 [1/1] (0.00ns)   --->   "%sext_ln85_64 = sext i19 %add_ln85_41" [Lenet_RTL_test/lenet_conv1_only.cpp:85->Lenet_RTL_test/lenet_conv1_only.cpp:131]   --->   Operation 608 'sext' 'sext_ln85_64' <Predicate = true> <Delay = 0.00>
ST_19 : Operation 609 [1/1] (0.00ns)   --->   "%sext_ln85_69 = sext i19 %add_ln85_47" [Lenet_RTL_test/lenet_conv1_only.cpp:85->Lenet_RTL_test/lenet_conv1_only.cpp:131]   --->   Operation 609 'sext' 'sext_ln85_69' <Predicate = true> <Delay = 0.00>
ST_19 : Operation 610 [1/1] (2.16ns)   --->   "%add_ln85_48 = add i20 %sext_ln85_69, i20 %sext_ln85_64" [Lenet_RTL_test/lenet_conv1_only.cpp:85->Lenet_RTL_test/lenet_conv1_only.cpp:131]   --->   Operation 610 'add' 'add_ln85_48' <Predicate = true> <Delay = 2.16> <CoreInst = "Adder">   --->   Core 1 'Adder' <Latency = 0> <II = 1> <Delay = 2.19> <FuncUnit> <Opcode : 'add' 'sub'> <InPorts = 2> <OutPorts = 1>

State 20 <SV = 19> <Delay = 6.21>
ST_20 : Operation 611 [1/1] (0.00ns)   --->   "%zext_ln126_1 = zext i5 %select_ln118" [Lenet_RTL_test/lenet_conv1_only.cpp:126]   --->   Operation 611 'zext' 'zext_ln126_1' <Predicate = true> <Delay = 0.00>
ST_20 : Operation 612 [1/1] (1.63ns)   --->   "%add_ln131_1 = add i11 %sub_ln131_1, i11 %zext_ln126_1" [Lenet_RTL_test/lenet_conv1_only.cpp:131]   --->   Operation 612 'add' 'add_ln131_1' <Predicate = true> <Delay = 1.63> <CoreInst = "Adder">   --->   Core 1 'Adder' <Latency = 0> <II = 1> <Delay = 1.63> <FuncUnit> <Opcode : 'add' 'sub'> <InPorts = 2> <OutPorts = 1>
ST_20 : Operation 613 [1/1] (0.00ns)   --->   "%zext_ln131_1 = zext i11 %add_ln131_1" [Lenet_RTL_test/lenet_conv1_only.cpp:131]   --->   Operation 613 'zext' 'zext_ln131_1' <Predicate = true> <Delay = 0.00>
ST_20 : Operation 614 [1/1] (0.00ns)   --->   "%y_0_addr = getelementptr i8 %y_0, i64 0, i64 %zext_ln131_1" [Lenet_RTL_test/lenet_conv1_only.cpp:131]   --->   Operation 614 'getelementptr' 'y_0_addr' <Predicate = true> <Delay = 0.00>
ST_20 : Operation 615 [1/1] (0.00ns)   --->   "%y_1_addr = getelementptr i8 %y_1, i64 0, i64 %zext_ln131_1" [Lenet_RTL_test/lenet_conv1_only.cpp:131]   --->   Operation 615 'getelementptr' 'y_1_addr' <Predicate = true> <Delay = 0.00>
ST_20 : Operation 616 [1/1] (0.00ns)   --->   "%zext_ln126_44 = zext i5 %or_ln126" [Lenet_RTL_test/lenet_conv1_only.cpp:126]   --->   Operation 616 'zext' 'zext_ln126_44' <Predicate = true> <Delay = 0.00>
ST_20 : Operation 617 [1/1] (1.63ns)   --->   "%add_ln131_2 = add i11 %sub_ln131_1, i11 %zext_ln126_44" [Lenet_RTL_test/lenet_conv1_only.cpp:131]   --->   Operation 617 'add' 'add_ln131_2' <Predicate = true> <Delay = 1.63> <CoreInst = "Adder">   --->   Core 1 'Adder' <Latency = 0> <II = 1> <Delay = 1.63> <FuncUnit> <Opcode : 'add' 'sub'> <InPorts = 2> <OutPorts = 1>
ST_20 : Operation 618 [1/1] (1.65ns)   --->   "%icmp_ln88 = icmp_sgt  i3 %tmp_31, i3 0" [Lenet_RTL_test/lenet_conv1_only.cpp:88->Lenet_RTL_test/lenet_conv1_only.cpp:131]   --->   Operation 618 'icmp' 'icmp_ln88' <Predicate = true> <Delay = 1.65> <CoreInst = "Cmp">   --->   Core 9 'Cmp' <Latency = 0> <II = 1> <Delay = 1.65> <FuncUnit> <Opcode : 'icmp'> <InPorts = 2> <OutPorts = 1>
ST_20 : Operation 619 [1/1] (0.00ns) (grouped into LUT with out node select_ln87)   --->   "%trunc_ln1 = partselect i8 @_ssdm_op_PartSelect.i8.i26.i32.i32, i26 %sub_ln85, i32 15, i32 22" [Lenet_RTL_test/lenet_conv1_only.cpp:89->Lenet_RTL_test/lenet_conv1_only.cpp:131]   --->   Operation 619 'partselect' 'trunc_ln1' <Predicate = true> <Delay = 0.00>
ST_20 : Operation 620 [1/1] (0.00ns) (grouped into LUT with out node select_ln87)   --->   "%xor_ln87 = xor i1 %tmp_30, i1 1" [Lenet_RTL_test/lenet_conv1_only.cpp:87->Lenet_RTL_test/lenet_conv1_only.cpp:131]   --->   Operation 620 'xor' 'xor_ln87' <Predicate = true> <Delay = 0.00> <CoreInst = "LogicGate">   --->   Core 74 'LogicGate' <Latency = 0> <II = 1> <Delay = 0.97> <FuncUnit> <Opcode : 'and' 'or' 'xor'> <InPorts = 2> <OutPorts = 1>
ST_20 : Operation 621 [1/1] (0.00ns) (grouped into LUT with out node select_ln87)   --->   "%select_ln87_2 = select i1 %xor_ln87, i8 255, i8 0" [Lenet_RTL_test/lenet_conv1_only.cpp:87->Lenet_RTL_test/lenet_conv1_only.cpp:131]   --->   Operation 621 'select' 'select_ln87_2' <Predicate = true> <Delay = 0.00> <CoreInst = "Sel">   --->   Core 73 'Sel' <Latency = 0> <II = 1> <Delay = 0.99> <FuncUnit> <Opcode : 'select'> <InPorts = 3> <OutPorts = 1>
ST_20 : Operation 622 [1/1] (0.00ns) (grouped into LUT with out node select_ln87)   --->   "%or_ln87 = or i1 %tmp_30, i1 %icmp_ln88" [Lenet_RTL_test/lenet_conv1_only.cpp:87->Lenet_RTL_test/lenet_conv1_only.cpp:131]   --->   Operation 622 'or' 'or_ln87' <Predicate = true> <Delay = 0.00> <CoreInst = "LogicGate">   --->   Core 74 'LogicGate' <Latency = 0> <II = 1> <Delay = 0.97> <FuncUnit> <Opcode : 'and' 'or' 'xor'> <InPorts = 2> <OutPorts = 1>
ST_20 : Operation 623 [1/1] (1.24ns) (out node of the LUT)   --->   "%select_ln87 = select i1 %or_ln87, i8 %select_ln87_2, i8 %trunc_ln1" [Lenet_RTL_test/lenet_conv1_only.cpp:87->Lenet_RTL_test/lenet_conv1_only.cpp:131]   --->   Operation 623 'select' 'select_ln87' <Predicate = true> <Delay = 1.24> <CoreInst = "Sel">   --->   Core 73 'Sel' <Latency = 0> <II = 1> <Delay = 1.24> <FuncUnit> <Opcode : 'select'> <InPorts = 3> <OutPorts = 1>
ST_20 : Operation 624 [1/1] (0.00ns)   --->   "%sext_ln85_60 = sext i20 %add_ln85_36" [Lenet_RTL_test/lenet_conv1_only.cpp:85->Lenet_RTL_test/lenet_conv1_only.cpp:131]   --->   Operation 624 'sext' 'sext_ln85_60' <Predicate = true> <Delay = 0.00>
ST_20 : Operation 625 [1/1] (0.00ns)   --->   "%sext_ln85_70 = sext i20 %add_ln85_48" [Lenet_RTL_test/lenet_conv1_only.cpp:85->Lenet_RTL_test/lenet_conv1_only.cpp:131]   --->   Operation 625 'sext' 'sext_ln85_70' <Predicate = true> <Delay = 0.00>
ST_20 : Operation 626 [1/1] (2.19ns)   --->   "%add_ln85_49 = add i21 %sext_ln85_70, i21 %sext_ln85_60" [Lenet_RTL_test/lenet_conv1_only.cpp:85->Lenet_RTL_test/lenet_conv1_only.cpp:131]   --->   Operation 626 'add' 'add_ln85_49' <Predicate = true> <Delay = 2.19> <CoreInst = "Adder">   --->   Core 1 'Adder' <Latency = 0> <II = 1> <Delay = 2.22> <FuncUnit> <Opcode : 'add' 'sub'> <InPorts = 2> <OutPorts = 1>
ST_20 : Operation 627 [1/1] (0.00ns)   --->   "%shl_ln85_2 = bitconcatenate i26 @_ssdm_op_BitConcatenate.i26.i21.i5, i21 %add_ln85_49, i5 0" [Lenet_RTL_test/lenet_conv1_only.cpp:85->Lenet_RTL_test/lenet_conv1_only.cpp:131]   --->   Operation 627 'bitconcatenate' 'shl_ln85_2' <Predicate = true> <Delay = 0.00>
ST_20 : Operation 628 [1/1] (0.00ns)   --->   "%shl_ln85_3 = bitconcatenate i24 @_ssdm_op_BitConcatenate.i24.i21.i3, i21 %add_ln85_49, i3 0" [Lenet_RTL_test/lenet_conv1_only.cpp:85->Lenet_RTL_test/lenet_conv1_only.cpp:131]   --->   Operation 628 'bitconcatenate' 'shl_ln85_3' <Predicate = true> <Delay = 0.00>
ST_20 : Operation 629 [1/1] (0.00ns)   --->   "%sext_ln85_71 = sext i24 %shl_ln85_3" [Lenet_RTL_test/lenet_conv1_only.cpp:85->Lenet_RTL_test/lenet_conv1_only.cpp:131]   --->   Operation 629 'sext' 'sext_ln85_71' <Predicate = true> <Delay = 0.00>
ST_20 : Operation 630 [1/1] (2.37ns)   --->   "%sub_ln85_1 = sub i26 %shl_ln85_2, i26 %sext_ln85_71" [Lenet_RTL_test/lenet_conv1_only.cpp:85->Lenet_RTL_test/lenet_conv1_only.cpp:131]   --->   Operation 630 'sub' 'sub_ln85_1' <Predicate = true> <Delay = 2.37> <CoreInst = "Adder">   --->   Core 1 'Adder' <Latency = 0> <II = 1> <Delay = 2.37> <FuncUnit> <Opcode : 'add' 'sub'> <InPorts = 2> <OutPorts = 1>
ST_20 : Operation 631 [1/1] (0.00ns)   --->   "%tmp_32 = bitselect i1 @_ssdm_op_BitSelect.i1.i26.i32, i26 %sub_ln85_1, i32 25" [Lenet_RTL_test/lenet_conv1_only.cpp:87->Lenet_RTL_test/lenet_conv1_only.cpp:131]   --->   Operation 631 'bitselect' 'tmp_32' <Predicate = true> <Delay = 0.00>
ST_20 : Operation 632 [1/1] (0.00ns)   --->   "%tmp_33 = partselect i3 @_ssdm_op_PartSelect.i3.i26.i32.i32, i26 %sub_ln85_1, i32 23, i32 25" [Lenet_RTL_test/lenet_conv1_only.cpp:88->Lenet_RTL_test/lenet_conv1_only.cpp:131]   --->   Operation 632 'partselect' 'tmp_33' <Predicate = true> <Delay = 0.00>
ST_20 : Operation 633 [1/1] (1.65ns)   --->   "%icmp_ln88_1 = icmp_sgt  i3 %tmp_33, i3 0" [Lenet_RTL_test/lenet_conv1_only.cpp:88->Lenet_RTL_test/lenet_conv1_only.cpp:131]   --->   Operation 633 'icmp' 'icmp_ln88_1' <Predicate = true> <Delay = 1.65> <CoreInst = "Cmp">   --->   Core 9 'Cmp' <Latency = 0> <II = 1> <Delay = 1.65> <FuncUnit> <Opcode : 'icmp'> <InPorts = 2> <OutPorts = 1>
ST_20 : Operation 634 [1/1] (3.25ns)   --->   "%store_ln131 = store i8 %select_ln87, i11 %y_0_addr" [Lenet_RTL_test/lenet_conv1_only.cpp:131]   --->   Operation 634 'store' 'store_ln131' <Predicate = (!trunc_ln118)> <Delay = 3.25> <CoreInst = "RAM_2P_BRAM">   --->   Core 91 'RAM_2P_BRAM' <Latency = 1> <II = 1> <Delay = 3.25> <Storage> <Opcode : 'load' 'store'> <Ports = 2> <Width = 8> <Depth = 1176> <RAM>
ST_20 : Operation 635 [1/1] (3.25ns)   --->   "%store_ln131 = store i8 %select_ln87, i11 %y_1_addr" [Lenet_RTL_test/lenet_conv1_only.cpp:131]   --->   Operation 635 'store' 'store_ln131' <Predicate = (trunc_ln118)> <Delay = 3.25> <CoreInst = "RAM_2P_BRAM">   --->   Core 91 'RAM_2P_BRAM' <Latency = 1> <II = 1> <Delay = 3.25> <Storage> <Opcode : 'load' 'store'> <Ports = 2> <Width = 8> <Depth = 1176> <RAM>

State 21 <SV = 20> <Delay = 4.50>
ST_21 : Operation 636 [1/1] (0.00ns)   --->   "%specloopname_ln0 = specloopname void @_ssdm_op_SpecLoopName, void @VITIS_LOOP_118_2_VITIS_LOOP_119_3_str"   --->   Operation 636 'specloopname' 'specloopname_ln0' <Predicate = true> <Delay = 0.00>
ST_21 : Operation 637 [1/1] (0.00ns)   --->   "%speclooptripcount_ln0 = speclooptripcount void @_ssdm_op_SpecLoopTripCount, i64 392, i64 392, i64 392"   --->   Operation 637 'speclooptripcount' 'speclooptripcount_ln0' <Predicate = true> <Delay = 0.00>
ST_21 : Operation 638 [1/1] (0.00ns)   --->   "%specpipeline_ln120 = specpipeline void @_ssdm_op_SpecPipeline, i32 2, i32 0, i32 0, i32 0, void @empty_2" [Lenet_RTL_test/lenet_conv1_only.cpp:120]   --->   Operation 638 'specpipeline' 'specpipeline_ln120' <Predicate = true> <Delay = 0.00>
ST_21 : Operation 639 [1/1] (0.00ns)   --->   "%specloopname_ln119 = specloopname void @_ssdm_op_SpecLoopName, void @empty_5" [Lenet_RTL_test/lenet_conv1_only.cpp:119]   --->   Operation 639 'specloopname' 'specloopname_ln119' <Predicate = true> <Delay = 0.00>
ST_21 : Operation 640 [1/1] (0.00ns)   --->   "%zext_ln131_2 = zext i11 %add_ln131_2" [Lenet_RTL_test/lenet_conv1_only.cpp:131]   --->   Operation 640 'zext' 'zext_ln131_2' <Predicate = true> <Delay = 0.00>
ST_21 : Operation 641 [1/1] (0.00ns)   --->   "%y_0_addr_1 = getelementptr i8 %y_0, i64 0, i64 %zext_ln131_2" [Lenet_RTL_test/lenet_conv1_only.cpp:131]   --->   Operation 641 'getelementptr' 'y_0_addr_1' <Predicate = true> <Delay = 0.00>
ST_21 : Operation 642 [1/1] (0.00ns)   --->   "%y_1_addr_1 = getelementptr i8 %y_1, i64 0, i64 %zext_ln131_2" [Lenet_RTL_test/lenet_conv1_only.cpp:131]   --->   Operation 642 'getelementptr' 'y_1_addr_1' <Predicate = true> <Delay = 0.00>
ST_21 : Operation 643 [1/1] (0.00ns) (grouped into LUT with out node select_ln87_1)   --->   "%trunc_ln89_1 = partselect i8 @_ssdm_op_PartSelect.i8.i26.i32.i32, i26 %sub_ln85_1, i32 15, i32 22" [Lenet_RTL_test/lenet_conv1_only.cpp:89->Lenet_RTL_test/lenet_conv1_only.cpp:131]   --->   Operation 643 'partselect' 'trunc_ln89_1' <Predicate = true> <Delay = 0.00>
ST_21 : Operation 644 [1/1] (0.00ns) (grouped into LUT with out node select_ln87_1)   --->   "%xor_ln87_1 = xor i1 %tmp_32, i1 1" [Lenet_RTL_test/lenet_conv1_only.cpp:87->Lenet_RTL_test/lenet_conv1_only.cpp:131]   --->   Operation 644 'xor' 'xor_ln87_1' <Predicate = true> <Delay = 0.00> <CoreInst = "LogicGate">   --->   Core 74 'LogicGate' <Latency = 0> <II = 1> <Delay = 0.97> <FuncUnit> <Opcode : 'and' 'or' 'xor'> <InPorts = 2> <OutPorts = 1>
ST_21 : Operation 645 [1/1] (0.00ns) (grouped into LUT with out node select_ln87_1)   --->   "%select_ln87_3 = select i1 %xor_ln87_1, i8 255, i8 0" [Lenet_RTL_test/lenet_conv1_only.cpp:87->Lenet_RTL_test/lenet_conv1_only.cpp:131]   --->   Operation 645 'select' 'select_ln87_3' <Predicate = true> <Delay = 0.00> <CoreInst = "Sel">   --->   Core 73 'Sel' <Latency = 0> <II = 1> <Delay = 0.99> <FuncUnit> <Opcode : 'select'> <InPorts = 3> <OutPorts = 1>
ST_21 : Operation 646 [1/1] (0.00ns) (grouped into LUT with out node select_ln87_1)   --->   "%or_ln87_1 = or i1 %tmp_32, i1 %icmp_ln88_1" [Lenet_RTL_test/lenet_conv1_only.cpp:87->Lenet_RTL_test/lenet_conv1_only.cpp:131]   --->   Operation 646 'or' 'or_ln87_1' <Predicate = true> <Delay = 0.00> <CoreInst = "LogicGate">   --->   Core 74 'LogicGate' <Latency = 0> <II = 1> <Delay = 0.97> <FuncUnit> <Opcode : 'and' 'or' 'xor'> <InPorts = 2> <OutPorts = 1>
ST_21 : Operation 647 [1/1] (1.24ns) (out node of the LUT)   --->   "%select_ln87_1 = select i1 %or_ln87_1, i8 %select_ln87_3, i8 %trunc_ln89_1" [Lenet_RTL_test/lenet_conv1_only.cpp:87->Lenet_RTL_test/lenet_conv1_only.cpp:131]   --->   Operation 647 'select' 'select_ln87_1' <Predicate = true> <Delay = 1.24> <CoreInst = "Sel">   --->   Core 73 'Sel' <Latency = 0> <II = 1> <Delay = 1.24> <FuncUnit> <Opcode : 'select'> <InPorts = 3> <OutPorts = 1>
ST_21 : Operation 648 [1/1] (3.25ns)   --->   "%store_ln131 = store i8 %select_ln87_1, i11 %y_0_addr_1" [Lenet_RTL_test/lenet_conv1_only.cpp:131]   --->   Operation 648 'store' 'store_ln131' <Predicate = (!trunc_ln118)> <Delay = 3.25> <CoreInst = "RAM_2P_BRAM">   --->   Core 91 'RAM_2P_BRAM' <Latency = 1> <II = 1> <Delay = 3.25> <Storage> <Opcode : 'load' 'store'> <Ports = 2> <Width = 8> <Depth = 1176> <RAM>
ST_21 : Operation 649 [1/1] (0.00ns)   --->   "%br_ln131 = br void %arrayidx412.132.exit" [Lenet_RTL_test/lenet_conv1_only.cpp:131]   --->   Operation 649 'br' 'br_ln131' <Predicate = (!trunc_ln118)> <Delay = 0.00>
ST_21 : Operation 650 [1/1] (3.25ns)   --->   "%store_ln131 = store i8 %select_ln87_1, i11 %y_1_addr_1" [Lenet_RTL_test/lenet_conv1_only.cpp:131]   --->   Operation 650 'store' 'store_ln131' <Predicate = (trunc_ln118)> <Delay = 3.25> <CoreInst = "RAM_2P_BRAM">   --->   Core 91 'RAM_2P_BRAM' <Latency = 1> <II = 1> <Delay = 3.25> <Storage> <Opcode : 'load' 'store'> <Ports = 2> <Width = 8> <Depth = 1176> <RAM>
ST_21 : Operation 651 [1/1] (0.00ns)   --->   "%br_ln131 = br void %arrayidx412.132.exit" [Lenet_RTL_test/lenet_conv1_only.cpp:131]   --->   Operation 651 'br' 'br_ln131' <Predicate = (trunc_ln118)> <Delay = 0.00>


============================================================
+ Verbose Summary: Binding
============================================================
STG Binding: 
---------------- STG Properties BEGIN ----------------
- Is combinational: 0
- Is one-state seq: 0
- Is datapath-only: 0
- Is pipelined: 0
- Is top level: 0
Port [ Return ] is wired: 1; IO mode=ap_ctrl_hs:ce=0
Port [ sub_ln131]:  wired=1; compound=0; hidden=0; nouse=0; global=0; static=0; extern=0; dir=0; type=0; pingpong=0; private_global=0; IO mode=ap_none:ce=0
Port [ x]:  wired=1; compound=1; hidden=0; nouse=0; global=0; static=0; extern=0; dir=0; type=1; pingpong=0; private_global=0; MemPort=[11]; IO mode=ap_memory:ce=0
Port [ y_0]:  wired=1; compound=1; hidden=0; nouse=0; global=0; static=0; extern=0; dir=1; type=1; pingpong=0; private_global=0; MemPort=[30]; IO mode=ap_memory:ce=0
Port [ y_1]:  wired=1; compound=1; hidden=0; nouse=0; global=0; static=0; extern=0; dir=1; type=1; pingpong=0; private_global=0; MemPort=[30]; IO mode=ap_memory:ce=0
Port [ LENET_C1_W_0_4_0_load_cast]:  wired=1; compound=0; hidden=0; nouse=0; global=0; static=0; extern=0; dir=0; type=0; pingpong=0; private_global=0; IO mode=ap_none:ce=0
Port [ LENET_C1_W_0_2_3_load_cast]:  wired=1; compound=0; hidden=0; nouse=0; global=0; static=0; extern=0; dir=0; type=0; pingpong=0; private_global=0; IO mode=ap_none:ce=0
Port [ LENET_C1_W_0_4_2_load_cast]:  wired=1; compound=0; hidden=0; nouse=0; global=0; static=0; extern=0; dir=0; type=0; pingpong=0; private_global=0; IO mode=ap_none:ce=0
Port [ LENET_C1_W_0_1_2_load_cast]:  wired=1; compound=0; hidden=0; nouse=0; global=0; static=0; extern=0; dir=0; type=0; pingpong=0; private_global=0; IO mode=ap_none:ce=0
Port [ LENET_C1_W_0_1_3_load_cast]:  wired=1; compound=0; hidden=0; nouse=0; global=0; static=0; extern=0; dir=0; type=0; pingpong=0; private_global=0; IO mode=ap_none:ce=0
Port [ LENET_C1_W_0_2_2_load_cast]:  wired=1; compound=0; hidden=0; nouse=0; global=0; static=0; extern=0; dir=0; type=0; pingpong=0; private_global=0; IO mode=ap_none:ce=0
Port [ LENET_C1_W_0_3_3_load_cast]:  wired=1; compound=0; hidden=0; nouse=0; global=0; static=0; extern=0; dir=0; type=0; pingpong=0; private_global=0; IO mode=ap_none:ce=0
Port [ LENET_C1_W_0_1_1_load_cast]:  wired=1; compound=0; hidden=0; nouse=0; global=0; static=0; extern=0; dir=0; type=0; pingpong=0; private_global=0; IO mode=ap_none:ce=0
Port [ LENET_C1_W_0_0_0_load_cast]:  wired=1; compound=0; hidden=0; nouse=0; global=0; static=0; extern=0; dir=0; type=0; pingpong=0; private_global=0; IO mode=ap_none:ce=0
Port [ LENET_C1_W_0_1_4_load_cast]:  wired=1; compound=0; hidden=0; nouse=0; global=0; static=0; extern=0; dir=0; type=0; pingpong=0; private_global=0; IO mode=ap_none:ce=0
Port [ LENET_C1_W_0_4_3_load_cast]:  wired=1; compound=0; hidden=0; nouse=0; global=0; static=0; extern=0; dir=0; type=0; pingpong=0; private_global=0; IO mode=ap_none:ce=0
Port [ LENET_C1_W_0_2_1_load_cast]:  wired=1; compound=0; hidden=0; nouse=0; global=0; static=0; extern=0; dir=0; type=0; pingpong=0; private_global=0; IO mode=ap_none:ce=0
Port [ LENET_C1_W_0_1_0_load_cast]:  wired=1; compound=0; hidden=0; nouse=0; global=0; static=0; extern=0; dir=0; type=0; pingpong=0; private_global=0; IO mode=ap_none:ce=0
Port [ LENET_C1_W_0_4_1_load_cast]:  wired=1; compound=0; hidden=0; nouse=0; global=0; static=0; extern=0; dir=0; type=0; pingpong=0; private_global=0; IO mode=ap_none:ce=0
Port [ LENET_C1_W_0_0_1_load_cast]:  wired=1; compound=0; hidden=0; nouse=0; global=0; static=0; extern=0; dir=0; type=0; pingpong=0; private_global=0; IO mode=ap_none:ce=0
Port [ LENET_C1_W_0_0_4_load_cast]:  wired=1; compound=0; hidden=0; nouse=0; global=0; static=0; extern=0; dir=0; type=0; pingpong=0; private_global=0; IO mode=ap_none:ce=0
Port [ LENET_C1_W_0_3_4_load_cast]:  wired=1; compound=0; hidden=0; nouse=0; global=0; static=0; extern=0; dir=0; type=0; pingpong=0; private_global=0; IO mode=ap_none:ce=0
Port [ LENET_C1_W_0_0_3_load_cast]:  wired=1; compound=0; hidden=0; nouse=0; global=0; static=0; extern=0; dir=0; type=0; pingpong=0; private_global=0; IO mode=ap_none:ce=0
Port [ LENET_C1_W_0_2_0_load_cast]:  wired=1; compound=0; hidden=0; nouse=0; global=0; static=0; extern=0; dir=0; type=0; pingpong=0; private_global=0; IO mode=ap_none:ce=0
Port [ LENET_C1_W_0_3_0_load_cast]:  wired=1; compound=0; hidden=0; nouse=0; global=0; static=0; extern=0; dir=0; type=0; pingpong=0; private_global=0; IO mode=ap_none:ce=0
Port [ LENET_C1_W_0_3_1_load_cast]:  wired=1; compound=0; hidden=0; nouse=0; global=0; static=0; extern=0; dir=0; type=0; pingpong=0; private_global=0; IO mode=ap_none:ce=0
Port [ LENET_C1_W_0_2_4_load_cast]:  wired=1; compound=0; hidden=0; nouse=0; global=0; static=0; extern=0; dir=0; type=0; pingpong=0; private_global=0; IO mode=ap_none:ce=0
Port [ LENET_C1_W_0_0_2_load_cast]:  wired=1; compound=0; hidden=0; nouse=0; global=0; static=0; extern=0; dir=0; type=0; pingpong=0; private_global=0; IO mode=ap_none:ce=0
Port [ LENET_C1_W_0_3_2_load_cast]:  wired=1; compound=0; hidden=0; nouse=0; global=0; static=0; extern=0; dir=0; type=0; pingpong=0; private_global=0; IO mode=ap_none:ce=0
Port [ sext_ln118]:  wired=1; compound=0; hidden=0; nouse=0; global=0; static=0; extern=0; dir=0; type=0; pingpong=0; private_global=0; IO mode=ap_none:ce=0
Port [ merge_i_cast]:  wired=1; compound=0; hidden=0; nouse=0; global=0; static=0; extern=0; dir=0; type=0; pingpong=0; private_global=0; IO mode=ap_none:ce=0
---------------- STG Properties END ------------------

---------------- Datapath Model BEGIN ----------------

<LifeTime>
<method=bitvector/>
ow                              (alloca           ) [ 0111000000000000000000]
oh                              (alloca           ) [ 0100000000000000000000]
indvar_flatten                  (alloca           ) [ 0100000000000000000000]
merge_i_cast_read               (read             ) [ 0000000000000000000000]
sext_ln118_read                 (read             ) [ 0000000000000000000000]
LENET_C1_W_0_3_2_load_cast_read (read             ) [ 0000000000000000000000]
LENET_C1_W_0_0_2_load_cast_read (read             ) [ 0000000000000000000000]
LENET_C1_W_0_2_4_load_cast_read (read             ) [ 0000000000000000000000]
LENET_C1_W_0_3_1_load_cast_read (read             ) [ 0000000000000000000000]
LENET_C1_W_0_3_0_load_cast_read (read             ) [ 0000000000000000000000]
LENET_C1_W_0_2_0_load_cast_read (read             ) [ 0000000000000000000000]
LENET_C1_W_0_0_3_load_cast_read (read             ) [ 0000000000000000000000]
LENET_C1_W_0_3_4_load_cast_read (read             ) [ 0000000000000000000000]
LENET_C1_W_0_0_4_load_cast_read (read             ) [ 0000000000000000000000]
LENET_C1_W_0_0_1_load_cast_read (read             ) [ 0000000000000000000000]
LENET_C1_W_0_4_1_load_cast_read (read             ) [ 0000000000000000000000]
LENET_C1_W_0_1_0_load_cast_read (read             ) [ 0000000000000000000000]
LENET_C1_W_0_2_1_load_cast_read (read             ) [ 0000000000000000000000]
LENET_C1_W_0_4_3_load_cast_read (read             ) [ 0000000000000000000000]
LENET_C1_W_0_1_4_load_cast_read (read             ) [ 0000000000000000000000]
LENET_C1_W_0_0_0_load_cast_read (read             ) [ 0000000000000000000000]
LENET_C1_W_0_1_1_load_cast_read (read             ) [ 0000000000000000000000]
LENET_C1_W_0_3_3_load_cast_read (read             ) [ 0000000000000000000000]
LENET_C1_W_0_2_2_load_cast_read (read             ) [ 0000000000000000000000]
LENET_C1_W_0_1_3_load_cast_read (read             ) [ 0000000000000000000000]
LENET_C1_W_0_1_2_load_cast_read (read             ) [ 0000000000000000000000]
LENET_C1_W_0_4_2_load_cast_read (read             ) [ 0000000000000000000000]
LENET_C1_W_0_2_3_load_cast_read (read             ) [ 0000000000000000000000]
LENET_C1_W_0_4_0_load_cast_read (read             ) [ 0000000000000000000000]
sub_ln131_read                  (read             ) [ 0000000000000000000000]
merge_i_cast_cast               (sext             ) [ 0011111100000000000000]
sext_ln118_cast                 (sext             ) [ 0111111111111111110000]
LENET_C1_W_0_3_2_load_cast_cast (sext             ) [ 0111111111111111100000]
LENET_C1_W_0_0_2_load_cast_cast (sext             ) [ 0011111110000000000000]
LENET_C1_W_0_2_4_load_cast_cast (sext             ) [ 0111111111111111111000]
LENET_C1_W_0_3_1_load_cast_cast (sext             ) [ 0011111111111110000000]
LENET_C1_W_0_3_0_load_cast_cast (zext             ) [ 0111111111111111100000]
LENET_C1_W_0_2_0_load_cast_cast (zext             ) [ 0111111111111111100000]
LENET_C1_W_0_0_3_load_cast_cast (zext             ) [ 0011111100000000000000]
LENET_C1_W_0_3_4_load_cast_cast (sext             ) [ 0111111111111111110000]
LENET_C1_W_0_0_4_load_cast_cast (sext             ) [ 0111111111111111111000]
LENET_C1_W_0_0_1_load_cast_cast (zext             ) [ 0011111000000000000000]
LENET_C1_W_0_4_1_load_cast_cast (sext             ) [ 0011111111111111000000]
LENET_C1_W_0_1_0_load_cast_cast (zext             ) [ 0011111111111100000000]
LENET_C1_W_0_2_1_load_cast_cast (zext             ) [ 0111111111111111110000]
LENET_C1_W_0_4_3_load_cast_cast (sext             ) [ 0011111111111111000000]
LENET_C1_W_0_1_4_load_cast_cast (sext             ) [ 0111111111111111110000]
LENET_C1_W_0_0_0_load_cast_cast (zext             ) [ 0011111111100000000000]
LENET_C1_W_0_1_1_load_cast_cast (zext             ) [ 0011111111111100000000]
LENET_C1_W_0_3_3_load_cast_cast (sext             ) [ 0011111111111111000000]
LENET_C1_W_0_2_2_load_cast_cast (sext             ) [ 0111111111111111100000]
LENET_C1_W_0_1_3_load_cast_cast (sext             ) [ 0011111111111000000000]
LENET_C1_W_0_1_2_load_cast_cast (zext             ) [ 0011111111111000000000]
LENET_C1_W_0_4_2_load_cast_cast (sext             ) [ 0111111111111111111000]
LENET_C1_W_0_2_3_load_cast_cast (sext             ) [ 0011111111111110000000]
LENET_C1_W_0_4_0_load_cast_cast (sext             ) [ 0011111111111000000000]
sub_ln131_cast                  (sext             ) [ 0111111111111111111100]
specmemcore_ln0                 (specmemcore      ) [ 0000000000000000000000]
specmemcore_ln0                 (specmemcore      ) [ 0000000000000000000000]
specinterface_ln0               (specinterface    ) [ 0000000000000000000000]
store_ln0                       (store            ) [ 0000000000000000000000]
store_ln0                       (store            ) [ 0000000000000000000000]
store_ln0                       (store            ) [ 0000000000000000000000]
br_ln0                          (br               ) [ 0000000000000000000000]
indvar_flatten_load             (load             ) [ 0000000000000000000000]
icmp_ln118                      (icmp             ) [ 0111111111111111000000]
add_ln118_3                     (add              ) [ 0000000000000000000000]
br_ln118                        (br               ) [ 0000000000000000000000]
ow_load                         (load             ) [ 0000000000000000000000]
oh_load                         (load             ) [ 0010000000000000000000]
icmp_ln119                      (icmp             ) [ 0010000000000000000000]
select_ln118                    (select           ) [ 0111111111111111111110]
indvars_iv_next1324             (add              ) [ 0000000000000000000000]
select_ln118_1                  (select           ) [ 0011111111111110000000]
trunc_ln118                     (trunc            ) [ 0111111111111111111111]
zext_ln118_1_mid2_v             (partselect       ) [ 0111111111111111111100]
indvars_iv_next132_mid1         (add              ) [ 0000000000000000000000]
select_ln118_2                  (select           ) [ 0011111111100000000000]
or_ln126                        (or               ) [ 0111111111111111111110]
tmp_10                          (bitconcatenate   ) [ 0000000000000000000000]
zext_ln126_45                   (zext             ) [ 0000000000000000000000]
x_addr_1                        (getelementptr    ) [ 0010000000000000000000]
tmp_11                          (bitconcatenate   ) [ 0000000000000000000000]
zext_ln126_46                   (zext             ) [ 0000000000000000000000]
x_addr_6                        (getelementptr    ) [ 0010000000000000000000]
br_ln131                        (br               ) [ 0000000000000000000000]
store_ln119                     (store            ) [ 0000000000000000000000]
store_ln119                     (store            ) [ 0000000000000000000000]
select_ln118_3                  (select           ) [ 0000000000000000000000]
add_ln118                       (add              ) [ 0001111111111110000000]
select_ln118_4                  (select           ) [ 0000000000000000000000]
add_ln118_1                     (add              ) [ 0001111111111111000000]
select_ln118_5                  (select           ) [ 0000000000000000000000]
add_ln118_2                     (add              ) [ 0001111111111111000000]
tmp_12                          (bitconcatenate   ) [ 0000000000000000000000]
zext_ln126_47                   (zext             ) [ 0000000000000000000000]
x_addr_11                       (getelementptr    ) [ 0001000000000000000000]
tmp_14                          (bitconcatenate   ) [ 0000000000000000000000]
zext_ln126_49                   (zext             ) [ 0000000000000000000000]
x_addr_21                       (getelementptr    ) [ 0001000000000000000000]
x_load_1                        (load             ) [ 0000000000000000000000]
zext_ln126_2                    (zext             ) [ 0001111100000000000000]
x_load_6                        (load             ) [ 0001111111100000000000]
add_ln126                       (add              ) [ 0000111111111100000000]
tmp_15                          (bitconcatenate   ) [ 0000000000000000000000]
zext_ln126_50                   (zext             ) [ 0000000000000000000000]
x_addr_2                        (getelementptr    ) [ 0000100000000000000000]
add_ln126_1                     (add              ) [ 0000111111111100000000]
tmp_20                          (bitconcatenate   ) [ 0000000000000000000000]
zext_ln126_55                   (zext             ) [ 0000000000000000000000]
x_addr_3                        (getelementptr    ) [ 0000100000000000000000]
zext_ln126_13                   (zext             ) [ 0000000000000000000000]
x_load_11                       (load             ) [ 0000111111110000000000]
x_load_21                       (load             ) [ 0000100000000000000000]
mul_ln85_37                     (mul              ) [ 0000111100000000000000]
store_ln119                     (store            ) [ 0000000000000000000000]
br_ln119                        (br               ) [ 0000000000000000000000]
x_load_2                        (load             ) [ 0000010000000000000000]
zext_ln126_4                    (zext             ) [ 0000011000000000000000]
tmp_21                          (bitconcatenate   ) [ 0000000000000000000000]
zext_ln126_56                   (zext             ) [ 0000000000000000000000]
x_addr_8                        (getelementptr    ) [ 0000010000000000000000]
x_load_3                        (load             ) [ 0000011000000000000000]
zext_ln126_8                    (zext             ) [ 0000011000000000000000]
add_ln126_2                     (add              ) [ 0000011111111000000000]
tmp_25                          (bitconcatenate   ) [ 0000000000000000000000]
zext_ln126_60                   (zext             ) [ 0000000000000000000000]
x_addr_4                        (getelementptr    ) [ 0000010000000000000000]
zext_ln126_33                   (zext             ) [ 0000011111111111000000]
mul_ln85_14                     (mul              ) [ 0000000000000000000000]
zext_ln85_6                     (zext             ) [ 0000010000000000000000]
mul_ln85_25                     (mul              ) [ 0000011110000000000000]
tmp_18                          (bitconcatenate   ) [ 0000000000000000000000]
zext_ln126_53                   (zext             ) [ 0000000000000000000000]
x_addr_17                       (getelementptr    ) [ 0000001000000000000000]
zext_ln126_5                    (zext             ) [ 0000001100000000000000]
tmp_28                          (bitconcatenate   ) [ 0000000000000000000000]
zext_ln126_63                   (zext             ) [ 0000000000000000000000]
x_addr_19                       (getelementptr    ) [ 0000001000000000000000]
x_load_4                        (load             ) [ 0000001000000000000000]
zext_ln126_10                   (zext             ) [ 0000001100000000000000]
x_load_8                        (load             ) [ 0000001111100000000000]
add_ln85_12                     (add              ) [ 0000001111100000000000]
tmp_s                           (bitconcatenate   ) [ 0000000000000000000000]
zext_ln119                      (zext             ) [ 0000000000000000000000]
zext_ln126_7                    (zext             ) [ 0000000110000000000000]
tmp_29                          (bitconcatenate   ) [ 0000000000000000000000]
zext_ln126_64                   (zext             ) [ 0000000000000000000000]
x_addr_24                       (getelementptr    ) [ 0000000100000000000000]
zext_ln126_11                   (zext             ) [ 0000000000000000000000]
zext_ln126_18                   (zext             ) [ 0000000000000000000000]
x_load_17                       (load             ) [ 0000000100000000000000]
x_load_19                       (load             ) [ 0000000000000000000000]
zext_ln126_31                   (zext             ) [ 0000000110000000000000]
mul_ln85_4                      (mul              ) [ 0000000111110000000000]
mul_ln85_15                     (mul              ) [ 0000000000000000000000]
sext_ln85_7                     (sext             ) [ 0000000100000000000000]
mul_ln85_17                     (mul              ) [ 0000000000000000000000]
zext_ln85_7                     (zext             ) [ 0000000100000000000000]
add_ln126_3                     (add              ) [ 0000000000000000000000]
zext_ln126_65                   (zext             ) [ 0000000111111111000000]
add_ln126_5                     (add              ) [ 0000000000000000000000]
zext_ln126_67                   (zext             ) [ 0000000000000000000000]
x_addr_26                       (getelementptr    ) [ 0000000100000000000000]
mul_ln85_39                     (mul              ) [ 0000000000000000000000]
zext_ln85_17                    (zext             ) [ 0000000100000000000000]
tmp_4                           (bitconcatenate   ) [ 0000000000000000000000]
zext_ln126_3                    (zext             ) [ 0000000000000000000000]
x_addr                          (getelementptr    ) [ 0000000010000000000000]
tmp_5                           (bitconcatenate   ) [ 0000000000000000000000]
zext_ln126_6                    (zext             ) [ 0000000000000000000000]
x_addr_5                        (getelementptr    ) [ 0000000010000000000000]
zext_ln126_29                   (zext             ) [ 0000000011111110000000]
x_load_24                       (load             ) [ 0000000011111000000000]
mul_ln85_22                     (mul              ) [ 0000000000000000000000]
sext_ln85_11                    (sext             ) [ 0000000010000000000000]
mul_ln85_23                     (mul              ) [ 0000000010000000000000]
add_ln85_14                     (add              ) [ 0000000000000000000000]
sext_ln85_27                    (sext             ) [ 0000000010000000000000]
x_load_26                       (load             ) [ 0000000011111111000000]
mul_ln85_33                     (mul              ) [ 0000000000000000000000]
zext_ln85_14                    (zext             ) [ 0000000010000000000000]
zext_ln85_16                    (zext             ) [ 0000000010000000000000]
mul_ln85_42                     (mul              ) [ 0000000000000000000000]
zext_ln85_18                    (zext             ) [ 0000000010000000000000]
add_ln85_37                     (add              ) [ 0000000000000000000000]
sext_ln85_61                    (sext             ) [ 0000000010000000000000]
tmp_6                           (bitconcatenate   ) [ 0000000000000000000000]
zext_ln126_9                    (zext             ) [ 0000000000000000000000]
x_addr_10                       (getelementptr    ) [ 0000000001000000000000]
tmp_8                           (bitconcatenate   ) [ 0000000000000000000000]
zext_ln126_38                   (zext             ) [ 0000000000000000000000]
x_addr_15                       (getelementptr    ) [ 0000000001000000000000]
x_load                          (load             ) [ 0000000000000000000000]
zext_ln126                      (zext             ) [ 0000000001100000000000]
x_load_5                        (load             ) [ 0000000001110000000000]
mul_ln85_16                     (mul              ) [ 0000000000000000000000]
sext_ln85_8                     (sext             ) [ 0000000001000000000000]
sext_ln85_12                    (sext             ) [ 0000000001000000000000]
add_ln85_15                     (add              ) [ 0000000001110000000000]
sext_ln85_36                    (sext             ) [ 0000000001000000000000]
mul_ln85_31                     (mul              ) [ 0000000000000000000000]
sext_ln85_41                    (sext             ) [ 0000000001000000000000]
mul_ln85_47                     (mul              ) [ 0000000000000000000000]
sext_ln85_47                    (sext             ) [ 0000000001000000000000]
add_ln85_38                     (add              ) [ 0000000001000000000000]
add_ln85_39                     (add              ) [ 0000000000000000000000]
zext_ln85_21                    (zext             ) [ 0000000001000000000000]
tmp_9                           (bitconcatenate   ) [ 0000000000000000000000]
zext_ln126_43                   (zext             ) [ 0000000000000000000000]
x_addr_20                       (getelementptr    ) [ 0000000000100000000000]
tmp_13                          (bitconcatenate   ) [ 0000000000000000000000]
zext_ln126_48                   (zext             ) [ 0000000000000000000000]
x_addr_16                       (getelementptr    ) [ 0000000000100000000000]
x_load_10                       (load             ) [ 0000000000000000000000]
zext_ln126_20                   (zext             ) [ 0000000000110000000000]
x_load_15                       (load             ) [ 0000000000000000000000]
zext_ln126_26                   (zext             ) [ 0000000000110000000000]
add_ln85_2                      (add              ) [ 0000000000111000000000]
add_ln85_33                     (add              ) [ 0110000000111111110000]
sext_ln85_62                    (sext             ) [ 0000000000000000000000]
add_ln85_40                     (add              ) [ 0000000000000000000000]
sext_ln85_63                    (sext             ) [ 0000000000000000000000]
add_ln85_41                     (add              ) [ 0111100000111111111100]
tmp_16                          (bitconcatenate   ) [ 0000000000000000000000]
zext_ln126_51                   (zext             ) [ 0000000000000000000000]
x_addr_7                        (getelementptr    ) [ 0000000000010000000000]
tmp_26                          (bitconcatenate   ) [ 0000000000000000000000]
zext_ln126_61                   (zext             ) [ 0000000000000000000000]
x_addr_9                        (getelementptr    ) [ 0000000000010000000000]
zext_ln126_14                   (zext             ) [ 0000000000011000000000]
zext_ln126_17                   (zext             ) [ 0000000000011000000000]
x_load_16                       (load             ) [ 0000000000011110000000]
x_load_20                       (load             ) [ 0000000000000000000000]
zext_ln126_32                   (zext             ) [ 0000000000011000000000]
mul_ln85_8                      (mul              ) [ 0000000000000000000000]
zext_ln85_3                     (zext             ) [ 0000000000010000000000]
sext_ln85_25                    (sext             ) [ 0000000000010000000000]
tmp_17                          (bitconcatenate   ) [ 0000000000000000000000]
zext_ln126_52                   (zext             ) [ 0000000000000000000000]
x_addr_12                       (getelementptr    ) [ 0000000000001000000000]
tmp_22                          (bitconcatenate   ) [ 0000000000000000000000]
zext_ln126_57                   (zext             ) [ 0000000000000000000000]
x_addr_13                       (getelementptr    ) [ 0000000000001000000000]
zext_ln126_12                   (zext             ) [ 0000000000001100000000]
x_load_7                        (load             ) [ 0000000000001000000000]
zext_ln126_15                   (zext             ) [ 0000000000001100000000]
x_load_9                        (load             ) [ 0000000000001000000000]
zext_ln126_21                   (zext             ) [ 0100000000001111100000]
zext_ln126_28                   (zext             ) [ 0000000000000000000000]
sext_ln85_3                     (sext             ) [ 0000000000001000000000]
mul_ln85_18                     (mul              ) [ 0000000000000000000000]
zext_ln85_8                     (zext             ) [ 0000000000001000000000]
mul_ln85_19                     (mul              ) [ 0000000000000000000000]
zext_ln85_9                     (zext             ) [ 0000000000001000000000]
mul_ln85_20                     (mul              ) [ 0000000000000000000000]
sext_ln85_9                     (sext             ) [ 0000000000001000000000]
add_ln85_13                     (add              ) [ 0000000000000000000000]
sext_ln85_26                    (sext             ) [ 0000000000000000000000]
sext_ln85_28                    (sext             ) [ 0000000000000000000000]
add_ln85_16                     (add              ) [ 0100000000001111100000]
tmp_23                          (bitconcatenate   ) [ 0000000000000000000000]
zext_ln126_58                   (zext             ) [ 0000000000000000000000]
x_addr_18                       (getelementptr    ) [ 0000000000000100000000]
tmp_27                          (bitconcatenate   ) [ 0000000000000000000000]
zext_ln126_62                   (zext             ) [ 0000000000000000000000]
x_addr_14                       (getelementptr    ) [ 0000000000000100000000]
zext_ln126_16                   (zext             ) [ 0000000000000000000000]
zext_ln126_19                   (zext             ) [ 0000000000000110000000]
x_load_12                       (load             ) [ 0000000000000111000000]
x_load_13                       (load             ) [ 0000000000000100000000]
zext_ln85                       (zext             ) [ 0000000000000111000000]
mul_ln85                        (mul              ) [ 0000000000000000000000]
sext_ln85                       (sext             ) [ 0000000000000100000000]
mul_ln85_3                      (mul              ) [ 0000000000000000000000]
zext_ln85_1                     (zext             ) [ 0000000000000100000000]
mul_ln85_7                      (mul              ) [ 0000000000000000000000]
zext_ln85_2                     (zext             ) [ 0000000000000100000000]
sext_ln85_16                    (sext             ) [ 0000000000000100000000]
add_ln85_8                      (add              ) [ 0111000000000111111000]
add_ln85_19                     (add              ) [ 0000000000000111000000]
mul_ln85_28                     (mul              ) [ 0000000000000000000000]
zext_ln85_12                    (zext             ) [ 0000000000000100000000]
mul_ln85_29                     (mul              ) [ 0000000000000000000000]
sext_ln85_39                    (sext             ) [ 0000000000000100000000]
tmp_19                          (bitconcatenate   ) [ 0000000000000000000000]
zext_ln126_54                   (zext             ) [ 0000000000000000000000]
x_addr_22                       (getelementptr    ) [ 0000000000000010000000]
tmp_24                          (bitconcatenate   ) [ 0000000000000000000000]
zext_ln126_59                   (zext             ) [ 0000000000000000000000]
x_addr_23                       (getelementptr    ) [ 0000000000000010000000]
zext_ln126_23                   (zext             ) [ 0000000000000000000000]
zext_ln126_24                   (zext             ) [ 0100000000000011100000]
x_load_14                       (load             ) [ 0000000000000010000000]
x_load_18                       (load             ) [ 0000000000000000000000]
zext_ln126_30                   (zext             ) [ 0100000000000011100000]
mul_ln85_1                      (mul              ) [ 0000000000000000000000]
sext_ln85_1                     (sext             ) [ 0000000000000010000000]
mul_ln85_5                      (mul              ) [ 0110000000000011110000]
mul_ln85_11                     (mul              ) [ 0000000000000000000000]
zext_ln85_4                     (zext             ) [ 0000000000000010000000]
mul_ln85_12                     (mul              ) [ 0000000000000000000000]
zext_ln85_5                     (zext             ) [ 0000000000000010000000]
add_ln85_3                      (add              ) [ 0110000000000011110000]
add_ln85_17                     (add              ) [ 0000000000000010000000]
mul_ln85_32                     (mul              ) [ 0000000000000000000000]
zext_ln85_13                    (zext             ) [ 0000000000000010000000]
add_ln85_42                     (add              ) [ 0000000000000010000000]
tmp_7                           (bitconcatenate   ) [ 0000000000000000000000]
tmp_1                           (bitconcatenate   ) [ 0000000000000000000000]
zext_ln126_25                   (zext             ) [ 0110000000000001110000]
zext_ln126_27                   (zext             ) [ 0100000000000001100000]
x_load_22                       (load             ) [ 0000000000000001000000]
zext_ln126_35                   (zext             ) [ 0100000000000001100000]
x_load_23                       (load             ) [ 0100000000000001100000]
mul_ln85_9                      (mul              ) [ 0000000000000000000000]
sext_ln85_6                     (sext             ) [ 0000000000000001000000]
mul_ln85_24                     (mul              ) [ 0000000000000000000000]
sext_ln85_13                    (sext             ) [ 0000000000000001000000]
add_ln85_5                      (add              ) [ 0000000000000001000000]
add_ln85_18                     (add              ) [ 0000000000000001000000]
add_ln126_4                     (add              ) [ 0000000000000000000000]
zext_ln126_66                   (zext             ) [ 0000000000000000000000]
x_addr_25                       (getelementptr    ) [ 0000000000000001000000]
add_ln126_6                     (add              ) [ 0000000000000000000000]
zext_ln126_68                   (zext             ) [ 0000000000000000000000]
x_addr_27                       (getelementptr    ) [ 0000000000000001000000]
mul_ln85_26                     (mul              ) [ 0000000000000000000000]
sext_ln85_37                    (sext             ) [ 0000000000000001000000]
mul_ln85_45                     (mul              ) [ 0000000000000000000000]
sext_ln85_45                    (sext             ) [ 0000000000000001000000]
add_ln85_43                     (add              ) [ 0111000000000001111000]
tmp_2                           (bitconcatenate   ) [ 0000000000000000000000]
tmp_3                           (bitconcatenate   ) [ 0000000000000000000000]
zext_ln126_22                   (zext             ) [ 0110000000000000110000]
zext_ln126_34                   (zext             ) [ 0000000000000000000000]
zext_ln126_37                   (zext             ) [ 0000000000000000000000]
mul_ln85_6                      (mul              ) [ 0000000000000000000000]
sext_ln85_5                     (sext             ) [ 0100000000000000100000]
mul_ln85_10                     (mul              ) [ 0100000000000000100000]
mul_ln85_13                     (mul              ) [ 0100000000000000100000]
sext_ln85_18                    (sext             ) [ 0100000000000000100000]
zext_ln85_10                    (zext             ) [ 0000000000000000000000]
sext_ln85_30                    (sext             ) [ 0000000000000000000000]
add_ln85_20                     (add              ) [ 0000000000000000000000]
sext_ln85_31                    (sext             ) [ 0000000000000000000000]
add_ln85_21                     (add              ) [ 0000000000000000000000]
sext_ln85_32                    (sext             ) [ 0000000000000000000000]
add_ln85_22                     (add              ) [ 0100000000000000100000]
add_ln126_7                     (add              ) [ 0000000000000000000000]
zext_ln126_69                   (zext             ) [ 0000000000000000000000]
x_addr_28                       (getelementptr    ) [ 0100000000000000100000]
add_ln126_8                     (add              ) [ 0000000000000000000000]
zext_ln126_70                   (zext             ) [ 0000000000000000000000]
x_addr_29                       (getelementptr    ) [ 0100000000000000100000]
x_load_25                       (load             ) [ 0100000000000000100000]
zext_ln126_40                   (zext             ) [ 0110000000000000110000]
x_load_27                       (load             ) [ 0100000000000000100000]
mul_ln85_35                     (mul              ) [ 0100000000000000100000]
mul_ln85_38                     (mul              ) [ 0100000000000000100000]
add_ln85_30                     (add              ) [ 0111100000000000111100]
zext_ln126_36                   (zext             ) [ 0011000000000000011000]
mul_ln85_2                      (mul              ) [ 0000000000000000000000]
sext_ln85_2                     (sext             ) [ 0010000000000000010000]
add_ln85                        (add              ) [ 0000000000000000000000]
sext_ln85_14                    (sext             ) [ 0010000000000000010000]
add_ln85_6                      (add              ) [ 0011000000000000011000]
sext_ln85_29                    (sext             ) [ 0000000000000000000000]
sext_ln85_33                    (sext             ) [ 0000000000000000000000]
add_ln85_23                     (add              ) [ 0011100000000000011100]
zext_ln126_39                   (zext             ) [ 0011000000000000011000]
zext_ln126_41                   (zext             ) [ 0011000000000000011000]
x_load_28                       (load             ) [ 0010000000000000010000]
x_load_29                       (load             ) [ 0010000000000000010000]
mul_ln85_30                     (mul              ) [ 0000000000000000000000]
sext_ln85_40                    (sext             ) [ 0010000000000000010000]
mul_ln85_43                     (mul              ) [ 0000000000000000000000]
zext_ln85_19                    (zext             ) [ 0010000000000000010000]
mul_ln85_44                     (mul              ) [ 0000000000000000000000]
zext_ln85_20                    (zext             ) [ 0010000000000000010000]
mul_ln85_48                     (mul              ) [ 0000000000000000000000]
sext_ln85_48                    (sext             ) [ 0010000000000000010000]
add_ln85_27                     (add              ) [ 0011000000000000011000]
sext_ln85_4                     (sext             ) [ 0001000000000000001000]
mul_ln85_21                     (mul              ) [ 0000000000000000000000]
sext_ln85_10                    (sext             ) [ 0001000000000000001000]
add_ln85_1                      (add              ) [ 0000000000000000000000]
sext_ln85_15                    (sext             ) [ 0000000000000000000000]
add_ln85_4                      (add              ) [ 0001100000000000001100]
zext_ln126_42                   (zext             ) [ 0000000000000000000000]
zext_ln85_11                    (zext             ) [ 0000000000000000000000]
mul_ln85_34                     (mul              ) [ 0000000000000000000000]
sext_ln85_42                    (sext             ) [ 0001000000000000001000]
mul_ln85_36                     (mul              ) [ 0000000000000000000000]
zext_ln85_15                    (zext             ) [ 0001000000000000001000]
mul_ln85_41                     (mul              ) [ 0000000000000000000000]
sext_ln85_44                    (sext             ) [ 0001000000000000001000]
mul_ln85_49                     (mul              ) [ 0000000000000000000000]
sext_ln85_49                    (sext             ) [ 0001000000000000001000]
add_ln85_32                     (add              ) [ 0000000000000000000000]
sext_ln85_56                    (sext             ) [ 0000000000000000000000]
sext_ln85_57                    (sext             ) [ 0000000000000000000000]
add_ln85_34                     (add              ) [ 0001100000000000001100]
add_ln85_44                     (add              ) [ 0001000000000000001000]
sext_ln85_19                    (sext             ) [ 0000000000000000000000]
add_ln85_7                      (add              ) [ 0000000000000000000000]
sext_ln85_20                    (sext             ) [ 0000000000000000000000]
sext_ln85_21                    (sext             ) [ 0000000000000000000000]
add_ln85_9                      (add              ) [ 0000000000000000000000]
sext_ln85_22                    (sext             ) [ 0000000000000000000000]
add_ln85_10                     (add              ) [ 0000100000000000000100]
mul_ln85_27                     (mul              ) [ 0000000000000000000000]
sext_ln85_38                    (sext             ) [ 0000100000000000000100]
mul_ln85_40                     (mul              ) [ 0000000000000000000000]
sext_ln85_43                    (sext             ) [ 0000100000000000000100]
mul_ln85_46                     (mul              ) [ 0000000000000000000000]
sext_ln85_46                    (sext             ) [ 0000100000000000000100]
add_ln85_25                     (add              ) [ 0000000000000000000000]
sext_ln85_50                    (sext             ) [ 0000100000000000000100]
sext_ln85_52                    (sext             ) [ 0000100000000000000100]
sext_ln85_65                    (sext             ) [ 0000000000000000000000]
sext_ln85_66                    (sext             ) [ 0000000000000000000000]
add_ln85_45                     (add              ) [ 0000000000000000000000]
sext_ln85_67                    (sext             ) [ 0000000000000000000000]
add_ln85_46                     (add              ) [ 0000000000000000000000]
sext_ln85_68                    (sext             ) [ 0000000000000000000000]
add_ln85_47                     (add              ) [ 0000100000000000000100]
zext_ln131                      (zext             ) [ 0000000000000000000000]
add_ln131                       (add              ) [ 0000000000000000000000]
trunc_ln131                     (trunc            ) [ 0000000000000000000000]
p_shl2                          (bitconcatenate   ) [ 0000000000000000000000]
tmp                             (bitconcatenate   ) [ 0000000000000000000000]
sext_ln131                      (sext             ) [ 0000000000000000000000]
sub_ln131_1                     (sub              ) [ 0000010000000000000010]
sext_ln85_17                    (sext             ) [ 0000000000000000000000]
sext_ln85_23                    (sext             ) [ 0000000000000000000000]
add_ln85_11                     (add              ) [ 0000000000000000000000]
sext_ln85_24                    (sext             ) [ 0000000000000000000000]
sext_ln85_34                    (sext             ) [ 0000000000000000000000]
add_ln85_24                     (add              ) [ 0000000000000000000000]
shl_ln                          (bitconcatenate   ) [ 0000000000000000000000]
shl_ln85_1                      (bitconcatenate   ) [ 0000000000000000000000]
sext_ln85_35                    (sext             ) [ 0000000000000000000000]
sub_ln85                        (sub              ) [ 0000010000000000000010]
tmp_30                          (bitselect        ) [ 0000010000000000000010]
tmp_31                          (partselect       ) [ 0000010000000000000010]
add_ln85_26                     (add              ) [ 0000000000000000000000]
sext_ln85_51                    (sext             ) [ 0000000000000000000000]
add_ln85_28                     (add              ) [ 0000000000000000000000]
sext_ln85_53                    (sext             ) [ 0000000000000000000000]
add_ln85_29                     (add              ) [ 0000000000000000000000]
sext_ln85_54                    (sext             ) [ 0000000000000000000000]
add_ln85_31                     (add              ) [ 0000000000000000000000]
sext_ln85_55                    (sext             ) [ 0000000000000000000000]
sext_ln85_58                    (sext             ) [ 0000000000000000000000]
add_ln85_35                     (add              ) [ 0000000000000000000000]
sext_ln85_59                    (sext             ) [ 0000000000000000000000]
add_ln85_36                     (add              ) [ 0000010000000000000010]
sext_ln85_64                    (sext             ) [ 0000000000000000000000]
sext_ln85_69                    (sext             ) [ 0000000000000000000000]
add_ln85_48                     (add              ) [ 0000010000000000000010]
zext_ln126_1                    (zext             ) [ 0000000000000000000000]
add_ln131_1                     (add              ) [ 0000000000000000000000]
zext_ln131_1                    (zext             ) [ 0000000000000000000000]
y_0_addr                        (getelementptr    ) [ 0000000000000000000000]
y_1_addr                        (getelementptr    ) [ 0000000000000000000000]
zext_ln126_44                   (zext             ) [ 0000000000000000000000]
add_ln131_2                     (add              ) [ 0000001000000000000001]
icmp_ln88                       (icmp             ) [ 0000000000000000000000]
trunc_ln1                       (partselect       ) [ 0000000000000000000000]
xor_ln87                        (xor              ) [ 0000000000000000000000]
select_ln87_2                   (select           ) [ 0000000000000000000000]
or_ln87                         (or               ) [ 0000000000000000000000]
select_ln87                     (select           ) [ 0000000000000000000000]
sext_ln85_60                    (sext             ) [ 0000000000000000000000]
sext_ln85_70                    (sext             ) [ 0000000000000000000000]
add_ln85_49                     (add              ) [ 0000000000000000000000]
shl_ln85_2                      (bitconcatenate   ) [ 0000000000000000000000]
shl_ln85_3                      (bitconcatenate   ) [ 0000000000000000000000]
sext_ln85_71                    (sext             ) [ 0000000000000000000000]
sub_ln85_1                      (sub              ) [ 0000001000000000000001]
tmp_32                          (bitselect        ) [ 0000001000000000000001]
tmp_33                          (partselect       ) [ 0000000000000000000000]
icmp_ln88_1                     (icmp             ) [ 0000001000000000000001]
store_ln131                     (store            ) [ 0000000000000000000000]
store_ln131                     (store            ) [ 0000000000000000000000]
specloopname_ln0                (specloopname     ) [ 0000000000000000000000]
speclooptripcount_ln0           (speclooptripcount) [ 0000000000000000000000]
specpipeline_ln120              (specpipeline     ) [ 0000000000000000000000]
specloopname_ln119              (specloopname     ) [ 0000000000000000000000]
zext_ln131_2                    (zext             ) [ 0000000000000000000000]
y_0_addr_1                      (getelementptr    ) [ 0000000000000000000000]
y_1_addr_1                      (getelementptr    ) [ 0000000000000000000000]
trunc_ln89_1                    (partselect       ) [ 0000000000000000000000]
xor_ln87_1                      (xor              ) [ 0000000000000000000000]
select_ln87_3                   (select           ) [ 0000000000000000000000]
or_ln87_1                       (or               ) [ 0000000000000000000000]
select_ln87_1                   (select           ) [ 0000000000000000000000]
store_ln131                     (store            ) [ 0000000000000000000000]
br_ln131                        (br               ) [ 0000000000000000000000]
store_ln131                     (store            ) [ 0000000000000000000000]
br_ln131                        (br               ) [ 0000000000000000000000]
ret_ln0                         (ret              ) [ 0000000000000000000000]
</LifeTime>

<model>

<comp_list>
<comp id="0" class="1000" name="sub_ln131">
<pin_list>
<pin id="1" dir="1" index="0" bw="1" slack="0"/>
</pin_list>
<bind>
<StgValue><ssdm name="sub_ln131"/></StgValue>
</bind>
</comp>

<comp id="2" class="1000" name="x">
<pin_list>
<pin id="3" dir="1" index="0" bw="1" slack="0"/>
</pin_list>
<bind>
<StgValue><ssdm name="x"/><MemPortTyVec>1 1 </MemPortTyVec>
</StgValue>
</bind>
</comp>

<comp id="4" class="1000" name="y_0">
<pin_list>
<pin id="5" dir="1" index="0" bw="1" slack="0"/>
</pin_list>
<bind>
<StgValue><ssdm name="y_0"/><MemPortTyVec>3 0 </MemPortTyVec>
</StgValue>
</bind>
</comp>

<comp id="6" class="1000" name="y_1">
<pin_list>
<pin id="7" dir="1" index="0" bw="1" slack="0"/>
</pin_list>
<bind>
<StgValue><ssdm name="y_1"/><MemPortTyVec>3 0 </MemPortTyVec>
</StgValue>
</bind>
</comp>

<comp id="8" class="1000" name="LENET_C1_W_0_4_0_load_cast">
<pin_list>
<pin id="9" dir="1" index="0" bw="1" slack="0"/>
</pin_list>
<bind>
<StgValue><ssdm name="LENET_C1_W_0_4_0_load_cast"/></StgValue>
</bind>
</comp>

<comp id="10" class="1000" name="LENET_C1_W_0_2_3_load_cast">
<pin_list>
<pin id="11" dir="1" index="0" bw="1" slack="0"/>
</pin_list>
<bind>
<StgValue><ssdm name="LENET_C1_W_0_2_3_load_cast"/></StgValue>
</bind>
</comp>

<comp id="12" class="1000" name="LENET_C1_W_0_4_2_load_cast">
<pin_list>
<pin id="13" dir="1" index="0" bw="1" slack="0"/>
</pin_list>
<bind>
<StgValue><ssdm name="LENET_C1_W_0_4_2_load_cast"/></StgValue>
</bind>
</comp>

<comp id="14" class="1000" name="LENET_C1_W_0_1_2_load_cast">
<pin_list>
<pin id="15" dir="1" index="0" bw="1" slack="0"/>
</pin_list>
<bind>
<StgValue><ssdm name="LENET_C1_W_0_1_2_load_cast"/></StgValue>
</bind>
</comp>

<comp id="16" class="1000" name="LENET_C1_W_0_1_3_load_cast">
<pin_list>
<pin id="17" dir="1" index="0" bw="1" slack="0"/>
</pin_list>
<bind>
<StgValue><ssdm name="LENET_C1_W_0_1_3_load_cast"/></StgValue>
</bind>
</comp>

<comp id="18" class="1000" name="LENET_C1_W_0_2_2_load_cast">
<pin_list>
<pin id="19" dir="1" index="0" bw="1" slack="0"/>
</pin_list>
<bind>
<StgValue><ssdm name="LENET_C1_W_0_2_2_load_cast"/></StgValue>
</bind>
</comp>

<comp id="20" class="1000" name="LENET_C1_W_0_3_3_load_cast">
<pin_list>
<pin id="21" dir="1" index="0" bw="1" slack="0"/>
</pin_list>
<bind>
<StgValue><ssdm name="LENET_C1_W_0_3_3_load_cast"/></StgValue>
</bind>
</comp>

<comp id="22" class="1000" name="LENET_C1_W_0_1_1_load_cast">
<pin_list>
<pin id="23" dir="1" index="0" bw="1" slack="0"/>
</pin_list>
<bind>
<StgValue><ssdm name="LENET_C1_W_0_1_1_load_cast"/></StgValue>
</bind>
</comp>

<comp id="24" class="1000" name="LENET_C1_W_0_0_0_load_cast">
<pin_list>
<pin id="25" dir="1" index="0" bw="1" slack="0"/>
</pin_list>
<bind>
<StgValue><ssdm name="LENET_C1_W_0_0_0_load_cast"/></StgValue>
</bind>
</comp>

<comp id="26" class="1000" name="LENET_C1_W_0_1_4_load_cast">
<pin_list>
<pin id="27" dir="1" index="0" bw="1" slack="0"/>
</pin_list>
<bind>
<StgValue><ssdm name="LENET_C1_W_0_1_4_load_cast"/></StgValue>
</bind>
</comp>

<comp id="28" class="1000" name="LENET_C1_W_0_4_3_load_cast">
<pin_list>
<pin id="29" dir="1" index="0" bw="1" slack="0"/>
</pin_list>
<bind>
<StgValue><ssdm name="LENET_C1_W_0_4_3_load_cast"/></StgValue>
</bind>
</comp>

<comp id="30" class="1000" name="LENET_C1_W_0_2_1_load_cast">
<pin_list>
<pin id="31" dir="1" index="0" bw="1" slack="0"/>
</pin_list>
<bind>
<StgValue><ssdm name="LENET_C1_W_0_2_1_load_cast"/></StgValue>
</bind>
</comp>

<comp id="32" class="1000" name="LENET_C1_W_0_1_0_load_cast">
<pin_list>
<pin id="33" dir="1" index="0" bw="1" slack="0"/>
</pin_list>
<bind>
<StgValue><ssdm name="LENET_C1_W_0_1_0_load_cast"/></StgValue>
</bind>
</comp>

<comp id="34" class="1000" name="LENET_C1_W_0_4_1_load_cast">
<pin_list>
<pin id="35" dir="1" index="0" bw="1" slack="0"/>
</pin_list>
<bind>
<StgValue><ssdm name="LENET_C1_W_0_4_1_load_cast"/></StgValue>
</bind>
</comp>

<comp id="36" class="1000" name="LENET_C1_W_0_0_1_load_cast">
<pin_list>
<pin id="37" dir="1" index="0" bw="1" slack="0"/>
</pin_list>
<bind>
<StgValue><ssdm name="LENET_C1_W_0_0_1_load_cast"/></StgValue>
</bind>
</comp>

<comp id="38" class="1000" name="LENET_C1_W_0_0_4_load_cast">
<pin_list>
<pin id="39" dir="1" index="0" bw="1" slack="0"/>
</pin_list>
<bind>
<StgValue><ssdm name="LENET_C1_W_0_0_4_load_cast"/></StgValue>
</bind>
</comp>

<comp id="40" class="1000" name="LENET_C1_W_0_3_4_load_cast">
<pin_list>
<pin id="41" dir="1" index="0" bw="1" slack="0"/>
</pin_list>
<bind>
<StgValue><ssdm name="LENET_C1_W_0_3_4_load_cast"/></StgValue>
</bind>
</comp>

<comp id="42" class="1000" name="LENET_C1_W_0_0_3_load_cast">
<pin_list>
<pin id="43" dir="1" index="0" bw="1" slack="0"/>
</pin_list>
<bind>
<StgValue><ssdm name="LENET_C1_W_0_0_3_load_cast"/></StgValue>
</bind>
</comp>

<comp id="44" class="1000" name="LENET_C1_W_0_2_0_load_cast">
<pin_list>
<pin id="45" dir="1" index="0" bw="1" slack="0"/>
</pin_list>
<bind>
<StgValue><ssdm name="LENET_C1_W_0_2_0_load_cast"/></StgValue>
</bind>
</comp>

<comp id="46" class="1000" name="LENET_C1_W_0_3_0_load_cast">
<pin_list>
<pin id="47" dir="1" index="0" bw="1" slack="0"/>
</pin_list>
<bind>
<StgValue><ssdm name="LENET_C1_W_0_3_0_load_cast"/></StgValue>
</bind>
</comp>

<comp id="48" class="1000" name="LENET_C1_W_0_3_1_load_cast">
<pin_list>
<pin id="49" dir="1" index="0" bw="1" slack="0"/>
</pin_list>
<bind>
<StgValue><ssdm name="LENET_C1_W_0_3_1_load_cast"/></StgValue>
</bind>
</comp>

<comp id="50" class="1000" name="LENET_C1_W_0_2_4_load_cast">
<pin_list>
<pin id="51" dir="1" index="0" bw="1" slack="0"/>
</pin_list>
<bind>
<StgValue><ssdm name="LENET_C1_W_0_2_4_load_cast"/></StgValue>
</bind>
</comp>

<comp id="52" class="1000" name="LENET_C1_W_0_0_2_load_cast">
<pin_list>
<pin id="53" dir="1" index="0" bw="1" slack="0"/>
</pin_list>
<bind>
<StgValue><ssdm name="LENET_C1_W_0_0_2_load_cast"/></StgValue>
</bind>
</comp>

<comp id="54" class="1000" name="LENET_C1_W_0_3_2_load_cast">
<pin_list>
<pin id="55" dir="1" index="0" bw="1" slack="0"/>
</pin_list>
<bind>
<StgValue><ssdm name="LENET_C1_W_0_3_2_load_cast"/></StgValue>
</bind>
</comp>

<comp id="56" class="1000" name="sext_ln118">
<pin_list>
<pin id="57" dir="1" index="0" bw="1" slack="0"/>
</pin_list>
<bind>
<StgValue><ssdm name="sext_ln118"/></StgValue>
</bind>
</comp>

<comp id="58" class="1000" name="merge_i_cast">
<pin_list>
<pin id="59" dir="1" index="0" bw="1" slack="0"/>
</pin_list>
<bind>
<StgValue><ssdm name="merge_i_cast"/></StgValue>
</bind>
</comp>

<comp id="60" class="1001" name="const_60">
<pin_list>
<pin id="61" dir="1" index="0" bw="1" slack="0"/>
</pin_list>
<bind>
<StgValue><ssdm name=""/></StgValue>
</bind>
</comp>

<comp id="62" class="1001" name="const_62">
<pin_list>
<pin id="63" dir="1" index="0" bw="1" slack="0"/>
</pin_list>
<bind>
<StgValue><ssdm name="_ssdm_op_Read.ap_auto.i15"/></StgValue>
</bind>
</comp>

<comp id="64" class="1001" name="const_64">
<pin_list>
<pin id="65" dir="1" index="0" bw="1" slack="0"/>
</pin_list>
<bind>
<StgValue><ssdm name="_ssdm_op_Read.ap_auto.i8"/></StgValue>
</bind>
</comp>

<comp id="66" class="1001" name="const_66">
<pin_list>
<pin id="67" dir="1" index="0" bw="1" slack="0"/>
</pin_list>
<bind>
<StgValue><ssdm name="_ssdm_op_Read.ap_auto.i7"/></StgValue>
</bind>
</comp>

<comp id="68" class="1001" name="const_68">
<pin_list>
<pin id="69" dir="1" index="0" bw="1" slack="0"/>
</pin_list>
<bind>
<StgValue><ssdm name="_ssdm_op_Read.ap_auto.i6"/></StgValue>
</bind>
</comp>

<comp id="70" class="1001" name="const_70">
<pin_list>
<pin id="71" dir="1" index="0" bw="1" slack="2147483647"/>
</pin_list>
<bind>
<StgValue><ssdm name="_ssdm_op_SpecMemCore"/></StgValue>
</bind>
</comp>

<comp id="72" class="1001" name="const_72">
<pin_list>
<pin id="73" dir="1" index="0" bw="1" slack="2147483647"/>
</pin_list>
<bind>
<StgValue><ssdm name=""/></StgValue>
</bind>
</comp>

<comp id="74" class="1001" name="const_74">
<pin_list>
<pin id="75" dir="1" index="0" bw="1" slack="2147483647"/>
</pin_list>
<bind>
<StgValue><ssdm name=""/></StgValue>
</bind>
</comp>

<comp id="76" class="1001" name="const_76">
<pin_list>
<pin id="77" dir="1" index="0" bw="1" slack="2147483647"/>
</pin_list>
<bind>
<StgValue><ssdm name=""/></StgValue>
</bind>
</comp>

<comp id="78" class="1001" name="const_78">
<pin_list>
<pin id="79" dir="1" index="0" bw="1" slack="2147483647"/>
</pin_list>
<bind>
<StgValue><ssdm name="_ssdm_op_SpecInterface"/></StgValue>
</bind>
</comp>

<comp id="80" class="1001" name="const_80">
<pin_list>
<pin id="81" dir="1" index="0" bw="1" slack="2147483647"/>
</pin_list>
<bind>
<StgValue><ssdm name="empty_3"/></StgValue>
</bind>
</comp>

<comp id="82" class="1001" name="const_82">
<pin_list>
<pin id="83" dir="1" index="0" bw="1" slack="2147483647"/>
</pin_list>
<bind>
<StgValue><ssdm name=""/></StgValue>
</bind>
</comp>

<comp id="84" class="1001" name="const_84">
<pin_list>
<pin id="85" dir="1" index="0" bw="1" slack="2147483647"/>
</pin_list>
<bind>
<StgValue><ssdm name="empty_2"/></StgValue>
</bind>
</comp>

<comp id="86" class="1001" name="const_86">
<pin_list>
<pin id="87" dir="1" index="0" bw="1" slack="2147483647"/>
</pin_list>
<bind>
<StgValue><ssdm name=""/></StgValue>
</bind>
</comp>

<comp id="88" class="1001" name="const_88">
<pin_list>
<pin id="89" dir="1" index="0" bw="1" slack="0"/>
</pin_list>
<bind>
<StgValue><ssdm name=""/></StgValue>
</bind>
</comp>

<comp id="90" class="1001" name="const_90">
<pin_list>
<pin id="91" dir="1" index="0" bw="1" slack="0"/>
</pin_list>
<bind>
<StgValue><ssdm name=""/></StgValue>
</bind>
</comp>

<comp id="92" class="1001" name="const_92">
<pin_list>
<pin id="93" dir="1" index="0" bw="1" slack="0"/>
</pin_list>
<bind>
<StgValue><ssdm name=""/></StgValue>
</bind>
</comp>

<comp id="94" class="1001" name="const_94">
<pin_list>
<pin id="95" dir="1" index="0" bw="1" slack="0"/>
</pin_list>
<bind>
<StgValue><ssdm name=""/></StgValue>
</bind>
</comp>

<comp id="96" class="1001" name="const_96">
<pin_list>
<pin id="97" dir="1" index="0" bw="1" slack="0"/>
</pin_list>
<bind>
<StgValue><ssdm name=""/></StgValue>
</bind>
</comp>

<comp id="98" class="1001" name="const_98">
<pin_list>
<pin id="99" dir="1" index="0" bw="1" slack="0"/>
</pin_list>
<bind>
<StgValue><ssdm name=""/></StgValue>
</bind>
</comp>

<comp id="100" class="1001" name="const_100">
<pin_list>
<pin id="101" dir="1" index="0" bw="1" slack="0"/>
</pin_list>
<bind>
<StgValue><ssdm name="_ssdm_op_PartSelect.i4.i5.i32.i32"/></StgValue>
</bind>
</comp>

<comp id="102" class="1001" name="const_102">
<pin_list>
<pin id="103" dir="1" index="0" bw="1" slack="0"/>
</pin_list>
<bind>
<StgValue><ssdm name=""/></StgValue>
</bind>
</comp>

<comp id="104" class="1001" name="const_104">
<pin_list>
<pin id="105" dir="1" index="0" bw="1" slack="0"/>
</pin_list>
<bind>
<StgValue><ssdm name=""/></StgValue>
</bind>
</comp>

<comp id="106" class="1001" name="const_106">
<pin_list>
<pin id="107" dir="1" index="0" bw="1" slack="0"/>
</pin_list>
<bind>
<StgValue><ssdm name="_ssdm_op_BitConcatenate.i10.i5.i5"/></StgValue>
</bind>
</comp>

<comp id="108" class="1001" name="const_108">
<pin_list>
<pin id="109" dir="1" index="0" bw="1" slack="0"/>
</pin_list>
<bind>
<StgValue><ssdm name=""/></StgValue>
</bind>
</comp>

<comp id="110" class="1001" name="const_110">
<pin_list>
<pin id="111" dir="1" index="0" bw="1" slack="0"/>
</pin_list>
<bind>
<StgValue><ssdm name=""/></StgValue>
</bind>
</comp>

<comp id="112" class="1001" name="const_112">
<pin_list>
<pin id="113" dir="1" index="0" bw="1" slack="0"/>
</pin_list>
<bind>
<StgValue><ssdm name=""/></StgValue>
</bind>
</comp>

<comp id="114" class="1001" name="const_114">
<pin_list>
<pin id="115" dir="1" index="0" bw="1" slack="0"/>
</pin_list>
<bind>
<StgValue><ssdm name=""/></StgValue>
</bind>
</comp>

<comp id="116" class="1001" name="const_116">
<pin_list>
<pin id="117" dir="1" index="0" bw="1" slack="0"/>
</pin_list>
<bind>
<StgValue><ssdm name=""/></StgValue>
</bind>
</comp>

<comp id="118" class="1001" name="const_118">
<pin_list>
<pin id="119" dir="1" index="0" bw="1" slack="0"/>
</pin_list>
<bind>
<StgValue><ssdm name="_ssdm_op_BitConcatenate.i11.i6.i5"/></StgValue>
</bind>
</comp>

<comp id="120" class="1001" name="const_120">
<pin_list>
<pin id="121" dir="1" index="0" bw="1" slack="0"/>
</pin_list>
<bind>
<StgValue><ssdm name="_ssdm_op_BitConcatenate.i10.i8.i2"/></StgValue>
</bind>
</comp>

<comp id="122" class="1001" name="const_122">
<pin_list>
<pin id="123" dir="1" index="0" bw="1" slack="0"/>
</pin_list>
<bind>
<StgValue><ssdm name=""/></StgValue>
</bind>
</comp>

<comp id="124" class="1001" name="const_124">
<pin_list>
<pin id="125" dir="1" index="0" bw="1" slack="0"/>
</pin_list>
<bind>
<StgValue><ssdm name="_ssdm_op_BitConcatenate.i26.i21.i5"/></StgValue>
</bind>
</comp>

<comp id="126" class="1001" name="const_126">
<pin_list>
<pin id="127" dir="1" index="0" bw="1" slack="0"/>
</pin_list>
<bind>
<StgValue><ssdm name="_ssdm_op_BitConcatenate.i24.i21.i3"/></StgValue>
</bind>
</comp>

<comp id="128" class="1001" name="const_128">
<pin_list>
<pin id="129" dir="1" index="0" bw="1" slack="0"/>
</pin_list>
<bind>
<StgValue><ssdm name=""/></StgValue>
</bind>
</comp>

<comp id="130" class="1001" name="const_130">
<pin_list>
<pin id="131" dir="1" index="0" bw="1" slack="0"/>
</pin_list>
<bind>
<StgValue><ssdm name="_ssdm_op_BitSelect.i1.i26.i32"/></StgValue>
</bind>
</comp>

<comp id="132" class="1001" name="const_132">
<pin_list>
<pin id="133" dir="1" index="0" bw="1" slack="0"/>
</pin_list>
<bind>
<StgValue><ssdm name=""/></StgValue>
</bind>
</comp>

<comp id="134" class="1001" name="const_134">
<pin_list>
<pin id="135" dir="1" index="0" bw="1" slack="0"/>
</pin_list>
<bind>
<StgValue><ssdm name="_ssdm_op_PartSelect.i3.i26.i32.i32"/></StgValue>
</bind>
</comp>

<comp id="136" class="1001" name="const_136">
<pin_list>
<pin id="137" dir="1" index="0" bw="1" slack="0"/>
</pin_list>
<bind>
<StgValue><ssdm name=""/></StgValue>
</bind>
</comp>

<comp id="138" class="1001" name="const_138">
<pin_list>
<pin id="139" dir="1" index="0" bw="1" slack="0"/>
</pin_list>
<bind>
<StgValue><ssdm name="_ssdm_op_PartSelect.i8.i26.i32.i32"/></StgValue>
</bind>
</comp>

<comp id="140" class="1001" name="const_140">
<pin_list>
<pin id="141" dir="1" index="0" bw="1" slack="0"/>
</pin_list>
<bind>
<StgValue><ssdm name=""/></StgValue>
</bind>
</comp>

<comp id="142" class="1001" name="const_142">
<pin_list>
<pin id="143" dir="1" index="0" bw="1" slack="0"/>
</pin_list>
<bind>
<StgValue><ssdm name=""/></StgValue>
</bind>
</comp>

<comp id="144" class="1001" name="const_144">
<pin_list>
<pin id="145" dir="1" index="0" bw="1" slack="0"/>
</pin_list>
<bind>
<StgValue><ssdm name=""/></StgValue>
</bind>
</comp>

<comp id="146" class="1001" name="const_146">
<pin_list>
<pin id="147" dir="1" index="0" bw="1" slack="0"/>
</pin_list>
<bind>
<StgValue><ssdm name=""/></StgValue>
</bind>
</comp>

<comp id="148" class="1001" name="const_148">
<pin_list>
<pin id="149" dir="1" index="0" bw="1" slack="0"/>
</pin_list>
<bind>
<StgValue><ssdm name=""/></StgValue>
</bind>
</comp>

<comp id="150" class="1001" name="const_150">
<pin_list>
<pin id="151" dir="1" index="0" bw="1" slack="2147483647"/>
</pin_list>
<bind>
<StgValue><ssdm name="_ssdm_op_SpecLoopName"/></StgValue>
</bind>
</comp>

<comp id="152" class="1001" name="const_152">
<pin_list>
<pin id="153" dir="1" index="0" bw="1" slack="2147483647"/>
</pin_list>
<bind>
<StgValue><ssdm name="VITIS_LOOP_118_2_VITIS_LOOP_119_3_str"/></StgValue>
</bind>
</comp>

<comp id="154" class="1001" name="const_154">
<pin_list>
<pin id="155" dir="1" index="0" bw="1" slack="2147483647"/>
</pin_list>
<bind>
<StgValue><ssdm name="_ssdm_op_SpecLoopTripCount"/></StgValue>
</bind>
</comp>

<comp id="156" class="1001" name="const_156">
<pin_list>
<pin id="157" dir="1" index="0" bw="1" slack="2147483647"/>
</pin_list>
<bind>
<StgValue><ssdm name=""/></StgValue>
</bind>
</comp>

<comp id="158" class="1001" name="const_158">
<pin_list>
<pin id="159" dir="1" index="0" bw="1" slack="2147483647"/>
</pin_list>
<bind>
<StgValue><ssdm name="_ssdm_op_SpecPipeline"/></StgValue>
</bind>
</comp>

<comp id="160" class="1001" name="const_160">
<pin_list>
<pin id="161" dir="1" index="0" bw="1" slack="2147483647"/>
</pin_list>
<bind>
<StgValue><ssdm name=""/></StgValue>
</bind>
</comp>

<comp id="162" class="1001" name="const_162">
<pin_list>
<pin id="163" dir="1" index="0" bw="1" slack="2147483647"/>
</pin_list>
<bind>
<StgValue><ssdm name="empty_5"/></StgValue>
</bind>
</comp>

<comp id="164" class="1004" name="ow_fu_164">
<pin_list>
<pin id="165" dir="0" index="0" bw="1" slack="0"/>
<pin id="166" dir="1" index="1" bw="5" slack="0"/>
</pin_list>
<bind>
<opcode="alloca(26) " fcode="alloca"/>
<opset="ow/1 "/>
</bind>
</comp>

<comp id="168" class="1004" name="oh_fu_168">
<pin_list>
<pin id="169" dir="0" index="0" bw="1" slack="0"/>
<pin id="170" dir="1" index="1" bw="5" slack="0"/>
</pin_list>
<bind>
<opcode="alloca(26) " fcode="alloca"/>
<opset="oh/1 "/>
</bind>
</comp>

<comp id="172" class="1004" name="indvar_flatten_fu_172">
<pin_list>
<pin id="173" dir="0" index="0" bw="1" slack="0"/>
<pin id="174" dir="1" index="1" bw="9" slack="0"/>
</pin_list>
<bind>
<opcode="alloca(26) " fcode="alloca"/>
<opset="indvar_flatten/1 "/>
</bind>
</comp>

<comp id="176" class="1004" name="merge_i_cast_read_read_fu_176">
<pin_list>
<pin id="177" dir="0" index="0" bw="15" slack="0"/>
<pin id="178" dir="0" index="1" bw="15" slack="0"/>
<pin id="179" dir="1" index="2" bw="15" slack="0"/>
</pin_list>
<bind>
<opcode="read(1150) " fcode="read"/>
<opset="merge_i_cast_read/1 "/>
</bind>
</comp>

<comp id="182" class="1004" name="sext_ln118_read_read_fu_182">
<pin_list>
<pin id="183" dir="0" index="0" bw="8" slack="0"/>
<pin id="184" dir="0" index="1" bw="8" slack="0"/>
<pin id="185" dir="1" index="2" bw="8" slack="0"/>
</pin_list>
<bind>
<opcode="read(1150) " fcode="read"/>
<opset="sext_ln118_read/1 "/>
</bind>
</comp>

<comp id="188" class="1004" name="LENET_C1_W_0_3_2_load_cast_read_read_fu_188">
<pin_list>
<pin id="189" dir="0" index="0" bw="8" slack="0"/>
<pin id="190" dir="0" index="1" bw="8" slack="0"/>
<pin id="191" dir="1" index="2" bw="8" slack="0"/>
</pin_list>
<bind>
<opcode="read(1150) " fcode="read"/>
<opset="LENET_C1_W_0_3_2_load_cast_read/1 "/>
</bind>
</comp>

<comp id="194" class="1004" name="LENET_C1_W_0_0_2_load_cast_read_read_fu_194">
<pin_list>
<pin id="195" dir="0" index="0" bw="8" slack="0"/>
<pin id="196" dir="0" index="1" bw="8" slack="0"/>
<pin id="197" dir="1" index="2" bw="8" slack="0"/>
</pin_list>
<bind>
<opcode="read(1150) " fcode="read"/>
<opset="LENET_C1_W_0_0_2_load_cast_read/1 "/>
</bind>
</comp>

<comp id="200" class="1004" name="LENET_C1_W_0_2_4_load_cast_read_read_fu_200">
<pin_list>
<pin id="201" dir="0" index="0" bw="8" slack="0"/>
<pin id="202" dir="0" index="1" bw="8" slack="0"/>
<pin id="203" dir="1" index="2" bw="8" slack="0"/>
</pin_list>
<bind>
<opcode="read(1150) " fcode="read"/>
<opset="LENET_C1_W_0_2_4_load_cast_read/1 "/>
</bind>
</comp>

<comp id="206" class="1004" name="LENET_C1_W_0_3_1_load_cast_read_read_fu_206">
<pin_list>
<pin id="207" dir="0" index="0" bw="8" slack="0"/>
<pin id="208" dir="0" index="1" bw="8" slack="0"/>
<pin id="209" dir="1" index="2" bw="8" slack="0"/>
</pin_list>
<bind>
<opcode="read(1150) " fcode="read"/>
<opset="LENET_C1_W_0_3_1_load_cast_read/1 "/>
</bind>
</comp>

<comp id="212" class="1004" name="LENET_C1_W_0_3_0_load_cast_read_read_fu_212">
<pin_list>
<pin id="213" dir="0" index="0" bw="7" slack="0"/>
<pin id="214" dir="0" index="1" bw="7" slack="0"/>
<pin id="215" dir="1" index="2" bw="7" slack="0"/>
</pin_list>
<bind>
<opcode="read(1150) " fcode="read"/>
<opset="LENET_C1_W_0_3_0_load_cast_read/1 "/>
</bind>
</comp>

<comp id="218" class="1004" name="LENET_C1_W_0_2_0_load_cast_read_read_fu_218">
<pin_list>
<pin id="219" dir="0" index="0" bw="7" slack="0"/>
<pin id="220" dir="0" index="1" bw="7" slack="0"/>
<pin id="221" dir="1" index="2" bw="7" slack="0"/>
</pin_list>
<bind>
<opcode="read(1150) " fcode="read"/>
<opset="LENET_C1_W_0_2_0_load_cast_read/1 "/>
</bind>
</comp>

<comp id="224" class="1004" name="LENET_C1_W_0_0_3_load_cast_read_read_fu_224">
<pin_list>
<pin id="225" dir="0" index="0" bw="7" slack="0"/>
<pin id="226" dir="0" index="1" bw="7" slack="0"/>
<pin id="227" dir="1" index="2" bw="7" slack="0"/>
</pin_list>
<bind>
<opcode="read(1150) " fcode="read"/>
<opset="LENET_C1_W_0_0_3_load_cast_read/1 "/>
</bind>
</comp>

<comp id="230" class="1004" name="LENET_C1_W_0_3_4_load_cast_read_read_fu_230">
<pin_list>
<pin id="231" dir="0" index="0" bw="8" slack="0"/>
<pin id="232" dir="0" index="1" bw="8" slack="0"/>
<pin id="233" dir="1" index="2" bw="8" slack="0"/>
</pin_list>
<bind>
<opcode="read(1150) " fcode="read"/>
<opset="LENET_C1_W_0_3_4_load_cast_read/1 "/>
</bind>
</comp>

<comp id="236" class="1004" name="LENET_C1_W_0_0_4_load_cast_read_read_fu_236">
<pin_list>
<pin id="237" dir="0" index="0" bw="8" slack="0"/>
<pin id="238" dir="0" index="1" bw="8" slack="0"/>
<pin id="239" dir="1" index="2" bw="8" slack="0"/>
</pin_list>
<bind>
<opcode="read(1150) " fcode="read"/>
<opset="LENET_C1_W_0_0_4_load_cast_read/1 "/>
</bind>
</comp>

<comp id="242" class="1004" name="LENET_C1_W_0_0_1_load_cast_read_read_fu_242">
<pin_list>
<pin id="243" dir="0" index="0" bw="7" slack="0"/>
<pin id="244" dir="0" index="1" bw="7" slack="0"/>
<pin id="245" dir="1" index="2" bw="7" slack="0"/>
</pin_list>
<bind>
<opcode="read(1150) " fcode="read"/>
<opset="LENET_C1_W_0_0_1_load_cast_read/1 "/>
</bind>
</comp>

<comp id="248" class="1004" name="LENET_C1_W_0_4_1_load_cast_read_read_fu_248">
<pin_list>
<pin id="249" dir="0" index="0" bw="8" slack="0"/>
<pin id="250" dir="0" index="1" bw="8" slack="0"/>
<pin id="251" dir="1" index="2" bw="8" slack="0"/>
</pin_list>
<bind>
<opcode="read(1150) " fcode="read"/>
<opset="LENET_C1_W_0_4_1_load_cast_read/1 "/>
</bind>
</comp>

<comp id="254" class="1004" name="LENET_C1_W_0_1_0_load_cast_read_read_fu_254">
<pin_list>
<pin id="255" dir="0" index="0" bw="7" slack="0"/>
<pin id="256" dir="0" index="1" bw="7" slack="0"/>
<pin id="257" dir="1" index="2" bw="7" slack="0"/>
</pin_list>
<bind>
<opcode="read(1150) " fcode="read"/>
<opset="LENET_C1_W_0_1_0_load_cast_read/1 "/>
</bind>
</comp>

<comp id="260" class="1004" name="LENET_C1_W_0_2_1_load_cast_read_read_fu_260">
<pin_list>
<pin id="261" dir="0" index="0" bw="7" slack="0"/>
<pin id="262" dir="0" index="1" bw="7" slack="0"/>
<pin id="263" dir="1" index="2" bw="7" slack="0"/>
</pin_list>
<bind>
<opcode="read(1150) " fcode="read"/>
<opset="LENET_C1_W_0_2_1_load_cast_read/1 "/>
</bind>
</comp>

<comp id="266" class="1004" name="LENET_C1_W_0_4_3_load_cast_read_read_fu_266">
<pin_list>
<pin id="267" dir="0" index="0" bw="8" slack="0"/>
<pin id="268" dir="0" index="1" bw="8" slack="0"/>
<pin id="269" dir="1" index="2" bw="8" slack="0"/>
</pin_list>
<bind>
<opcode="read(1150) " fcode="read"/>
<opset="LENET_C1_W_0_4_3_load_cast_read/1 "/>
</bind>
</comp>

<comp id="272" class="1004" name="LENET_C1_W_0_1_4_load_cast_read_read_fu_272">
<pin_list>
<pin id="273" dir="0" index="0" bw="8" slack="0"/>
<pin id="274" dir="0" index="1" bw="8" slack="0"/>
<pin id="275" dir="1" index="2" bw="8" slack="0"/>
</pin_list>
<bind>
<opcode="read(1150) " fcode="read"/>
<opset="LENET_C1_W_0_1_4_load_cast_read/1 "/>
</bind>
</comp>

<comp id="278" class="1004" name="LENET_C1_W_0_0_0_load_cast_read_read_fu_278">
<pin_list>
<pin id="279" dir="0" index="0" bw="7" slack="0"/>
<pin id="280" dir="0" index="1" bw="7" slack="0"/>
<pin id="281" dir="1" index="2" bw="7" slack="0"/>
</pin_list>
<bind>
<opcode="read(1150) " fcode="read"/>
<opset="LENET_C1_W_0_0_0_load_cast_read/1 "/>
</bind>
</comp>

<comp id="284" class="1004" name="LENET_C1_W_0_1_1_load_cast_read_read_fu_284">
<pin_list>
<pin id="285" dir="0" index="0" bw="6" slack="0"/>
<pin id="286" dir="0" index="1" bw="6" slack="0"/>
<pin id="287" dir="1" index="2" bw="6" slack="0"/>
</pin_list>
<bind>
<opcode="read(1150) " fcode="read"/>
<opset="LENET_C1_W_0_1_1_load_cast_read/1 "/>
</bind>
</comp>

<comp id="290" class="1004" name="LENET_C1_W_0_3_3_load_cast_read_read_fu_290">
<pin_list>
<pin id="291" dir="0" index="0" bw="8" slack="0"/>
<pin id="292" dir="0" index="1" bw="8" slack="0"/>
<pin id="293" dir="1" index="2" bw="8" slack="0"/>
</pin_list>
<bind>
<opcode="read(1150) " fcode="read"/>
<opset="LENET_C1_W_0_3_3_load_cast_read/1 "/>
</bind>
</comp>

<comp id="296" class="1004" name="LENET_C1_W_0_2_2_load_cast_read_read_fu_296">
<pin_list>
<pin id="297" dir="0" index="0" bw="8" slack="0"/>
<pin id="298" dir="0" index="1" bw="8" slack="0"/>
<pin id="299" dir="1" index="2" bw="8" slack="0"/>
</pin_list>
<bind>
<opcode="read(1150) " fcode="read"/>
<opset="LENET_C1_W_0_2_2_load_cast_read/1 "/>
</bind>
</comp>

<comp id="302" class="1004" name="LENET_C1_W_0_1_3_load_cast_read_read_fu_302">
<pin_list>
<pin id="303" dir="0" index="0" bw="8" slack="0"/>
<pin id="304" dir="0" index="1" bw="8" slack="0"/>
<pin id="305" dir="1" index="2" bw="8" slack="0"/>
</pin_list>
<bind>
<opcode="read(1150) " fcode="read"/>
<opset="LENET_C1_W_0_1_3_load_cast_read/1 "/>
</bind>
</comp>

<comp id="308" class="1004" name="LENET_C1_W_0_1_2_load_cast_read_read_fu_308">
<pin_list>
<pin id="309" dir="0" index="0" bw="7" slack="0"/>
<pin id="310" dir="0" index="1" bw="7" slack="0"/>
<pin id="311" dir="1" index="2" bw="7" slack="0"/>
</pin_list>
<bind>
<opcode="read(1150) " fcode="read"/>
<opset="LENET_C1_W_0_1_2_load_cast_read/1 "/>
</bind>
</comp>

<comp id="314" class="1004" name="LENET_C1_W_0_4_2_load_cast_read_read_fu_314">
<pin_list>
<pin id="315" dir="0" index="0" bw="7" slack="0"/>
<pin id="316" dir="0" index="1" bw="7" slack="0"/>
<pin id="317" dir="1" index="2" bw="7" slack="0"/>
</pin_list>
<bind>
<opcode="read(1150) " fcode="read"/>
<opset="LENET_C1_W_0_4_2_load_cast_read/1 "/>
</bind>
</comp>

<comp id="320" class="1004" name="LENET_C1_W_0_2_3_load_cast_read_read_fu_320">
<pin_list>
<pin id="321" dir="0" index="0" bw="8" slack="0"/>
<pin id="322" dir="0" index="1" bw="8" slack="0"/>
<pin id="323" dir="1" index="2" bw="8" slack="0"/>
</pin_list>
<bind>
<opcode="read(1150) " fcode="read"/>
<opset="LENET_C1_W_0_2_3_load_cast_read/1 "/>
</bind>
</comp>

<comp id="326" class="1004" name="LENET_C1_W_0_4_0_load_cast_read_read_fu_326">
<pin_list>
<pin id="327" dir="0" index="0" bw="8" slack="0"/>
<pin id="328" dir="0" index="1" bw="8" slack="0"/>
<pin id="329" dir="1" index="2" bw="8" slack="0"/>
</pin_list>
<bind>
<opcode="read(1150) " fcode="read"/>
<opset="LENET_C1_W_0_4_0_load_cast_read/1 "/>
</bind>
</comp>

<comp id="332" class="1004" name="sub_ln131_read_read_fu_332">
<pin_list>
<pin id="333" dir="0" index="0" bw="7" slack="0"/>
<pin id="334" dir="0" index="1" bw="7" slack="0"/>
<pin id="335" dir="1" index="2" bw="7" slack="0"/>
</pin_list>
<bind>
<opcode="read(1150) " fcode="read"/>
<opset="sub_ln131_read/1 "/>
</bind>
</comp>

<comp id="338" class="1004" name="x_addr_1_gep_fu_338">
<pin_list>
<pin id="339" dir="0" index="0" bw="8" slack="0"/>
<pin id="340" dir="0" index="1" bw="1" slack="0"/>
<pin id="341" dir="0" index="2" bw="10" slack="0"/>
<pin id="342" dir="1" index="3" bw="10" slack="0"/>
</pin_list>
<bind>
<opcode="getelementptr(29) " fcode="getelementptr"/>
<opset="x_addr_1/1 "/>
</bind>
</comp>

<comp id="345" class="1004" name="x_addr_6_gep_fu_345">
<pin_list>
<pin id="346" dir="0" index="0" bw="8" slack="0"/>
<pin id="347" dir="0" index="1" bw="1" slack="0"/>
<pin id="348" dir="0" index="2" bw="10" slack="0"/>
<pin id="349" dir="1" index="3" bw="10" slack="0"/>
</pin_list>
<bind>
<opcode="getelementptr(29) " fcode="getelementptr"/>
<opset="x_addr_6/1 "/>
</bind>
</comp>

<comp id="352" class="1004" name="grp_access_fu_352">
<pin_list>
<pin id="353" dir="0" index="0" bw="10" slack="0"/>
<pin id="354" dir="0" index="1" bw="8" slack="2147483647"/>
<pin id="355" dir="0" index="2" bw="0" slack="0"/>
<pin id="357" dir="0" index="4" bw="10" slack="2147483647"/>
<pin id="358" dir="0" index="5" bw="8" slack="2147483647"/>
<pin id="359" dir="0" index="6" bw="0" slack="2147483647"/>
<pin id="356" dir="1" index="3" bw="8" slack="0"/>
<pin id="360" dir="1" index="7" bw="8" slack="0"/>
</pin_list>
<bind>
<opcode="load(27) " fcode="load"/>
<opset="x_load_1/1 x_load_6/1 x_load_11/2 x_load_21/2 x_load_2/3 x_load_3/3 x_load_4/4 x_load_8/4 x_load_17/5 x_load_19/5 x_load_24/6 x_load_26/6 x_load/7 x_load_5/7 x_load_10/8 x_load_15/8 x_load_16/9 x_load_20/9 x_load_7/10 x_load_9/10 x_load_12/11 x_load_13/11 x_load_14/12 x_load_18/12 x_load_22/13 x_load_23/13 x_load_25/14 x_load_27/14 x_load_28/15 x_load_29/15 "/>
</bind>
</comp>

<comp id="363" class="1004" name="x_addr_11_gep_fu_363">
<pin_list>
<pin id="364" dir="0" index="0" bw="8" slack="0"/>
<pin id="365" dir="0" index="1" bw="1" slack="0"/>
<pin id="366" dir="0" index="2" bw="10" slack="0"/>
<pin id="367" dir="1" index="3" bw="10" slack="0"/>
</pin_list>
<bind>
<opcode="getelementptr(29) " fcode="getelementptr"/>
<opset="x_addr_11/2 "/>
</bind>
</comp>

<comp id="370" class="1004" name="x_addr_21_gep_fu_370">
<pin_list>
<pin id="371" dir="0" index="0" bw="8" slack="0"/>
<pin id="372" dir="0" index="1" bw="1" slack="0"/>
<pin id="373" dir="0" index="2" bw="10" slack="0"/>
<pin id="374" dir="1" index="3" bw="10" slack="0"/>
</pin_list>
<bind>
<opcode="getelementptr(29) " fcode="getelementptr"/>
<opset="x_addr_21/2 "/>
</bind>
</comp>

<comp id="379" class="1004" name="x_addr_2_gep_fu_379">
<pin_list>
<pin id="380" dir="0" index="0" bw="8" slack="0"/>
<pin id="381" dir="0" index="1" bw="1" slack="0"/>
<pin id="382" dir="0" index="2" bw="10" slack="0"/>
<pin id="383" dir="1" index="3" bw="10" slack="0"/>
</pin_list>
<bind>
<opcode="getelementptr(29) " fcode="getelementptr"/>
<opset="x_addr_2/3 "/>
</bind>
</comp>

<comp id="387" class="1004" name="x_addr_3_gep_fu_387">
<pin_list>
<pin id="388" dir="0" index="0" bw="8" slack="0"/>
<pin id="389" dir="0" index="1" bw="1" slack="0"/>
<pin id="390" dir="0" index="2" bw="10" slack="0"/>
<pin id="391" dir="1" index="3" bw="10" slack="0"/>
</pin_list>
<bind>
<opcode="getelementptr(29) " fcode="getelementptr"/>
<opset="x_addr_3/3 "/>
</bind>
</comp>

<comp id="395" class="1004" name="x_addr_8_gep_fu_395">
<pin_list>
<pin id="396" dir="0" index="0" bw="8" slack="0"/>
<pin id="397" dir="0" index="1" bw="1" slack="0"/>
<pin id="398" dir="0" index="2" bw="10" slack="0"/>
<pin id="399" dir="1" index="3" bw="10" slack="0"/>
</pin_list>
<bind>
<opcode="getelementptr(29) " fcode="getelementptr"/>
<opset="x_addr_8/4 "/>
</bind>
</comp>

<comp id="402" class="1004" name="x_addr_4_gep_fu_402">
<pin_list>
<pin id="403" dir="0" index="0" bw="8" slack="0"/>
<pin id="404" dir="0" index="1" bw="1" slack="0"/>
<pin id="405" dir="0" index="2" bw="10" slack="0"/>
<pin id="406" dir="1" index="3" bw="10" slack="0"/>
</pin_list>
<bind>
<opcode="getelementptr(29) " fcode="getelementptr"/>
<opset="x_addr_4/4 "/>
</bind>
</comp>

<comp id="411" class="1004" name="x_addr_17_gep_fu_411">
<pin_list>
<pin id="412" dir="0" index="0" bw="8" slack="0"/>
<pin id="413" dir="0" index="1" bw="1" slack="0"/>
<pin id="414" dir="0" index="2" bw="10" slack="0"/>
<pin id="415" dir="1" index="3" bw="10" slack="0"/>
</pin_list>
<bind>
<opcode="getelementptr(29) " fcode="getelementptr"/>
<opset="x_addr_17/5 "/>
</bind>
</comp>

<comp id="418" class="1004" name="x_addr_19_gep_fu_418">
<pin_list>
<pin id="419" dir="0" index="0" bw="8" slack="0"/>
<pin id="420" dir="0" index="1" bw="1" slack="0"/>
<pin id="421" dir="0" index="2" bw="10" slack="0"/>
<pin id="422" dir="1" index="3" bw="10" slack="0"/>
</pin_list>
<bind>
<opcode="getelementptr(29) " fcode="getelementptr"/>
<opset="x_addr_19/5 "/>
</bind>
</comp>

<comp id="427" class="1004" name="x_addr_24_gep_fu_427">
<pin_list>
<pin id="428" dir="0" index="0" bw="8" slack="0"/>
<pin id="429" dir="0" index="1" bw="1" slack="0"/>
<pin id="430" dir="0" index="2" bw="10" slack="0"/>
<pin id="431" dir="1" index="3" bw="10" slack="0"/>
</pin_list>
<bind>
<opcode="getelementptr(29) " fcode="getelementptr"/>
<opset="x_addr_24/6 "/>
</bind>
</comp>

<comp id="435" class="1004" name="x_addr_26_gep_fu_435">
<pin_list>
<pin id="436" dir="0" index="0" bw="8" slack="0"/>
<pin id="437" dir="0" index="1" bw="1" slack="0"/>
<pin id="438" dir="0" index="2" bw="10" slack="0"/>
<pin id="439" dir="1" index="3" bw="10" slack="0"/>
</pin_list>
<bind>
<opcode="getelementptr(29) " fcode="getelementptr"/>
<opset="x_addr_26/6 "/>
</bind>
</comp>

<comp id="443" class="1004" name="x_addr_gep_fu_443">
<pin_list>
<pin id="444" dir="0" index="0" bw="8" slack="0"/>
<pin id="445" dir="0" index="1" bw="1" slack="0"/>
<pin id="446" dir="0" index="2" bw="10" slack="0"/>
<pin id="447" dir="1" index="3" bw="10" slack="0"/>
</pin_list>
<bind>
<opcode="getelementptr(29) " fcode="getelementptr"/>
<opset="x_addr/7 "/>
</bind>
</comp>

<comp id="450" class="1004" name="x_addr_5_gep_fu_450">
<pin_list>
<pin id="451" dir="0" index="0" bw="8" slack="0"/>
<pin id="452" dir="0" index="1" bw="1" slack="0"/>
<pin id="453" dir="0" index="2" bw="10" slack="0"/>
<pin id="454" dir="1" index="3" bw="10" slack="0"/>
</pin_list>
<bind>
<opcode="getelementptr(29) " fcode="getelementptr"/>
<opset="x_addr_5/7 "/>
</bind>
</comp>

<comp id="459" class="1004" name="x_addr_10_gep_fu_459">
<pin_list>
<pin id="460" dir="0" index="0" bw="8" slack="0"/>
<pin id="461" dir="0" index="1" bw="1" slack="0"/>
<pin id="462" dir="0" index="2" bw="10" slack="0"/>
<pin id="463" dir="1" index="3" bw="10" slack="0"/>
</pin_list>
<bind>
<opcode="getelementptr(29) " fcode="getelementptr"/>
<opset="x_addr_10/8 "/>
</bind>
</comp>

<comp id="466" class="1004" name="x_addr_15_gep_fu_466">
<pin_list>
<pin id="467" dir="0" index="0" bw="8" slack="0"/>
<pin id="468" dir="0" index="1" bw="1" slack="0"/>
<pin id="469" dir="0" index="2" bw="10" slack="0"/>
<pin id="470" dir="1" index="3" bw="10" slack="0"/>
</pin_list>
<bind>
<opcode="getelementptr(29) " fcode="getelementptr"/>
<opset="x_addr_15/8 "/>
</bind>
</comp>

<comp id="475" class="1004" name="x_addr_20_gep_fu_475">
<pin_list>
<pin id="476" dir="0" index="0" bw="8" slack="0"/>
<pin id="477" dir="0" index="1" bw="1" slack="0"/>
<pin id="478" dir="0" index="2" bw="10" slack="0"/>
<pin id="479" dir="1" index="3" bw="10" slack="0"/>
</pin_list>
<bind>
<opcode="getelementptr(29) " fcode="getelementptr"/>
<opset="x_addr_20/9 "/>
</bind>
</comp>

<comp id="482" class="1004" name="x_addr_16_gep_fu_482">
<pin_list>
<pin id="483" dir="0" index="0" bw="8" slack="0"/>
<pin id="484" dir="0" index="1" bw="1" slack="0"/>
<pin id="485" dir="0" index="2" bw="10" slack="0"/>
<pin id="486" dir="1" index="3" bw="10" slack="0"/>
</pin_list>
<bind>
<opcode="getelementptr(29) " fcode="getelementptr"/>
<opset="x_addr_16/9 "/>
</bind>
</comp>

<comp id="491" class="1004" name="x_addr_7_gep_fu_491">
<pin_list>
<pin id="492" dir="0" index="0" bw="8" slack="0"/>
<pin id="493" dir="0" index="1" bw="1" slack="0"/>
<pin id="494" dir="0" index="2" bw="10" slack="0"/>
<pin id="495" dir="1" index="3" bw="10" slack="0"/>
</pin_list>
<bind>
<opcode="getelementptr(29) " fcode="getelementptr"/>
<opset="x_addr_7/10 "/>
</bind>
</comp>

<comp id="498" class="1004" name="x_addr_9_gep_fu_498">
<pin_list>
<pin id="499" dir="0" index="0" bw="8" slack="0"/>
<pin id="500" dir="0" index="1" bw="1" slack="0"/>
<pin id="501" dir="0" index="2" bw="10" slack="0"/>
<pin id="502" dir="1" index="3" bw="10" slack="0"/>
</pin_list>
<bind>
<opcode="getelementptr(29) " fcode="getelementptr"/>
<opset="x_addr_9/10 "/>
</bind>
</comp>

<comp id="507" class="1004" name="x_addr_12_gep_fu_507">
<pin_list>
<pin id="508" dir="0" index="0" bw="8" slack="0"/>
<pin id="509" dir="0" index="1" bw="1" slack="0"/>
<pin id="510" dir="0" index="2" bw="10" slack="0"/>
<pin id="511" dir="1" index="3" bw="10" slack="0"/>
</pin_list>
<bind>
<opcode="getelementptr(29) " fcode="getelementptr"/>
<opset="x_addr_12/11 "/>
</bind>
</comp>

<comp id="514" class="1004" name="x_addr_13_gep_fu_514">
<pin_list>
<pin id="515" dir="0" index="0" bw="8" slack="0"/>
<pin id="516" dir="0" index="1" bw="1" slack="0"/>
<pin id="517" dir="0" index="2" bw="10" slack="0"/>
<pin id="518" dir="1" index="3" bw="10" slack="0"/>
</pin_list>
<bind>
<opcode="getelementptr(29) " fcode="getelementptr"/>
<opset="x_addr_13/11 "/>
</bind>
</comp>

<comp id="523" class="1004" name="x_addr_18_gep_fu_523">
<pin_list>
<pin id="524" dir="0" index="0" bw="8" slack="0"/>
<pin id="525" dir="0" index="1" bw="1" slack="0"/>
<pin id="526" dir="0" index="2" bw="10" slack="0"/>
<pin id="527" dir="1" index="3" bw="10" slack="0"/>
</pin_list>
<bind>
<opcode="getelementptr(29) " fcode="getelementptr"/>
<opset="x_addr_18/12 "/>
</bind>
</comp>

<comp id="530" class="1004" name="x_addr_14_gep_fu_530">
<pin_list>
<pin id="531" dir="0" index="0" bw="8" slack="0"/>
<pin id="532" dir="0" index="1" bw="1" slack="0"/>
<pin id="533" dir="0" index="2" bw="10" slack="0"/>
<pin id="534" dir="1" index="3" bw="10" slack="0"/>
</pin_list>
<bind>
<opcode="getelementptr(29) " fcode="getelementptr"/>
<opset="x_addr_14/12 "/>
</bind>
</comp>

<comp id="539" class="1004" name="x_addr_22_gep_fu_539">
<pin_list>
<pin id="540" dir="0" index="0" bw="8" slack="0"/>
<pin id="541" dir="0" index="1" bw="1" slack="0"/>
<pin id="542" dir="0" index="2" bw="10" slack="0"/>
<pin id="543" dir="1" index="3" bw="10" slack="0"/>
</pin_list>
<bind>
<opcode="getelementptr(29) " fcode="getelementptr"/>
<opset="x_addr_22/13 "/>
</bind>
</comp>

<comp id="546" class="1004" name="x_addr_23_gep_fu_546">
<pin_list>
<pin id="547" dir="0" index="0" bw="8" slack="0"/>
<pin id="548" dir="0" index="1" bw="1" slack="0"/>
<pin id="549" dir="0" index="2" bw="10" slack="0"/>
<pin id="550" dir="1" index="3" bw="10" slack="0"/>
</pin_list>
<bind>
<opcode="getelementptr(29) " fcode="getelementptr"/>
<opset="x_addr_23/13 "/>
</bind>
</comp>

<comp id="555" class="1004" name="x_addr_25_gep_fu_555">
<pin_list>
<pin id="556" dir="0" index="0" bw="8" slack="0"/>
<pin id="557" dir="0" index="1" bw="1" slack="0"/>
<pin id="558" dir="0" index="2" bw="10" slack="0"/>
<pin id="559" dir="1" index="3" bw="10" slack="0"/>
</pin_list>
<bind>
<opcode="getelementptr(29) " fcode="getelementptr"/>
<opset="x_addr_25/14 "/>
</bind>
</comp>

<comp id="562" class="1004" name="x_addr_27_gep_fu_562">
<pin_list>
<pin id="563" dir="0" index="0" bw="8" slack="0"/>
<pin id="564" dir="0" index="1" bw="1" slack="0"/>
<pin id="565" dir="0" index="2" bw="10" slack="0"/>
<pin id="566" dir="1" index="3" bw="10" slack="0"/>
</pin_list>
<bind>
<opcode="getelementptr(29) " fcode="getelementptr"/>
<opset="x_addr_27/14 "/>
</bind>
</comp>

<comp id="571" class="1004" name="x_addr_28_gep_fu_571">
<pin_list>
<pin id="572" dir="0" index="0" bw="8" slack="0"/>
<pin id="573" dir="0" index="1" bw="1" slack="0"/>
<pin id="574" dir="0" index="2" bw="10" slack="0"/>
<pin id="575" dir="1" index="3" bw="10" slack="0"/>
</pin_list>
<bind>
<opcode="getelementptr(29) " fcode="getelementptr"/>
<opset="x_addr_28/15 "/>
</bind>
</comp>

<comp id="578" class="1004" name="x_addr_29_gep_fu_578">
<pin_list>
<pin id="579" dir="0" index="0" bw="8" slack="0"/>
<pin id="580" dir="0" index="1" bw="1" slack="0"/>
<pin id="581" dir="0" index="2" bw="10" slack="0"/>
<pin id="582" dir="1" index="3" bw="10" slack="0"/>
</pin_list>
<bind>
<opcode="getelementptr(29) " fcode="getelementptr"/>
<opset="x_addr_29/15 "/>
</bind>
</comp>

<comp id="587" class="1004" name="y_0_addr_gep_fu_587">
<pin_list>
<pin id="588" dir="0" index="0" bw="8" slack="0"/>
<pin id="589" dir="0" index="1" bw="1" slack="0"/>
<pin id="590" dir="0" index="2" bw="11" slack="0"/>
<pin id="591" dir="1" index="3" bw="11" slack="0"/>
</pin_list>
<bind>
<opcode="getelementptr(29) " fcode="getelementptr"/>
<opset="y_0_addr/20 "/>
</bind>
</comp>

<comp id="594" class="1004" name="y_1_addr_gep_fu_594">
<pin_list>
<pin id="595" dir="0" index="0" bw="8" slack="0"/>
<pin id="596" dir="0" index="1" bw="1" slack="0"/>
<pin id="597" dir="0" index="2" bw="11" slack="0"/>
<pin id="598" dir="1" index="3" bw="11" slack="0"/>
</pin_list>
<bind>
<opcode="getelementptr(29) " fcode="getelementptr"/>
<opset="y_1_addr/20 "/>
</bind>
</comp>

<comp id="601" class="1004" name="grp_access_fu_601">
<pin_list>
<pin id="602" dir="0" index="0" bw="11" slack="2147483647"/>
<pin id="603" dir="0" index="1" bw="8" slack="2147483647"/>
<pin id="604" dir="0" index="2" bw="0" slack="0"/>
<pin id="606" dir="0" index="4" bw="11" slack="0"/>
<pin id="607" dir="0" index="5" bw="8" slack="2147483647"/>
<pin id="608" dir="0" index="6" bw="0" slack="2147483647"/>
<pin id="605" dir="1" index="3" bw="8" slack="2147483647"/>
<pin id="609" dir="1" index="7" bw="8" slack="2147483647"/>
</pin_list>
<bind>
<opcode="store(28) " fcode="store"/>
<opset="store_ln131/20 store_ln131/21 "/>
</bind>
</comp>

<comp id="611" class="1004" name="grp_access_fu_611">
<pin_list>
<pin id="612" dir="0" index="0" bw="11" slack="2147483647"/>
<pin id="613" dir="0" index="1" bw="8" slack="2147483647"/>
<pin id="614" dir="0" index="2" bw="0" slack="0"/>
<pin id="616" dir="0" index="4" bw="11" slack="0"/>
<pin id="617" dir="0" index="5" bw="8" slack="2147483647"/>
<pin id="618" dir="0" index="6" bw="0" slack="2147483647"/>
<pin id="615" dir="1" index="3" bw="8" slack="2147483647"/>
<pin id="619" dir="1" index="7" bw="8" slack="2147483647"/>
</pin_list>
<bind>
<opcode="store(28) " fcode="store"/>
<opset="store_ln131/20 store_ln131/21 "/>
</bind>
</comp>

<comp id="621" class="1004" name="y_0_addr_1_gep_fu_621">
<pin_list>
<pin id="622" dir="0" index="0" bw="8" slack="0"/>
<pin id="623" dir="0" index="1" bw="1" slack="0"/>
<pin id="624" dir="0" index="2" bw="11" slack="0"/>
<pin id="625" dir="1" index="3" bw="11" slack="0"/>
</pin_list>
<bind>
<opcode="getelementptr(29) " fcode="getelementptr"/>
<opset="y_0_addr_1/21 "/>
</bind>
</comp>

<comp id="628" class="1004" name="y_1_addr_1_gep_fu_628">
<pin_list>
<pin id="629" dir="0" index="0" bw="8" slack="0"/>
<pin id="630" dir="0" index="1" bw="1" slack="0"/>
<pin id="631" dir="0" index="2" bw="11" slack="0"/>
<pin id="632" dir="1" index="3" bw="11" slack="0"/>
</pin_list>
<bind>
<opcode="getelementptr(29) " fcode="getelementptr"/>
<opset="y_1_addr_1/21 "/>
</bind>
</comp>

<comp id="637" class="1005" name="reg_637">
<pin_list>
<pin id="638" dir="0" index="0" bw="8" slack="1"/>
<pin id="639" dir="1" index="1" bw="8" slack="1"/>
</pin_list>
<bind>
<opset="x_load_6 x_load_16 x_load_22 x_load_25 x_load_28 "/>
</bind>
</comp>

<comp id="642" class="1005" name="reg_642">
<pin_list>
<pin id="643" dir="0" index="0" bw="8" slack="1"/>
<pin id="644" dir="1" index="1" bw="8" slack="1"/>
</pin_list>
<bind>
<opset="x_load_11 x_load_7 x_load_12 x_load_27 x_load_29 "/>
</bind>
</comp>

<comp id="647" class="1005" name="reg_647">
<pin_list>
<pin id="648" dir="0" index="0" bw="8" slack="1"/>
<pin id="649" dir="1" index="1" bw="8" slack="1"/>
</pin_list>
<bind>
<opset="x_load_21 x_load_2 x_load_4 x_load_17 x_load_24 x_load_13 x_load_14 x_load_23 "/>
</bind>
</comp>

<comp id="652" class="1005" name="reg_652">
<pin_list>
<pin id="653" dir="0" index="0" bw="8" slack="2"/>
<pin id="654" dir="1" index="1" bw="8" slack="2"/>
</pin_list>
<bind>
<opset="x_load_3 x_load_26 "/>
</bind>
</comp>

<comp id="656" class="1005" name="reg_656">
<pin_list>
<pin id="657" dir="0" index="0" bw="8" slack="1"/>
<pin id="658" dir="1" index="1" bw="8" slack="1"/>
</pin_list>
<bind>
<opset="x_load_8 x_load_9 "/>
</bind>
</comp>

<comp id="660" class="1004" name="merge_i_cast_cast_fu_660">
<pin_list>
<pin id="661" dir="0" index="0" bw="15" slack="0"/>
<pin id="662" dir="1" index="1" bw="17" slack="3"/>
</pin_list>
<bind>
<opcode="sext(35) " fcode="sext"/>
<opset="merge_i_cast_cast/1 "/>
</bind>
</comp>

<comp id="664" class="1004" name="sext_ln118_cast_fu_664">
<pin_list>
<pin id="665" dir="0" index="0" bw="8" slack="0"/>
<pin id="666" dir="1" index="1" bw="16" slack="11"/>
</pin_list>
<bind>
<opcode="sext(35) " fcode="sext"/>
<opset="sext_ln118_cast/1 "/>
</bind>
</comp>

<comp id="668" class="1004" name="LENET_C1_W_0_3_2_load_cast_cast_fu_668">
<pin_list>
<pin id="669" dir="0" index="0" bw="8" slack="0"/>
<pin id="670" dir="1" index="1" bw="16" slack="6"/>
</pin_list>
<bind>
<opcode="sext(35) " fcode="sext"/>
<opset="LENET_C1_W_0_3_2_load_cast_cast/1 "/>
</bind>
</comp>

<comp id="672" class="1004" name="LENET_C1_W_0_0_2_load_cast_cast_fu_672">
<pin_list>
<pin id="673" dir="0" index="0" bw="8" slack="0"/>
<pin id="674" dir="1" index="1" bw="16" slack="4"/>
</pin_list>
<bind>
<opcode="sext(35) " fcode="sext"/>
<opset="LENET_C1_W_0_0_2_load_cast_cast/1 "/>
</bind>
</comp>

<comp id="676" class="1004" name="LENET_C1_W_0_2_4_load_cast_cast_fu_676">
<pin_list>
<pin id="677" dir="0" index="0" bw="8" slack="0"/>
<pin id="678" dir="1" index="1" bw="16" slack="14"/>
</pin_list>
<bind>
<opcode="sext(35) " fcode="sext"/>
<opset="LENET_C1_W_0_2_4_load_cast_cast/1 "/>
</bind>
</comp>

<comp id="680" class="1004" name="LENET_C1_W_0_3_1_load_cast_cast_fu_680">
<pin_list>
<pin id="681" dir="0" index="0" bw="8" slack="0"/>
<pin id="682" dir="1" index="1" bw="16" slack="10"/>
</pin_list>
<bind>
<opcode="sext(35) " fcode="sext"/>
<opset="LENET_C1_W_0_3_1_load_cast_cast/1 "/>
</bind>
</comp>

<comp id="684" class="1004" name="LENET_C1_W_0_3_0_load_cast_cast_fu_684">
<pin_list>
<pin id="685" dir="0" index="0" bw="7" slack="0"/>
<pin id="686" dir="1" index="1" bw="15" slack="8"/>
</pin_list>
<bind>
<opcode="zext(34) " fcode="zext"/>
<opset="LENET_C1_W_0_3_0_load_cast_cast/1 "/>
</bind>
</comp>

<comp id="688" class="1004" name="LENET_C1_W_0_2_0_load_cast_cast_fu_688">
<pin_list>
<pin id="689" dir="0" index="0" bw="7" slack="0"/>
<pin id="690" dir="1" index="1" bw="15" slack="8"/>
</pin_list>
<bind>
<opcode="zext(34) " fcode="zext"/>
<opset="LENET_C1_W_0_2_0_load_cast_cast/1 "/>
</bind>
</comp>

<comp id="692" class="1004" name="LENET_C1_W_0_0_3_load_cast_cast_fu_692">
<pin_list>
<pin id="693" dir="0" index="0" bw="7" slack="0"/>
<pin id="694" dir="1" index="1" bw="15" slack="3"/>
</pin_list>
<bind>
<opcode="zext(34) " fcode="zext"/>
<opset="LENET_C1_W_0_0_3_load_cast_cast/1 "/>
</bind>
</comp>

<comp id="696" class="1004" name="LENET_C1_W_0_3_4_load_cast_cast_fu_696">
<pin_list>
<pin id="697" dir="0" index="0" bw="8" slack="0"/>
<pin id="698" dir="1" index="1" bw="16" slack="5"/>
</pin_list>
<bind>
<opcode="sext(35) " fcode="sext"/>
<opset="LENET_C1_W_0_3_4_load_cast_cast/1 "/>
</bind>
</comp>

<comp id="700" class="1004" name="LENET_C1_W_0_0_4_load_cast_cast_fu_700">
<pin_list>
<pin id="701" dir="0" index="0" bw="8" slack="0"/>
<pin id="702" dir="1" index="1" bw="16" slack="5"/>
</pin_list>
<bind>
<opcode="sext(35) " fcode="sext"/>
<opset="LENET_C1_W_0_0_4_load_cast_cast/1 "/>
</bind>
</comp>

<comp id="704" class="1004" name="LENET_C1_W_0_0_1_load_cast_cast_fu_704">
<pin_list>
<pin id="705" dir="0" index="0" bw="7" slack="0"/>
<pin id="706" dir="1" index="1" bw="15" slack="1"/>
</pin_list>
<bind>
<opcode="zext(34) " fcode="zext"/>
<opset="LENET_C1_W_0_0_1_load_cast_cast/1 "/>
</bind>
</comp>

<comp id="708" class="1004" name="LENET_C1_W_0_4_1_load_cast_cast_fu_708">
<pin_list>
<pin id="709" dir="0" index="0" bw="8" slack="0"/>
<pin id="710" dir="1" index="1" bw="16" slack="12"/>
</pin_list>
<bind>
<opcode="sext(35) " fcode="sext"/>
<opset="LENET_C1_W_0_4_1_load_cast_cast/1 "/>
</bind>
</comp>

<comp id="712" class="1004" name="LENET_C1_W_0_1_0_load_cast_cast_fu_712">
<pin_list>
<pin id="713" dir="0" index="0" bw="7" slack="0"/>
<pin id="714" dir="1" index="1" bw="15" slack="2"/>
</pin_list>
<bind>
<opcode="zext(34) " fcode="zext"/>
<opset="LENET_C1_W_0_1_0_load_cast_cast/1 "/>
</bind>
</comp>

<comp id="716" class="1004" name="LENET_C1_W_0_2_1_load_cast_cast_fu_716">
<pin_list>
<pin id="717" dir="0" index="0" bw="7" slack="0"/>
<pin id="718" dir="1" index="1" bw="15" slack="10"/>
</pin_list>
<bind>
<opcode="zext(34) " fcode="zext"/>
<opset="LENET_C1_W_0_2_1_load_cast_cast/1 "/>
</bind>
</comp>

<comp id="720" class="1004" name="LENET_C1_W_0_4_3_load_cast_cast_fu_720">
<pin_list>
<pin id="721" dir="0" index="0" bw="8" slack="0"/>
<pin id="722" dir="1" index="1" bw="16" slack="12"/>
</pin_list>
<bind>
<opcode="sext(35) " fcode="sext"/>
<opset="LENET_C1_W_0_4_3_load_cast_cast/1 "/>
</bind>
</comp>

<comp id="724" class="1004" name="LENET_C1_W_0_1_4_load_cast_cast_fu_724">
<pin_list>
<pin id="725" dir="0" index="0" bw="8" slack="0"/>
<pin id="726" dir="1" index="1" bw="16" slack="13"/>
</pin_list>
<bind>
<opcode="sext(35) " fcode="sext"/>
<opset="LENET_C1_W_0_1_4_load_cast_cast/1 "/>
</bind>
</comp>

<comp id="728" class="1004" name="LENET_C1_W_0_0_0_load_cast_cast_fu_728">
<pin_list>
<pin id="729" dir="0" index="0" bw="7" slack="0"/>
<pin id="730" dir="1" index="1" bw="15" slack="4"/>
</pin_list>
<bind>
<opcode="zext(34) " fcode="zext"/>
<opset="LENET_C1_W_0_0_0_load_cast_cast/1 "/>
</bind>
</comp>

<comp id="732" class="1004" name="LENET_C1_W_0_1_1_load_cast_cast_fu_732">
<pin_list>
<pin id="733" dir="0" index="0" bw="6" slack="0"/>
<pin id="734" dir="1" index="1" bw="14" slack="9"/>
</pin_list>
<bind>
<opcode="zext(34) " fcode="zext"/>
<opset="LENET_C1_W_0_1_1_load_cast_cast/1 "/>
</bind>
</comp>

<comp id="736" class="1004" name="LENET_C1_W_0_3_3_load_cast_cast_fu_736">
<pin_list>
<pin id="737" dir="0" index="0" bw="8" slack="0"/>
<pin id="738" dir="1" index="1" bw="16" slack="5"/>
</pin_list>
<bind>
<opcode="sext(35) " fcode="sext"/>
<opset="LENET_C1_W_0_3_3_load_cast_cast/1 "/>
</bind>
</comp>

<comp id="740" class="1004" name="LENET_C1_W_0_2_2_load_cast_cast_fu_740">
<pin_list>
<pin id="741" dir="0" index="0" bw="8" slack="0"/>
<pin id="742" dir="1" index="1" bw="16" slack="12"/>
</pin_list>
<bind>
<opcode="sext(35) " fcode="sext"/>
<opset="LENET_C1_W_0_2_2_load_cast_cast/1 "/>
</bind>
</comp>

<comp id="744" class="1004" name="LENET_C1_W_0_1_3_load_cast_cast_fu_744">
<pin_list>
<pin id="745" dir="0" index="0" bw="8" slack="0"/>
<pin id="746" dir="1" index="1" bw="16" slack="5"/>
</pin_list>
<bind>
<opcode="sext(35) " fcode="sext"/>
<opset="LENET_C1_W_0_1_3_load_cast_cast/1 "/>
</bind>
</comp>

<comp id="748" class="1004" name="LENET_C1_W_0_1_2_load_cast_cast_fu_748">
<pin_list>
<pin id="749" dir="0" index="0" bw="7" slack="0"/>
<pin id="750" dir="1" index="1" bw="15" slack="9"/>
</pin_list>
<bind>
<opcode="zext(34) " fcode="zext"/>
<opset="LENET_C1_W_0_1_2_load_cast_cast/1 "/>
</bind>
</comp>

<comp id="752" class="1004" name="LENET_C1_W_0_4_2_load_cast_cast_fu_752">
<pin_list>
<pin id="753" dir="0" index="0" bw="7" slack="0"/>
<pin id="754" dir="1" index="1" bw="15" slack="13"/>
</pin_list>
<bind>
<opcode="sext(35) " fcode="sext"/>
<opset="LENET_C1_W_0_4_2_load_cast_cast/1 "/>
</bind>
</comp>

<comp id="756" class="1004" name="LENET_C1_W_0_2_3_load_cast_cast_fu_756">
<pin_list>
<pin id="757" dir="0" index="0" bw="8" slack="0"/>
<pin id="758" dir="1" index="1" bw="16" slack="12"/>
</pin_list>
<bind>
<opcode="sext(35) " fcode="sext"/>
<opset="LENET_C1_W_0_2_3_load_cast_cast/1 "/>
</bind>
</comp>

<comp id="760" class="1004" name="LENET_C1_W_0_4_0_load_cast_cast_fu_760">
<pin_list>
<pin id="761" dir="0" index="0" bw="8" slack="0"/>
<pin id="762" dir="1" index="1" bw="16" slack="3"/>
</pin_list>
<bind>
<opcode="sext(35) " fcode="sext"/>
<opset="LENET_C1_W_0_4_0_load_cast_cast/1 "/>
</bind>
</comp>

<comp id="764" class="1004" name="sub_ln131_cast_fu_764">
<pin_list>
<pin id="765" dir="0" index="0" bw="7" slack="0"/>
<pin id="766" dir="1" index="1" bw="8" slack="18"/>
</pin_list>
<bind>
<opcode="sext(35) " fcode="sext"/>
<opset="sub_ln131_cast/1 "/>
</bind>
</comp>

<comp id="768" class="1004" name="store_ln0_store_fu_768">
<pin_list>
<pin id="769" dir="0" index="0" bw="1" slack="0"/>
<pin id="770" dir="0" index="1" bw="9" slack="0"/>
<pin id="771" dir="1" index="2" bw="0" slack="2147483647"/>
</pin_list>
<bind>
<opcode="store(28) " fcode="store"/>
<opset="store_ln0/1 "/>
</bind>
</comp>

<comp id="773" class="1004" name="store_ln0_store_fu_773">
<pin_list>
<pin id="774" dir="0" index="0" bw="1" slack="0"/>
<pin id="775" dir="0" index="1" bw="5" slack="0"/>
<pin id="776" dir="1" index="2" bw="0" slack="2147483647"/>
</pin_list>
<bind>
<opcode="store(28) " fcode="store"/>
<opset="store_ln0/1 "/>
</bind>
</comp>

<comp id="778" class="1004" name="store_ln0_store_fu_778">
<pin_list>
<pin id="779" dir="0" index="0" bw="1" slack="0"/>
<pin id="780" dir="0" index="1" bw="5" slack="0"/>
<pin id="781" dir="1" index="2" bw="0" slack="2147483647"/>
</pin_list>
<bind>
<opcode="store(28) " fcode="store"/>
<opset="store_ln0/1 "/>
</bind>
</comp>

<comp id="783" class="1004" name="indvar_flatten_load_load_fu_783">
<pin_list>
<pin id="784" dir="0" index="0" bw="9" slack="0"/>
<pin id="785" dir="1" index="1" bw="9" slack="0"/>
</pin_list>
<bind>
<opcode="load(27) " fcode="load"/>
<opset="indvar_flatten_load/1 "/>
</bind>
</comp>

<comp id="786" class="1004" name="icmp_ln118_fu_786">
<pin_list>
<pin id="787" dir="0" index="0" bw="9" slack="0"/>
<pin id="788" dir="0" index="1" bw="9" slack="0"/>
<pin id="789" dir="1" index="2" bw="1" slack="1"/>
</pin_list>
<bind>
<opcode="icmp(45) " fcode="icmp"/>
<opset="icmp_ln118/1 "/>
</bind>
</comp>

<comp id="792" class="1004" name="add_ln118_3_fu_792">
<pin_list>
<pin id="793" dir="0" index="0" bw="9" slack="0"/>
<pin id="794" dir="0" index="1" bw="1" slack="0"/>
<pin id="795" dir="1" index="2" bw="9" slack="0"/>
</pin_list>
<bind>
<opcode="add(8) " fcode="add"/>
<opset="add_ln118_3/1 "/>
</bind>
</comp>

<comp id="798" class="1004" name="ow_load_load_fu_798">
<pin_list>
<pin id="799" dir="0" index="0" bw="5" slack="0"/>
<pin id="800" dir="1" index="1" bw="5" slack="0"/>
</pin_list>
<bind>
<opcode="load(27) " fcode="load"/>
<opset="ow_load/1 "/>
</bind>
</comp>

<comp id="801" class="1004" name="oh_load_load_fu_801">
<pin_list>
<pin id="802" dir="0" index="0" bw="5" slack="0"/>
<pin id="803" dir="1" index="1" bw="5" slack="0"/>
</pin_list>
<bind>
<opcode="load(27) " fcode="load"/>
<opset="oh_load/1 "/>
</bind>
</comp>

<comp id="804" class="1004" name="icmp_ln119_fu_804">
<pin_list>
<pin id="805" dir="0" index="0" bw="5" slack="0"/>
<pin id="806" dir="0" index="1" bw="5" slack="0"/>
<pin id="807" dir="1" index="2" bw="1" slack="0"/>
</pin_list>
<bind>
<opcode="icmp(45) " fcode="icmp"/>
<opset="icmp_ln119/1 "/>
</bind>
</comp>

<comp id="810" class="1004" name="select_ln118_fu_810">
<pin_list>
<pin id="811" dir="0" index="0" bw="1" slack="0"/>
<pin id="812" dir="0" index="1" bw="5" slack="0"/>
<pin id="813" dir="0" index="2" bw="5" slack="0"/>
<pin id="814" dir="1" index="3" bw="5" slack="0"/>
</pin_list>
<bind>
<opcode="select(49) " fcode="select"/>
<opset="select_ln118/1 "/>
</bind>
</comp>

<comp id="818" class="1004" name="indvars_iv_next1324_fu_818">
<pin_list>
<pin id="819" dir="0" index="0" bw="5" slack="0"/>
<pin id="820" dir="0" index="1" bw="1" slack="0"/>
<pin id="821" dir="1" index="2" bw="5" slack="0"/>
</pin_list>
<bind>
<opcode="add(8) " fcode="add"/>
<opset="indvars_iv_next1324/1 "/>
</bind>
</comp>

<comp id="824" class="1004" name="select_ln118_1_fu_824">
<pin_list>
<pin id="825" dir="0" index="0" bw="1" slack="0"/>
<pin id="826" dir="0" index="1" bw="5" slack="0"/>
<pin id="827" dir="0" index="2" bw="5" slack="0"/>
<pin id="828" dir="1" index="3" bw="5" slack="0"/>
</pin_list>
<bind>
<opcode="select(49) " fcode="select"/>
<opset="select_ln118_1/1 "/>
</bind>
</comp>

<comp id="832" class="1004" name="trunc_ln118_fu_832">
<pin_list>
<pin id="833" dir="0" index="0" bw="5" slack="0"/>
<pin id="834" dir="1" index="1" bw="1" slack="19"/>
</pin_list>
<bind>
<opcode="trunc(33) " fcode="trunc"/>
<opset="trunc_ln118/1 "/>
</bind>
</comp>

<comp id="836" class="1004" name="zext_ln118_1_mid2_v_fu_836">
<pin_list>
<pin id="837" dir="0" index="0" bw="4" slack="0"/>
<pin id="838" dir="0" index="1" bw="5" slack="0"/>
<pin id="839" dir="0" index="2" bw="1" slack="0"/>
<pin id="840" dir="0" index="3" bw="4" slack="0"/>
<pin id="841" dir="1" index="4" bw="4" slack="18"/>
</pin_list>
<bind>
<opcode="partselect(1002) " fcode="partselect"/>
<opset="zext_ln118_1_mid2_v/1 "/>
</bind>
</comp>

<comp id="846" class="1004" name="indvars_iv_next132_mid1_fu_846">
<pin_list>
<pin id="847" dir="0" index="0" bw="5" slack="0"/>
<pin id="848" dir="0" index="1" bw="3" slack="0"/>
<pin id="849" dir="1" index="2" bw="5" slack="0"/>
</pin_list>
<bind>
<opcode="add(8) " fcode="add"/>
<opset="indvars_iv_next132_mid1/1 "/>
</bind>
</comp>

<comp id="852" class="1004" name="select_ln118_2_fu_852">
<pin_list>
<pin id="853" dir="0" index="0" bw="1" slack="0"/>
<pin id="854" dir="0" index="1" bw="5" slack="0"/>
<pin id="855" dir="0" index="2" bw="5" slack="0"/>
<pin id="856" dir="1" index="3" bw="5" slack="0"/>
</pin_list>
<bind>
<opcode="select(49) " fcode="select"/>
<opset="select_ln118_2/1 "/>
</bind>
</comp>

<comp id="860" class="1004" name="or_ln126_fu_860">
<pin_list>
<pin id="861" dir="0" index="0" bw="5" slack="0"/>
<pin id="862" dir="0" index="1" bw="5" slack="0"/>
<pin id="863" dir="1" index="2" bw="5" slack="0"/>
</pin_list>
<bind>
<opcode="or(24) " fcode="or"/>
<opset="or_ln126/1 "/>
</bind>
</comp>

<comp id="866" class="1004" name="tmp_10_fu_866">
<pin_list>
<pin id="867" dir="0" index="0" bw="10" slack="0"/>
<pin id="868" dir="0" index="1" bw="5" slack="0"/>
<pin id="869" dir="0" index="2" bw="5" slack="0"/>
<pin id="870" dir="1" index="3" bw="10" slack="0"/>
</pin_list>
<bind>
<opcode="bitconcatenate(1004) " fcode="bitconcatenate"/>
<opset="tmp_10/1 "/>
</bind>
</comp>

<comp id="874" class="1004" name="zext_ln126_45_fu_874">
<pin_list>
<pin id="875" dir="0" index="0" bw="10" slack="0"/>
<pin id="876" dir="1" index="1" bw="64" slack="0"/>
</pin_list>
<bind>
<opcode="zext(34) " fcode="zext"/>
<opset="zext_ln126_45/1 "/>
</bind>
</comp>

<comp id="879" class="1004" name="tmp_11_fu_879">
<pin_list>
<pin id="880" dir="0" index="0" bw="10" slack="0"/>
<pin id="881" dir="0" index="1" bw="5" slack="0"/>
<pin id="882" dir="0" index="2" bw="5" slack="0"/>
<pin id="883" dir="1" index="3" bw="10" slack="0"/>
</pin_list>
<bind>
<opcode="bitconcatenate(1004) " fcode="bitconcatenate"/>
<opset="tmp_11/1 "/>
</bind>
</comp>

<comp id="887" class="1004" name="zext_ln126_46_fu_887">
<pin_list>
<pin id="888" dir="0" index="0" bw="10" slack="0"/>
<pin id="889" dir="1" index="1" bw="64" slack="0"/>
</pin_list>
<bind>
<opcode="zext(34) " fcode="zext"/>
<opset="zext_ln126_46/1 "/>
</bind>
</comp>

<comp id="892" class="1004" name="store_ln119_store_fu_892">
<pin_list>
<pin id="893" dir="0" index="0" bw="9" slack="0"/>
<pin id="894" dir="0" index="1" bw="9" slack="0"/>
<pin id="895" dir="1" index="2" bw="0" slack="2147483647"/>
</pin_list>
<bind>
<opcode="store(28) " fcode="store"/>
<opset="store_ln119/1 "/>
</bind>
</comp>

<comp id="897" class="1004" name="store_ln119_store_fu_897">
<pin_list>
<pin id="898" dir="0" index="0" bw="5" slack="0"/>
<pin id="899" dir="0" index="1" bw="5" slack="0"/>
<pin id="900" dir="1" index="2" bw="0" slack="2147483647"/>
</pin_list>
<bind>
<opcode="store(28) " fcode="store"/>
<opset="store_ln119/1 "/>
</bind>
</comp>

<comp id="902" class="1004" name="select_ln118_3_fu_902">
<pin_list>
<pin id="903" dir="0" index="0" bw="1" slack="1"/>
<pin id="904" dir="0" index="1" bw="5" slack="0"/>
<pin id="905" dir="0" index="2" bw="5" slack="0"/>
<pin id="906" dir="1" index="3" bw="5" slack="0"/>
</pin_list>
<bind>
<opcode="select(49) " fcode="select"/>
<opset="select_ln118_3/2 "/>
</bind>
</comp>

<comp id="909" class="1004" name="add_ln118_fu_909">
<pin_list>
<pin id="910" dir="0" index="0" bw="5" slack="1"/>
<pin id="911" dir="0" index="1" bw="3" slack="0"/>
<pin id="912" dir="1" index="2" bw="5" slack="0"/>
</pin_list>
<bind>
<opcode="add(8) " fcode="add"/>
<opset="add_ln118/2 "/>
</bind>
</comp>

<comp id="914" class="1004" name="select_ln118_4_fu_914">
<pin_list>
<pin id="915" dir="0" index="0" bw="1" slack="1"/>
<pin id="916" dir="0" index="1" bw="5" slack="0"/>
<pin id="917" dir="0" index="2" bw="5" slack="0"/>
<pin id="918" dir="1" index="3" bw="5" slack="0"/>
</pin_list>
<bind>
<opcode="select(49) " fcode="select"/>
<opset="select_ln118_4/2 "/>
</bind>
</comp>

<comp id="921" class="1004" name="add_ln118_1_fu_921">
<pin_list>
<pin id="922" dir="0" index="0" bw="5" slack="1"/>
<pin id="923" dir="0" index="1" bw="4" slack="0"/>
<pin id="924" dir="1" index="2" bw="5" slack="3"/>
</pin_list>
<bind>
<opcode="add(8) " fcode="add"/>
<opset="add_ln118_1/2 "/>
</bind>
</comp>

<comp id="926" class="1004" name="select_ln118_5_fu_926">
<pin_list>
<pin id="927" dir="0" index="0" bw="1" slack="1"/>
<pin id="928" dir="0" index="1" bw="5" slack="0"/>
<pin id="929" dir="0" index="2" bw="5" slack="0"/>
<pin id="930" dir="1" index="3" bw="5" slack="0"/>
</pin_list>
<bind>
<opcode="select(49) " fcode="select"/>
<opset="select_ln118_5/2 "/>
</bind>
</comp>

<comp id="933" class="1004" name="add_ln118_2_fu_933">
<pin_list>
<pin id="934" dir="0" index="0" bw="5" slack="1"/>
<pin id="935" dir="0" index="1" bw="4" slack="0"/>
<pin id="936" dir="1" index="2" bw="5" slack="0"/>
</pin_list>
<bind>
<opcode="add(8) " fcode="add"/>
<opset="add_ln118_2/2 "/>
</bind>
</comp>

<comp id="938" class="1004" name="tmp_12_fu_938">
<pin_list>
<pin id="939" dir="0" index="0" bw="10" slack="0"/>
<pin id="940" dir="0" index="1" bw="5" slack="0"/>
<pin id="941" dir="0" index="2" bw="5" slack="1"/>
<pin id="942" dir="1" index="3" bw="10" slack="0"/>
</pin_list>
<bind>
<opcode="bitconcatenate(1004) " fcode="bitconcatenate"/>
<opset="tmp_12/2 "/>
</bind>
</comp>

<comp id="945" class="1004" name="zext_ln126_47_fu_945">
<pin_list>
<pin id="946" dir="0" index="0" bw="10" slack="0"/>
<pin id="947" dir="1" index="1" bw="64" slack="0"/>
</pin_list>
<bind>
<opcode="zext(34) " fcode="zext"/>
<opset="zext_ln126_47/2 "/>
</bind>
</comp>

<comp id="950" class="1004" name="tmp_14_fu_950">
<pin_list>
<pin id="951" dir="0" index="0" bw="10" slack="0"/>
<pin id="952" dir="0" index="1" bw="5" slack="0"/>
<pin id="953" dir="0" index="2" bw="5" slack="1"/>
<pin id="954" dir="1" index="3" bw="10" slack="0"/>
</pin_list>
<bind>
<opcode="bitconcatenate(1004) " fcode="bitconcatenate"/>
<opset="tmp_14/2 "/>
</bind>
</comp>

<comp id="957" class="1004" name="zext_ln126_49_fu_957">
<pin_list>
<pin id="958" dir="0" index="0" bw="10" slack="0"/>
<pin id="959" dir="1" index="1" bw="64" slack="0"/>
</pin_list>
<bind>
<opcode="zext(34) " fcode="zext"/>
<opset="zext_ln126_49/2 "/>
</bind>
</comp>

<comp id="962" class="1004" name="zext_ln126_2_fu_962">
<pin_list>
<pin id="963" dir="0" index="0" bw="8" slack="0"/>
<pin id="964" dir="1" index="1" bw="15" slack="0"/>
</pin_list>
<bind>
<opcode="zext(34) " fcode="zext"/>
<opset="zext_ln126_2/2 "/>
</bind>
</comp>

<comp id="966" class="1004" name="add_ln126_fu_966">
<pin_list>
<pin id="967" dir="0" index="0" bw="5" slack="2"/>
<pin id="968" dir="0" index="1" bw="3" slack="0"/>
<pin id="969" dir="1" index="2" bw="5" slack="0"/>
</pin_list>
<bind>
<opcode="add(8) " fcode="add"/>
<opset="add_ln126/3 "/>
</bind>
</comp>

<comp id="971" class="1004" name="tmp_15_fu_971">
<pin_list>
<pin id="972" dir="0" index="0" bw="10" slack="0"/>
<pin id="973" dir="0" index="1" bw="5" slack="2"/>
<pin id="974" dir="0" index="2" bw="5" slack="0"/>
<pin id="975" dir="1" index="3" bw="10" slack="0"/>
</pin_list>
<bind>
<opcode="bitconcatenate(1004) " fcode="bitconcatenate"/>
<opset="tmp_15/3 "/>
</bind>
</comp>

<comp id="978" class="1004" name="zext_ln126_50_fu_978">
<pin_list>
<pin id="979" dir="0" index="0" bw="10" slack="0"/>
<pin id="980" dir="1" index="1" bw="64" slack="0"/>
</pin_list>
<bind>
<opcode="zext(34) " fcode="zext"/>
<opset="zext_ln126_50/3 "/>
</bind>
</comp>

<comp id="983" class="1004" name="add_ln126_1_fu_983">
<pin_list>
<pin id="984" dir="0" index="0" bw="5" slack="2"/>
<pin id="985" dir="0" index="1" bw="3" slack="0"/>
<pin id="986" dir="1" index="2" bw="5" slack="0"/>
</pin_list>
<bind>
<opcode="add(8) " fcode="add"/>
<opset="add_ln126_1/3 "/>
</bind>
</comp>

<comp id="988" class="1004" name="tmp_20_fu_988">
<pin_list>
<pin id="989" dir="0" index="0" bw="10" slack="0"/>
<pin id="990" dir="0" index="1" bw="5" slack="2"/>
<pin id="991" dir="0" index="2" bw="5" slack="0"/>
<pin id="992" dir="1" index="3" bw="10" slack="0"/>
</pin_list>
<bind>
<opcode="bitconcatenate(1004) " fcode="bitconcatenate"/>
<opset="tmp_20/3 "/>
</bind>
</comp>

<comp id="995" class="1004" name="zext_ln126_55_fu_995">
<pin_list>
<pin id="996" dir="0" index="0" bw="10" slack="0"/>
<pin id="997" dir="1" index="1" bw="64" slack="0"/>
</pin_list>
<bind>
<opcode="zext(34) " fcode="zext"/>
<opset="zext_ln126_55/3 "/>
</bind>
</comp>

<comp id="1000" class="1004" name="zext_ln126_13_fu_1000">
<pin_list>
<pin id="1001" dir="0" index="0" bw="8" slack="1"/>
<pin id="1002" dir="1" index="1" bw="15" slack="0"/>
</pin_list>
<bind>
<opcode="zext(34) " fcode="zext"/>
<opset="zext_ln126_13/3 "/>
</bind>
</comp>

<comp id="1004" class="1004" name="mul_ln85_37_fu_1004">
<pin_list>
<pin id="1005" dir="0" index="0" bw="8" slack="0"/>
<pin id="1006" dir="0" index="1" bw="7" slack="2"/>
<pin id="1007" dir="1" index="2" bw="15" slack="4"/>
</pin_list>
<bind>
<opcode="mul(12) " fcode="mul"/>
<opset="mul_ln85_37/3 "/>
</bind>
</comp>

<comp id="1009" class="1004" name="store_ln119_store_fu_1009">
<pin_list>
<pin id="1010" dir="0" index="0" bw="5" slack="0"/>
<pin id="1011" dir="0" index="1" bw="5" slack="2"/>
<pin id="1012" dir="1" index="2" bw="0" slack="2147483647"/>
</pin_list>
<bind>
<opcode="store(28) " fcode="store"/>
<opset="store_ln119/3 "/>
</bind>
</comp>

<comp id="1014" class="1004" name="zext_ln126_4_fu_1014">
<pin_list>
<pin id="1015" dir="0" index="0" bw="8" slack="0"/>
<pin id="1016" dir="1" index="1" bw="15" slack="0"/>
</pin_list>
<bind>
<opcode="zext(34) " fcode="zext"/>
<opset="zext_ln126_4/4 "/>
</bind>
</comp>

<comp id="1018" class="1004" name="tmp_21_fu_1018">
<pin_list>
<pin id="1019" dir="0" index="0" bw="10" slack="0"/>
<pin id="1020" dir="0" index="1" bw="5" slack="3"/>
<pin id="1021" dir="0" index="2" bw="5" slack="1"/>
<pin id="1022" dir="1" index="3" bw="10" slack="0"/>
</pin_list>
<bind>
<opcode="bitconcatenate(1004) " fcode="bitconcatenate"/>
<opset="tmp_21/4 "/>
</bind>
</comp>

<comp id="1024" class="1004" name="zext_ln126_56_fu_1024">
<pin_list>
<pin id="1025" dir="0" index="0" bw="10" slack="0"/>
<pin id="1026" dir="1" index="1" bw="64" slack="0"/>
</pin_list>
<bind>
<opcode="zext(34) " fcode="zext"/>
<opset="zext_ln126_56/4 "/>
</bind>
</comp>

<comp id="1029" class="1004" name="zext_ln126_8_fu_1029">
<pin_list>
<pin id="1030" dir="0" index="0" bw="8" slack="0"/>
<pin id="1031" dir="1" index="1" bw="15" slack="0"/>
</pin_list>
<bind>
<opcode="zext(34) " fcode="zext"/>
<opset="zext_ln126_8/4 "/>
</bind>
</comp>

<comp id="1033" class="1004" name="add_ln126_2_fu_1033">
<pin_list>
<pin id="1034" dir="0" index="0" bw="5" slack="3"/>
<pin id="1035" dir="0" index="1" bw="4" slack="0"/>
<pin id="1036" dir="1" index="2" bw="5" slack="0"/>
</pin_list>
<bind>
<opcode="add(8) " fcode="add"/>
<opset="add_ln126_2/4 "/>
</bind>
</comp>

<comp id="1038" class="1004" name="tmp_25_fu_1038">
<pin_list>
<pin id="1039" dir="0" index="0" bw="10" slack="0"/>
<pin id="1040" dir="0" index="1" bw="5" slack="3"/>
<pin id="1041" dir="0" index="2" bw="5" slack="0"/>
<pin id="1042" dir="1" index="3" bw="10" slack="0"/>
</pin_list>
<bind>
<opcode="bitconcatenate(1004) " fcode="bitconcatenate"/>
<opset="tmp_25/4 "/>
</bind>
</comp>

<comp id="1045" class="1004" name="zext_ln126_60_fu_1045">
<pin_list>
<pin id="1046" dir="0" index="0" bw="10" slack="0"/>
<pin id="1047" dir="1" index="1" bw="64" slack="0"/>
</pin_list>
<bind>
<opcode="zext(34) " fcode="zext"/>
<opset="zext_ln126_60/4 "/>
</bind>
</comp>

<comp id="1050" class="1004" name="zext_ln126_33_fu_1050">
<pin_list>
<pin id="1051" dir="0" index="0" bw="8" slack="1"/>
<pin id="1052" dir="1" index="1" bw="16" slack="0"/>
</pin_list>
<bind>
<opcode="zext(34) " fcode="zext"/>
<opset="zext_ln126_33/4 "/>
</bind>
</comp>

<comp id="1054" class="1004" name="mul_ln85_25_fu_1054">
<pin_list>
<pin id="1055" dir="0" index="0" bw="8" slack="0"/>
<pin id="1056" dir="0" index="1" bw="8" slack="3"/>
<pin id="1057" dir="1" index="2" bw="16" slack="4"/>
</pin_list>
<bind>
<opcode="mul(12) " fcode="mul"/>
<opset="mul_ln85_25/4 "/>
</bind>
</comp>

<comp id="1059" class="1004" name="tmp_18_fu_1059">
<pin_list>
<pin id="1060" dir="0" index="0" bw="10" slack="0"/>
<pin id="1061" dir="0" index="1" bw="5" slack="3"/>
<pin id="1062" dir="0" index="2" bw="5" slack="2"/>
<pin id="1063" dir="1" index="3" bw="10" slack="0"/>
</pin_list>
<bind>
<opcode="bitconcatenate(1004) " fcode="bitconcatenate"/>
<opset="tmp_18/5 "/>
</bind>
</comp>

<comp id="1065" class="1004" name="zext_ln126_53_fu_1065">
<pin_list>
<pin id="1066" dir="0" index="0" bw="10" slack="0"/>
<pin id="1067" dir="1" index="1" bw="64" slack="0"/>
</pin_list>
<bind>
<opcode="zext(34) " fcode="zext"/>
<opset="zext_ln126_53/5 "/>
</bind>
</comp>

<comp id="1070" class="1004" name="zext_ln126_5_fu_1070">
<pin_list>
<pin id="1071" dir="0" index="0" bw="8" slack="1"/>
<pin id="1072" dir="1" index="1" bw="16" slack="0"/>
</pin_list>
<bind>
<opcode="zext(34) " fcode="zext"/>
<opset="zext_ln126_5/5 "/>
</bind>
</comp>

<comp id="1074" class="1004" name="tmp_28_fu_1074">
<pin_list>
<pin id="1075" dir="0" index="0" bw="10" slack="0"/>
<pin id="1076" dir="0" index="1" bw="5" slack="3"/>
<pin id="1077" dir="0" index="2" bw="5" slack="1"/>
<pin id="1078" dir="1" index="3" bw="10" slack="0"/>
</pin_list>
<bind>
<opcode="bitconcatenate(1004) " fcode="bitconcatenate"/>
<opset="tmp_28/5 "/>
</bind>
</comp>

<comp id="1080" class="1004" name="zext_ln126_63_fu_1080">
<pin_list>
<pin id="1081" dir="0" index="0" bw="10" slack="0"/>
<pin id="1082" dir="1" index="1" bw="64" slack="0"/>
</pin_list>
<bind>
<opcode="zext(34) " fcode="zext"/>
<opset="zext_ln126_63/5 "/>
</bind>
</comp>

<comp id="1085" class="1004" name="zext_ln126_10_fu_1085">
<pin_list>
<pin id="1086" dir="0" index="0" bw="8" slack="0"/>
<pin id="1087" dir="1" index="1" bw="15" slack="0"/>
</pin_list>
<bind>
<opcode="zext(34) " fcode="zext"/>
<opset="zext_ln126_10/5 "/>
</bind>
</comp>

<comp id="1089" class="1004" name="tmp_s_fu_1089">
<pin_list>
<pin id="1090" dir="0" index="0" bw="10" slack="0"/>
<pin id="1091" dir="0" index="1" bw="5" slack="5"/>
<pin id="1092" dir="0" index="2" bw="1" slack="0"/>
<pin id="1093" dir="1" index="3" bw="10" slack="0"/>
</pin_list>
<bind>
<opcode="bitconcatenate(1004) " fcode="bitconcatenate"/>
<opset="tmp_s/6 "/>
</bind>
</comp>

<comp id="1096" class="1004" name="zext_ln119_fu_1096">
<pin_list>
<pin id="1097" dir="0" index="0" bw="5" slack="5"/>
<pin id="1098" dir="1" index="1" bw="6" slack="0"/>
</pin_list>
<bind>
<opcode="zext(34) " fcode="zext"/>
<opset="zext_ln119/6 "/>
</bind>
</comp>

<comp id="1099" class="1004" name="zext_ln126_7_fu_1099">
<pin_list>
<pin id="1100" dir="0" index="0" bw="8" slack="2"/>
<pin id="1101" dir="1" index="1" bw="16" slack="0"/>
</pin_list>
<bind>
<opcode="zext(34) " fcode="zext"/>
<opset="zext_ln126_7/6 "/>
</bind>
</comp>

<comp id="1103" class="1004" name="tmp_29_fu_1103">
<pin_list>
<pin id="1104" dir="0" index="0" bw="10" slack="0"/>
<pin id="1105" dir="0" index="1" bw="5" slack="4"/>
<pin id="1106" dir="0" index="2" bw="5" slack="2"/>
<pin id="1107" dir="1" index="3" bw="10" slack="0"/>
</pin_list>
<bind>
<opcode="bitconcatenate(1004) " fcode="bitconcatenate"/>
<opset="tmp_29/6 "/>
</bind>
</comp>

<comp id="1109" class="1004" name="zext_ln126_64_fu_1109">
<pin_list>
<pin id="1110" dir="0" index="0" bw="10" slack="0"/>
<pin id="1111" dir="1" index="1" bw="64" slack="0"/>
</pin_list>
<bind>
<opcode="zext(34) " fcode="zext"/>
<opset="zext_ln126_64/6 "/>
</bind>
</comp>

<comp id="1114" class="1004" name="zext_ln126_11_fu_1114">
<pin_list>
<pin id="1115" dir="0" index="0" bw="8" slack="1"/>
<pin id="1116" dir="1" index="1" bw="16" slack="0"/>
</pin_list>
<bind>
<opcode="zext(34) " fcode="zext"/>
<opset="zext_ln126_11/6 "/>
</bind>
</comp>

<comp id="1118" class="1004" name="zext_ln126_18_fu_1118">
<pin_list>
<pin id="1119" dir="0" index="0" bw="8" slack="1"/>
<pin id="1120" dir="1" index="1" bw="16" slack="0"/>
</pin_list>
<bind>
<opcode="zext(34) " fcode="zext"/>
<opset="zext_ln126_18/6 "/>
</bind>
</comp>

<comp id="1122" class="1004" name="zext_ln126_31_fu_1122">
<pin_list>
<pin id="1123" dir="0" index="0" bw="8" slack="0"/>
<pin id="1124" dir="1" index="1" bw="16" slack="0"/>
</pin_list>
<bind>
<opcode="zext(34) " fcode="zext"/>
<opset="zext_ln126_31/6 "/>
</bind>
</comp>

<comp id="1126" class="1004" name="mul_ln85_4_fu_1126">
<pin_list>
<pin id="1127" dir="0" index="0" bw="8" slack="0"/>
<pin id="1128" dir="0" index="1" bw="8" slack="5"/>
<pin id="1129" dir="1" index="2" bw="16" slack="5"/>
</pin_list>
<bind>
<opcode="mul(12) " fcode="mul"/>
<opset="mul_ln85_4/6 "/>
</bind>
</comp>

<comp id="1131" class="1004" name="mul_ln85_15_fu_1131">
<pin_list>
<pin id="1132" dir="0" index="0" bw="8" slack="0"/>
<pin id="1133" dir="0" index="1" bw="8" slack="5"/>
<pin id="1134" dir="1" index="2" bw="16" slack="0"/>
</pin_list>
<bind>
<opcode="mul(12) " fcode="mul"/>
<opset="mul_ln85_15/6 "/>
</bind>
</comp>

<comp id="1136" class="1004" name="sext_ln85_7_fu_1136">
<pin_list>
<pin id="1137" dir="0" index="0" bw="16" slack="0"/>
<pin id="1138" dir="1" index="1" bw="17" slack="0"/>
</pin_list>
<bind>
<opcode="sext(35) " fcode="sext"/>
<opset="sext_ln85_7/6 "/>
</bind>
</comp>

<comp id="1140" class="1004" name="add_ln126_3_fu_1140">
<pin_list>
<pin id="1141" dir="0" index="0" bw="5" slack="0"/>
<pin id="1142" dir="0" index="1" bw="4" slack="0"/>
<pin id="1143" dir="1" index="2" bw="6" slack="0"/>
</pin_list>
<bind>
<opcode="add(8) " fcode="add"/>
<opset="add_ln126_3/6 "/>
</bind>
</comp>

<comp id="1146" class="1004" name="zext_ln126_65_fu_1146">
<pin_list>
<pin id="1147" dir="0" index="0" bw="6" slack="0"/>
<pin id="1148" dir="1" index="1" bw="10" slack="0"/>
</pin_list>
<bind>
<opcode="zext(34) " fcode="zext"/>
<opset="zext_ln126_65/6 "/>
</bind>
</comp>

<comp id="1150" class="1004" name="add_ln126_5_fu_1150">
<pin_list>
<pin id="1151" dir="0" index="0" bw="10" slack="0"/>
<pin id="1152" dir="0" index="1" bw="6" slack="0"/>
<pin id="1153" dir="1" index="2" bw="10" slack="0"/>
</pin_list>
<bind>
<opcode="add(8) " fcode="add"/>
<opset="add_ln126_5/6 "/>
</bind>
</comp>

<comp id="1156" class="1004" name="zext_ln126_67_fu_1156">
<pin_list>
<pin id="1157" dir="0" index="0" bw="10" slack="0"/>
<pin id="1158" dir="1" index="1" bw="64" slack="0"/>
</pin_list>
<bind>
<opcode="zext(34) " fcode="zext"/>
<opset="zext_ln126_67/6 "/>
</bind>
</comp>

<comp id="1161" class="1004" name="tmp_4_fu_1161">
<pin_list>
<pin id="1162" dir="0" index="0" bw="10" slack="0"/>
<pin id="1163" dir="0" index="1" bw="5" slack="6"/>
<pin id="1164" dir="0" index="2" bw="5" slack="6"/>
<pin id="1165" dir="1" index="3" bw="10" slack="0"/>
</pin_list>
<bind>
<opcode="bitconcatenate(1004) " fcode="bitconcatenate"/>
<opset="tmp_4/7 "/>
</bind>
</comp>

<comp id="1167" class="1004" name="zext_ln126_3_fu_1167">
<pin_list>
<pin id="1168" dir="0" index="0" bw="10" slack="0"/>
<pin id="1169" dir="1" index="1" bw="64" slack="0"/>
</pin_list>
<bind>
<opcode="zext(34) " fcode="zext"/>
<opset="zext_ln126_3/7 "/>
</bind>
</comp>

<comp id="1172" class="1004" name="tmp_5_fu_1172">
<pin_list>
<pin id="1173" dir="0" index="0" bw="10" slack="0"/>
<pin id="1174" dir="0" index="1" bw="5" slack="6"/>
<pin id="1175" dir="0" index="2" bw="5" slack="6"/>
<pin id="1176" dir="1" index="3" bw="10" slack="0"/>
</pin_list>
<bind>
<opcode="bitconcatenate(1004) " fcode="bitconcatenate"/>
<opset="tmp_5/7 "/>
</bind>
</comp>

<comp id="1178" class="1004" name="zext_ln126_6_fu_1178">
<pin_list>
<pin id="1179" dir="0" index="0" bw="10" slack="0"/>
<pin id="1180" dir="1" index="1" bw="64" slack="0"/>
</pin_list>
<bind>
<opcode="zext(34) " fcode="zext"/>
<opset="zext_ln126_6/7 "/>
</bind>
</comp>

<comp id="1183" class="1004" name="zext_ln126_29_fu_1183">
<pin_list>
<pin id="1184" dir="0" index="0" bw="8" slack="1"/>
<pin id="1185" dir="1" index="1" bw="16" slack="0"/>
</pin_list>
<bind>
<opcode="zext(34) " fcode="zext"/>
<opset="zext_ln126_29/7 "/>
</bind>
</comp>

<comp id="1187" class="1004" name="mul_ln85_23_fu_1187">
<pin_list>
<pin id="1188" dir="0" index="0" bw="8" slack="0"/>
<pin id="1189" dir="0" index="1" bw="8" slack="6"/>
<pin id="1190" dir="1" index="2" bw="16" slack="1"/>
</pin_list>
<bind>
<opcode="mul(12) " fcode="mul"/>
<opset="mul_ln85_23/7 "/>
</bind>
</comp>

<comp id="1192" class="1004" name="sext_ln85_27_fu_1192">
<pin_list>
<pin id="1193" dir="0" index="0" bw="17" slack="0"/>
<pin id="1194" dir="1" index="1" bw="18" slack="0"/>
</pin_list>
<bind>
<opcode="sext(35) " fcode="sext"/>
<opset="sext_ln85_27/7 "/>
</bind>
</comp>

<comp id="1195" class="1004" name="zext_ln85_16_fu_1195">
<pin_list>
<pin id="1196" dir="0" index="0" bw="15" slack="4"/>
<pin id="1197" dir="1" index="1" bw="16" slack="0"/>
</pin_list>
<bind>
<opcode="zext(34) " fcode="zext"/>
<opset="zext_ln85_16/7 "/>
</bind>
</comp>

<comp id="1198" class="1004" name="sext_ln85_61_fu_1198">
<pin_list>
<pin id="1199" dir="0" index="0" bw="17" slack="0"/>
<pin id="1200" dir="1" index="1" bw="18" slack="0"/>
</pin_list>
<bind>
<opcode="sext(35) " fcode="sext"/>
<opset="sext_ln85_61/7 "/>
</bind>
</comp>

<comp id="1201" class="1004" name="tmp_6_fu_1201">
<pin_list>
<pin id="1202" dir="0" index="0" bw="10" slack="0"/>
<pin id="1203" dir="0" index="1" bw="5" slack="6"/>
<pin id="1204" dir="0" index="2" bw="5" slack="7"/>
<pin id="1205" dir="1" index="3" bw="10" slack="0"/>
</pin_list>
<bind>
<opcode="bitconcatenate(1004) " fcode="bitconcatenate"/>
<opset="tmp_6/8 "/>
</bind>
</comp>

<comp id="1207" class="1004" name="zext_ln126_9_fu_1207">
<pin_list>
<pin id="1208" dir="0" index="0" bw="10" slack="0"/>
<pin id="1209" dir="1" index="1" bw="64" slack="0"/>
</pin_list>
<bind>
<opcode="zext(34) " fcode="zext"/>
<opset="zext_ln126_9/8 "/>
</bind>
</comp>

<comp id="1212" class="1004" name="tmp_8_fu_1212">
<pin_list>
<pin id="1213" dir="0" index="0" bw="10" slack="0"/>
<pin id="1214" dir="0" index="1" bw="5" slack="6"/>
<pin id="1215" dir="0" index="2" bw="5" slack="7"/>
<pin id="1216" dir="1" index="3" bw="10" slack="0"/>
</pin_list>
<bind>
<opcode="bitconcatenate(1004) " fcode="bitconcatenate"/>
<opset="tmp_8/8 "/>
</bind>
</comp>

<comp id="1218" class="1004" name="zext_ln126_38_fu_1218">
<pin_list>
<pin id="1219" dir="0" index="0" bw="10" slack="0"/>
<pin id="1220" dir="1" index="1" bw="64" slack="0"/>
</pin_list>
<bind>
<opcode="zext(34) " fcode="zext"/>
<opset="zext_ln126_38/8 "/>
</bind>
</comp>

<comp id="1223" class="1004" name="zext_ln126_fu_1223">
<pin_list>
<pin id="1224" dir="0" index="0" bw="8" slack="0"/>
<pin id="1225" dir="1" index="1" bw="15" slack="0"/>
</pin_list>
<bind>
<opcode="zext(34) " fcode="zext"/>
<opset="zext_ln126/8 "/>
</bind>
</comp>

<comp id="1227" class="1004" name="sext_ln85_12_fu_1227">
<pin_list>
<pin id="1228" dir="0" index="0" bw="16" slack="1"/>
<pin id="1229" dir="1" index="1" bw="17" slack="0"/>
</pin_list>
<bind>
<opcode="sext(35) " fcode="sext"/>
<opset="sext_ln85_12/8 "/>
</bind>
</comp>

<comp id="1230" class="1004" name="sext_ln85_36_fu_1230">
<pin_list>
<pin id="1231" dir="0" index="0" bw="16" slack="4"/>
<pin id="1232" dir="1" index="1" bw="17" slack="0"/>
</pin_list>
<bind>
<opcode="sext(35) " fcode="sext"/>
<opset="sext_ln85_36/8 "/>
</bind>
</comp>

<comp id="1233" class="1004" name="zext_ln85_21_fu_1233">
<pin_list>
<pin id="1234" dir="0" index="0" bw="16" slack="0"/>
<pin id="1235" dir="1" index="1" bw="17" slack="0"/>
</pin_list>
<bind>
<opcode="zext(34) " fcode="zext"/>
<opset="zext_ln85_21/8 "/>
</bind>
</comp>

<comp id="1236" class="1004" name="tmp_9_fu_1236">
<pin_list>
<pin id="1237" dir="0" index="0" bw="10" slack="0"/>
<pin id="1238" dir="0" index="1" bw="5" slack="7"/>
<pin id="1239" dir="0" index="2" bw="5" slack="8"/>
<pin id="1240" dir="1" index="3" bw="10" slack="0"/>
</pin_list>
<bind>
<opcode="bitconcatenate(1004) " fcode="bitconcatenate"/>
<opset="tmp_9/9 "/>
</bind>
</comp>

<comp id="1242" class="1004" name="zext_ln126_43_fu_1242">
<pin_list>
<pin id="1243" dir="0" index="0" bw="10" slack="0"/>
<pin id="1244" dir="1" index="1" bw="64" slack="0"/>
</pin_list>
<bind>
<opcode="zext(34) " fcode="zext"/>
<opset="zext_ln126_43/9 "/>
</bind>
</comp>

<comp id="1247" class="1004" name="tmp_13_fu_1247">
<pin_list>
<pin id="1248" dir="0" index="0" bw="10" slack="0"/>
<pin id="1249" dir="0" index="1" bw="5" slack="7"/>
<pin id="1250" dir="0" index="2" bw="5" slack="8"/>
<pin id="1251" dir="1" index="3" bw="10" slack="0"/>
</pin_list>
<bind>
<opcode="bitconcatenate(1004) " fcode="bitconcatenate"/>
<opset="tmp_13/9 "/>
</bind>
</comp>

<comp id="1253" class="1004" name="zext_ln126_48_fu_1253">
<pin_list>
<pin id="1254" dir="0" index="0" bw="10" slack="0"/>
<pin id="1255" dir="1" index="1" bw="64" slack="0"/>
</pin_list>
<bind>
<opcode="zext(34) " fcode="zext"/>
<opset="zext_ln126_48/9 "/>
</bind>
</comp>

<comp id="1258" class="1004" name="zext_ln126_20_fu_1258">
<pin_list>
<pin id="1259" dir="0" index="0" bw="8" slack="0"/>
<pin id="1260" dir="1" index="1" bw="15" slack="0"/>
</pin_list>
<bind>
<opcode="zext(34) " fcode="zext"/>
<opset="zext_ln126_20/9 "/>
</bind>
</comp>

<comp id="1262" class="1004" name="zext_ln126_26_fu_1262">
<pin_list>
<pin id="1263" dir="0" index="0" bw="8" slack="0"/>
<pin id="1264" dir="1" index="1" bw="15" slack="0"/>
</pin_list>
<bind>
<opcode="zext(34) " fcode="zext"/>
<opset="zext_ln126_26/9 "/>
</bind>
</comp>

<comp id="1266" class="1004" name="sext_ln85_62_fu_1266">
<pin_list>
<pin id="1267" dir="0" index="0" bw="18" slack="1"/>
<pin id="1268" dir="1" index="1" bw="19" slack="0"/>
</pin_list>
<bind>
<opcode="sext(35) " fcode="sext"/>
<opset="sext_ln85_62/9 "/>
</bind>
</comp>

<comp id="1269" class="1004" name="sext_ln85_63_fu_1269">
<pin_list>
<pin id="1270" dir="0" index="0" bw="17" slack="0"/>
<pin id="1271" dir="1" index="1" bw="19" slack="0"/>
</pin_list>
<bind>
<opcode="sext(35) " fcode="sext"/>
<opset="sext_ln85_63/9 "/>
</bind>
</comp>

<comp id="1272" class="1004" name="add_ln85_41_fu_1272">
<pin_list>
<pin id="1273" dir="0" index="0" bw="17" slack="0"/>
<pin id="1274" dir="0" index="1" bw="18" slack="0"/>
<pin id="1275" dir="1" index="2" bw="19" slack="10"/>
</pin_list>
<bind>
<opcode="add(8) " fcode="add"/>
<opset="add_ln85_41/9 "/>
</bind>
</comp>

<comp id="1278" class="1004" name="tmp_16_fu_1278">
<pin_list>
<pin id="1279" dir="0" index="0" bw="10" slack="0"/>
<pin id="1280" dir="0" index="1" bw="5" slack="9"/>
<pin id="1281" dir="0" index="2" bw="5" slack="7"/>
<pin id="1282" dir="1" index="3" bw="10" slack="0"/>
</pin_list>
<bind>
<opcode="bitconcatenate(1004) " fcode="bitconcatenate"/>
<opset="tmp_16/10 "/>
</bind>
</comp>

<comp id="1284" class="1004" name="zext_ln126_51_fu_1284">
<pin_list>
<pin id="1285" dir="0" index="0" bw="10" slack="0"/>
<pin id="1286" dir="1" index="1" bw="64" slack="0"/>
</pin_list>
<bind>
<opcode="zext(34) " fcode="zext"/>
<opset="zext_ln126_51/10 "/>
</bind>
</comp>

<comp id="1289" class="1004" name="tmp_26_fu_1289">
<pin_list>
<pin id="1290" dir="0" index="0" bw="10" slack="0"/>
<pin id="1291" dir="0" index="1" bw="5" slack="9"/>
<pin id="1292" dir="0" index="2" bw="5" slack="6"/>
<pin id="1293" dir="1" index="3" bw="10" slack="0"/>
</pin_list>
<bind>
<opcode="bitconcatenate(1004) " fcode="bitconcatenate"/>
<opset="tmp_26/10 "/>
</bind>
</comp>

<comp id="1295" class="1004" name="zext_ln126_61_fu_1295">
<pin_list>
<pin id="1296" dir="0" index="0" bw="10" slack="0"/>
<pin id="1297" dir="1" index="1" bw="64" slack="0"/>
</pin_list>
<bind>
<opcode="zext(34) " fcode="zext"/>
<opset="zext_ln126_61/10 "/>
</bind>
</comp>

<comp id="1300" class="1004" name="zext_ln126_14_fu_1300">
<pin_list>
<pin id="1301" dir="0" index="0" bw="8" slack="8"/>
<pin id="1302" dir="1" index="1" bw="14" slack="0"/>
</pin_list>
<bind>
<opcode="zext(34) " fcode="zext"/>
<opset="zext_ln126_14/10 "/>
</bind>
</comp>

<comp id="1304" class="1004" name="zext_ln126_17_fu_1304">
<pin_list>
<pin id="1305" dir="0" index="0" bw="8" slack="5"/>
<pin id="1306" dir="1" index="1" bw="15" slack="0"/>
</pin_list>
<bind>
<opcode="zext(34) " fcode="zext"/>
<opset="zext_ln126_17/10 "/>
</bind>
</comp>

<comp id="1308" class="1004" name="zext_ln126_32_fu_1308">
<pin_list>
<pin id="1309" dir="0" index="0" bw="8" slack="0"/>
<pin id="1310" dir="1" index="1" bw="16" slack="0"/>
</pin_list>
<bind>
<opcode="zext(34) " fcode="zext"/>
<opset="zext_ln126_32/10 "/>
</bind>
</comp>

<comp id="1312" class="1004" name="sext_ln85_25_fu_1312">
<pin_list>
<pin id="1313" dir="0" index="0" bw="17" slack="5"/>
<pin id="1314" dir="1" index="1" bw="18" slack="0"/>
</pin_list>
<bind>
<opcode="sext(35) " fcode="sext"/>
<opset="sext_ln85_25/10 "/>
</bind>
</comp>

<comp id="1315" class="1004" name="tmp_17_fu_1315">
<pin_list>
<pin id="1316" dir="0" index="0" bw="10" slack="0"/>
<pin id="1317" dir="0" index="1" bw="5" slack="9"/>
<pin id="1318" dir="0" index="2" bw="5" slack="8"/>
<pin id="1319" dir="1" index="3" bw="10" slack="0"/>
</pin_list>
<bind>
<opcode="bitconcatenate(1004) " fcode="bitconcatenate"/>
<opset="tmp_17/11 "/>
</bind>
</comp>

<comp id="1321" class="1004" name="zext_ln126_52_fu_1321">
<pin_list>
<pin id="1322" dir="0" index="0" bw="10" slack="0"/>
<pin id="1323" dir="1" index="1" bw="64" slack="0"/>
</pin_list>
<bind>
<opcode="zext(34) " fcode="zext"/>
<opset="zext_ln126_52/11 "/>
</bind>
</comp>

<comp id="1326" class="1004" name="tmp_22_fu_1326">
<pin_list>
<pin id="1327" dir="0" index="0" bw="10" slack="0"/>
<pin id="1328" dir="0" index="1" bw="5" slack="9"/>
<pin id="1329" dir="0" index="2" bw="5" slack="8"/>
<pin id="1330" dir="1" index="3" bw="10" slack="0"/>
</pin_list>
<bind>
<opcode="bitconcatenate(1004) " fcode="bitconcatenate"/>
<opset="tmp_22/11 "/>
</bind>
</comp>

<comp id="1332" class="1004" name="zext_ln126_57_fu_1332">
<pin_list>
<pin id="1333" dir="0" index="0" bw="10" slack="0"/>
<pin id="1334" dir="1" index="1" bw="64" slack="0"/>
</pin_list>
<bind>
<opcode="zext(34) " fcode="zext"/>
<opset="zext_ln126_57/11 "/>
</bind>
</comp>

<comp id="1337" class="1004" name="zext_ln126_12_fu_1337">
<pin_list>
<pin id="1338" dir="0" index="0" bw="8" slack="3"/>
<pin id="1339" dir="1" index="1" bw="15" slack="0"/>
</pin_list>
<bind>
<opcode="zext(34) " fcode="zext"/>
<opset="zext_ln126_12/11 "/>
</bind>
</comp>

<comp id="1340" class="1004" name="zext_ln126_15_fu_1340">
<pin_list>
<pin id="1341" dir="0" index="0" bw="8" slack="0"/>
<pin id="1342" dir="1" index="1" bw="14" slack="0"/>
</pin_list>
<bind>
<opcode="zext(34) " fcode="zext"/>
<opset="zext_ln126_15/11 "/>
</bind>
</comp>

<comp id="1344" class="1004" name="zext_ln126_21_fu_1344">
<pin_list>
<pin id="1345" dir="0" index="0" bw="8" slack="8"/>
<pin id="1346" dir="1" index="1" bw="15" slack="0"/>
</pin_list>
<bind>
<opcode="zext(34) " fcode="zext"/>
<opset="zext_ln126_21/11 "/>
</bind>
</comp>

<comp id="1348" class="1004" name="zext_ln126_28_fu_1348">
<pin_list>
<pin id="1349" dir="0" index="0" bw="8" slack="1"/>
<pin id="1350" dir="1" index="1" bw="16" slack="0"/>
</pin_list>
<bind>
<opcode="zext(34) " fcode="zext"/>
<opset="zext_ln126_28/11 "/>
</bind>
</comp>

<comp id="1352" class="1004" name="sext_ln85_3_fu_1352">
<pin_list>
<pin id="1353" dir="0" index="0" bw="16" slack="5"/>
<pin id="1354" dir="1" index="1" bw="17" slack="0"/>
</pin_list>
<bind>
<opcode="sext(35) " fcode="sext"/>
<opset="sext_ln85_3/11 "/>
</bind>
</comp>

<comp id="1355" class="1004" name="mul_ln85_20_fu_1355">
<pin_list>
<pin id="1356" dir="0" index="0" bw="8" slack="0"/>
<pin id="1357" dir="0" index="1" bw="8" slack="10"/>
<pin id="1358" dir="1" index="2" bw="16" slack="0"/>
</pin_list>
<bind>
<opcode="mul(12) " fcode="mul"/>
<opset="mul_ln85_20/11 "/>
</bind>
</comp>

<comp id="1360" class="1004" name="sext_ln85_9_fu_1360">
<pin_list>
<pin id="1361" dir="0" index="0" bw="16" slack="0"/>
<pin id="1362" dir="1" index="1" bw="17" slack="0"/>
</pin_list>
<bind>
<opcode="sext(35) " fcode="sext"/>
<opset="sext_ln85_9/11 "/>
</bind>
</comp>

<comp id="1364" class="1004" name="sext_ln85_26_fu_1364">
<pin_list>
<pin id="1365" dir="0" index="0" bw="18" slack="0"/>
<pin id="1366" dir="1" index="1" bw="19" slack="0"/>
</pin_list>
<bind>
<opcode="sext(35) " fcode="sext"/>
<opset="sext_ln85_26/11 "/>
</bind>
</comp>

<comp id="1367" class="1004" name="sext_ln85_28_fu_1367">
<pin_list>
<pin id="1368" dir="0" index="0" bw="18" slack="3"/>
<pin id="1369" dir="1" index="1" bw="19" slack="0"/>
</pin_list>
<bind>
<opcode="sext(35) " fcode="sext"/>
<opset="sext_ln85_28/11 "/>
</bind>
</comp>

<comp id="1370" class="1004" name="add_ln85_16_fu_1370">
<pin_list>
<pin id="1371" dir="0" index="0" bw="18" slack="0"/>
<pin id="1372" dir="0" index="1" bw="18" slack="0"/>
<pin id="1373" dir="1" index="2" bw="19" slack="5"/>
</pin_list>
<bind>
<opcode="add(8) " fcode="add"/>
<opset="add_ln85_16/11 "/>
</bind>
</comp>

<comp id="1376" class="1004" name="tmp_23_fu_1376">
<pin_list>
<pin id="1377" dir="0" index="0" bw="10" slack="0"/>
<pin id="1378" dir="0" index="1" bw="5" slack="10"/>
<pin id="1379" dir="0" index="2" bw="5" slack="9"/>
<pin id="1380" dir="1" index="3" bw="10" slack="0"/>
</pin_list>
<bind>
<opcode="bitconcatenate(1004) " fcode="bitconcatenate"/>
<opset="tmp_23/12 "/>
</bind>
</comp>

<comp id="1382" class="1004" name="zext_ln126_58_fu_1382">
<pin_list>
<pin id="1383" dir="0" index="0" bw="10" slack="0"/>
<pin id="1384" dir="1" index="1" bw="64" slack="0"/>
</pin_list>
<bind>
<opcode="zext(34) " fcode="zext"/>
<opset="zext_ln126_58/12 "/>
</bind>
</comp>

<comp id="1387" class="1004" name="tmp_27_fu_1387">
<pin_list>
<pin id="1388" dir="0" index="0" bw="10" slack="0"/>
<pin id="1389" dir="0" index="1" bw="5" slack="10"/>
<pin id="1390" dir="0" index="2" bw="5" slack="8"/>
<pin id="1391" dir="1" index="3" bw="10" slack="0"/>
</pin_list>
<bind>
<opcode="bitconcatenate(1004) " fcode="bitconcatenate"/>
<opset="tmp_27/12 "/>
</bind>
</comp>

<comp id="1393" class="1004" name="zext_ln126_62_fu_1393">
<pin_list>
<pin id="1394" dir="0" index="0" bw="10" slack="0"/>
<pin id="1395" dir="1" index="1" bw="64" slack="0"/>
</pin_list>
<bind>
<opcode="zext(34) " fcode="zext"/>
<opset="zext_ln126_62/12 "/>
</bind>
</comp>

<comp id="1398" class="1004" name="zext_ln126_16_fu_1398">
<pin_list>
<pin id="1399" dir="0" index="0" bw="8" slack="1"/>
<pin id="1400" dir="1" index="1" bw="15" slack="0"/>
</pin_list>
<bind>
<opcode="zext(34) " fcode="zext"/>
<opset="zext_ln126_16/12 "/>
</bind>
</comp>

<comp id="1402" class="1004" name="zext_ln126_19_fu_1402">
<pin_list>
<pin id="1403" dir="0" index="0" bw="8" slack="1"/>
<pin id="1404" dir="1" index="1" bw="16" slack="0"/>
</pin_list>
<bind>
<opcode="zext(34) " fcode="zext"/>
<opset="zext_ln126_19/12 "/>
</bind>
</comp>

<comp id="1406" class="1004" name="zext_ln85_fu_1406">
<pin_list>
<pin id="1407" dir="0" index="0" bw="8" slack="5"/>
<pin id="1408" dir="1" index="1" bw="16" slack="0"/>
</pin_list>
<bind>
<opcode="zext(34) " fcode="zext"/>
<opset="zext_ln85/12 "/>
</bind>
</comp>

<comp id="1410" class="1004" name="mul_ln85_3_fu_1410">
<pin_list>
<pin id="1411" dir="0" index="0" bw="8" slack="0"/>
<pin id="1412" dir="0" index="1" bw="7" slack="11"/>
<pin id="1413" dir="1" index="2" bw="15" slack="0"/>
</pin_list>
<bind>
<opcode="mul(12) " fcode="mul"/>
<opset="mul_ln85_3/12 "/>
</bind>
</comp>

<comp id="1415" class="1004" name="zext_ln85_1_fu_1415">
<pin_list>
<pin id="1416" dir="0" index="0" bw="15" slack="0"/>
<pin id="1417" dir="1" index="1" bw="16" slack="0"/>
</pin_list>
<bind>
<opcode="zext(34) " fcode="zext"/>
<opset="zext_ln85_1/12 "/>
</bind>
</comp>

<comp id="1419" class="1004" name="sext_ln85_16_fu_1419">
<pin_list>
<pin id="1420" dir="0" index="0" bw="17" slack="3"/>
<pin id="1421" dir="1" index="1" bw="18" slack="0"/>
</pin_list>
<bind>
<opcode="sext(35) " fcode="sext"/>
<opset="sext_ln85_16/12 "/>
</bind>
</comp>

<comp id="1422" class="1004" name="mul_ln85_29_fu_1422">
<pin_list>
<pin id="1423" dir="0" index="0" bw="8" slack="0"/>
<pin id="1424" dir="0" index="1" bw="8" slack="11"/>
<pin id="1425" dir="1" index="2" bw="16" slack="0"/>
</pin_list>
<bind>
<opcode="mul(12) " fcode="mul"/>
<opset="mul_ln85_29/12 "/>
</bind>
</comp>

<comp id="1427" class="1004" name="sext_ln85_39_fu_1427">
<pin_list>
<pin id="1428" dir="0" index="0" bw="16" slack="0"/>
<pin id="1429" dir="1" index="1" bw="17" slack="0"/>
</pin_list>
<bind>
<opcode="sext(35) " fcode="sext"/>
<opset="sext_ln85_39/12 "/>
</bind>
</comp>

<comp id="1431" class="1004" name="tmp_19_fu_1431">
<pin_list>
<pin id="1432" dir="0" index="0" bw="10" slack="0"/>
<pin id="1433" dir="0" index="1" bw="5" slack="11"/>
<pin id="1434" dir="0" index="2" bw="5" slack="10"/>
<pin id="1435" dir="1" index="3" bw="10" slack="0"/>
</pin_list>
<bind>
<opcode="bitconcatenate(1004) " fcode="bitconcatenate"/>
<opset="tmp_19/13 "/>
</bind>
</comp>

<comp id="1437" class="1004" name="zext_ln126_54_fu_1437">
<pin_list>
<pin id="1438" dir="0" index="0" bw="10" slack="0"/>
<pin id="1439" dir="1" index="1" bw="64" slack="0"/>
</pin_list>
<bind>
<opcode="zext(34) " fcode="zext"/>
<opset="zext_ln126_54/13 "/>
</bind>
</comp>

<comp id="1442" class="1004" name="tmp_24_fu_1442">
<pin_list>
<pin id="1443" dir="0" index="0" bw="10" slack="0"/>
<pin id="1444" dir="0" index="1" bw="5" slack="11"/>
<pin id="1445" dir="0" index="2" bw="5" slack="10"/>
<pin id="1446" dir="1" index="3" bw="10" slack="0"/>
</pin_list>
<bind>
<opcode="bitconcatenate(1004) " fcode="bitconcatenate"/>
<opset="tmp_24/13 "/>
</bind>
</comp>

<comp id="1448" class="1004" name="zext_ln126_59_fu_1448">
<pin_list>
<pin id="1449" dir="0" index="0" bw="10" slack="0"/>
<pin id="1450" dir="1" index="1" bw="64" slack="0"/>
</pin_list>
<bind>
<opcode="zext(34) " fcode="zext"/>
<opset="zext_ln126_59/13 "/>
</bind>
</comp>

<comp id="1453" class="1004" name="zext_ln126_23_fu_1453">
<pin_list>
<pin id="1454" dir="0" index="0" bw="8" slack="1"/>
<pin id="1455" dir="1" index="1" bw="16" slack="0"/>
</pin_list>
<bind>
<opcode="zext(34) " fcode="zext"/>
<opset="zext_ln126_23/13 "/>
</bind>
</comp>

<comp id="1457" class="1004" name="zext_ln126_24_fu_1457">
<pin_list>
<pin id="1458" dir="0" index="0" bw="8" slack="1"/>
<pin id="1459" dir="1" index="1" bw="16" slack="0"/>
</pin_list>
<bind>
<opcode="zext(34) " fcode="zext"/>
<opset="zext_ln126_24/13 "/>
</bind>
</comp>

<comp id="1461" class="1004" name="zext_ln126_30_fu_1461">
<pin_list>
<pin id="1462" dir="0" index="0" bw="8" slack="0"/>
<pin id="1463" dir="1" index="1" bw="16" slack="0"/>
</pin_list>
<bind>
<opcode="zext(34) " fcode="zext"/>
<opset="zext_ln126_30/13 "/>
</bind>
</comp>

<comp id="1465" class="1004" name="mul_ln85_1_fu_1465">
<pin_list>
<pin id="1466" dir="0" index="0" bw="8" slack="0"/>
<pin id="1467" dir="0" index="1" bw="8" slack="12"/>
<pin id="1468" dir="1" index="2" bw="16" slack="0"/>
</pin_list>
<bind>
<opcode="mul(12) " fcode="mul"/>
<opset="mul_ln85_1/13 "/>
</bind>
</comp>

<comp id="1470" class="1004" name="sext_ln85_1_fu_1470">
<pin_list>
<pin id="1471" dir="0" index="0" bw="16" slack="0"/>
<pin id="1472" dir="1" index="1" bw="17" slack="0"/>
</pin_list>
<bind>
<opcode="sext(35) " fcode="sext"/>
<opset="sext_ln85_1/13 "/>
</bind>
</comp>

<comp id="1474" class="1004" name="mul_ln85_5_fu_1474">
<pin_list>
<pin id="1475" dir="0" index="0" bw="8" slack="0"/>
<pin id="1476" dir="0" index="1" bw="8" slack="12"/>
<pin id="1477" dir="1" index="2" bw="16" slack="4"/>
</pin_list>
<bind>
<opcode="mul(12) " fcode="mul"/>
<opset="mul_ln85_5/13 "/>
</bind>
</comp>

<comp id="1479" class="1004" name="tmp_7_fu_1479">
<pin_list>
<pin id="1480" dir="0" index="0" bw="10" slack="0"/>
<pin id="1481" dir="0" index="1" bw="5" slack="13"/>
<pin id="1482" dir="0" index="2" bw="1" slack="0"/>
<pin id="1483" dir="1" index="3" bw="10" slack="0"/>
</pin_list>
<bind>
<opcode="bitconcatenate(1004) " fcode="bitconcatenate"/>
<opset="tmp_7/14 "/>
</bind>
</comp>

<comp id="1486" class="1004" name="tmp_1_fu_1486">
<pin_list>
<pin id="1487" dir="0" index="0" bw="10" slack="0"/>
<pin id="1488" dir="0" index="1" bw="5" slack="12"/>
<pin id="1489" dir="0" index="2" bw="1" slack="0"/>
<pin id="1490" dir="1" index="3" bw="10" slack="0"/>
</pin_list>
<bind>
<opcode="bitconcatenate(1004) " fcode="bitconcatenate"/>
<opset="tmp_1/14 "/>
</bind>
</comp>

<comp id="1493" class="1004" name="zext_ln126_25_fu_1493">
<pin_list>
<pin id="1494" dir="0" index="0" bw="8" slack="1"/>
<pin id="1495" dir="1" index="1" bw="16" slack="0"/>
</pin_list>
<bind>
<opcode="zext(34) " fcode="zext"/>
<opset="zext_ln126_25/14 "/>
</bind>
</comp>

<comp id="1497" class="1004" name="zext_ln126_27_fu_1497">
<pin_list>
<pin id="1498" dir="0" index="0" bw="8" slack="4"/>
<pin id="1499" dir="1" index="1" bw="15" slack="0"/>
</pin_list>
<bind>
<opcode="zext(34) " fcode="zext"/>
<opset="zext_ln126_27/14 "/>
</bind>
</comp>

<comp id="1501" class="1004" name="zext_ln126_35_fu_1501">
<pin_list>
<pin id="1502" dir="0" index="0" bw="8" slack="0"/>
<pin id="1503" dir="1" index="1" bw="15" slack="0"/>
</pin_list>
<bind>
<opcode="zext(34) " fcode="zext"/>
<opset="zext_ln126_35/14 "/>
</bind>
</comp>

<comp id="1505" class="1004" name="mul_ln85_9_fu_1505">
<pin_list>
<pin id="1506" dir="0" index="0" bw="8" slack="2"/>
<pin id="1507" dir="0" index="1" bw="8" slack="13"/>
<pin id="1508" dir="1" index="2" bw="16" slack="0"/>
</pin_list>
<bind>
<opcode="mul(12) " fcode="mul"/>
<opset="mul_ln85_9/14 "/>
</bind>
</comp>

<comp id="1509" class="1004" name="sext_ln85_6_fu_1509">
<pin_list>
<pin id="1510" dir="0" index="0" bw="16" slack="0"/>
<pin id="1511" dir="1" index="1" bw="17" slack="0"/>
</pin_list>
<bind>
<opcode="sext(35) " fcode="sext"/>
<opset="sext_ln85_6/14 "/>
</bind>
</comp>

<comp id="1513" class="1004" name="add_ln126_4_fu_1513">
<pin_list>
<pin id="1514" dir="0" index="0" bw="10" slack="0"/>
<pin id="1515" dir="0" index="1" bw="6" slack="8"/>
<pin id="1516" dir="1" index="2" bw="10" slack="0"/>
</pin_list>
<bind>
<opcode="add(8) " fcode="add"/>
<opset="add_ln126_4/14 "/>
</bind>
</comp>

<comp id="1518" class="1004" name="zext_ln126_66_fu_1518">
<pin_list>
<pin id="1519" dir="0" index="0" bw="10" slack="0"/>
<pin id="1520" dir="1" index="1" bw="64" slack="0"/>
</pin_list>
<bind>
<opcode="zext(34) " fcode="zext"/>
<opset="zext_ln126_66/14 "/>
</bind>
</comp>

<comp id="1523" class="1004" name="add_ln126_6_fu_1523">
<pin_list>
<pin id="1524" dir="0" index="0" bw="10" slack="0"/>
<pin id="1525" dir="0" index="1" bw="6" slack="8"/>
<pin id="1526" dir="1" index="2" bw="10" slack="0"/>
</pin_list>
<bind>
<opcode="add(8) " fcode="add"/>
<opset="add_ln126_6/14 "/>
</bind>
</comp>

<comp id="1528" class="1004" name="zext_ln126_68_fu_1528">
<pin_list>
<pin id="1529" dir="0" index="0" bw="10" slack="0"/>
<pin id="1530" dir="1" index="1" bw="64" slack="0"/>
</pin_list>
<bind>
<opcode="zext(34) " fcode="zext"/>
<opset="zext_ln126_68/14 "/>
</bind>
</comp>

<comp id="1533" class="1004" name="mul_ln85_26_fu_1533">
<pin_list>
<pin id="1534" dir="0" index="0" bw="8" slack="0"/>
<pin id="1535" dir="0" index="1" bw="8" slack="13"/>
<pin id="1536" dir="1" index="2" bw="16" slack="0"/>
</pin_list>
<bind>
<opcode="mul(12) " fcode="mul"/>
<opset="mul_ln85_26/14 "/>
</bind>
</comp>

<comp id="1538" class="1004" name="sext_ln85_37_fu_1538">
<pin_list>
<pin id="1539" dir="0" index="0" bw="16" slack="0"/>
<pin id="1540" dir="1" index="1" bw="17" slack="0"/>
</pin_list>
<bind>
<opcode="sext(35) " fcode="sext"/>
<opset="sext_ln85_37/14 "/>
</bind>
</comp>

<comp id="1542" class="1004" name="tmp_2_fu_1542">
<pin_list>
<pin id="1543" dir="0" index="0" bw="10" slack="0"/>
<pin id="1544" dir="0" index="1" bw="5" slack="13"/>
<pin id="1545" dir="0" index="2" bw="1" slack="0"/>
<pin id="1546" dir="1" index="3" bw="10" slack="0"/>
</pin_list>
<bind>
<opcode="bitconcatenate(1004) " fcode="bitconcatenate"/>
<opset="tmp_2/15 "/>
</bind>
</comp>

<comp id="1549" class="1004" name="tmp_3_fu_1549">
<pin_list>
<pin id="1550" dir="0" index="0" bw="10" slack="0"/>
<pin id="1551" dir="0" index="1" bw="5" slack="13"/>
<pin id="1552" dir="0" index="2" bw="1" slack="0"/>
<pin id="1553" dir="1" index="3" bw="10" slack="0"/>
</pin_list>
<bind>
<opcode="bitconcatenate(1004) " fcode="bitconcatenate"/>
<opset="tmp_3/15 "/>
</bind>
</comp>

<comp id="1556" class="1004" name="zext_ln126_22_fu_1556">
<pin_list>
<pin id="1557" dir="0" index="0" bw="8" slack="3"/>
<pin id="1558" dir="1" index="1" bw="15" slack="0"/>
</pin_list>
<bind>
<opcode="zext(34) " fcode="zext"/>
<opset="zext_ln126_22/15 "/>
</bind>
</comp>

<comp id="1560" class="1004" name="zext_ln126_34_fu_1560">
<pin_list>
<pin id="1561" dir="0" index="0" bw="8" slack="1"/>
<pin id="1562" dir="1" index="1" bw="16" slack="0"/>
</pin_list>
<bind>
<opcode="zext(34) " fcode="zext"/>
<opset="zext_ln126_34/15 "/>
</bind>
</comp>

<comp id="1564" class="1004" name="zext_ln126_37_fu_1564">
<pin_list>
<pin id="1565" dir="0" index="0" bw="8" slack="1"/>
<pin id="1566" dir="1" index="1" bw="16" slack="0"/>
</pin_list>
<bind>
<opcode="zext(34) " fcode="zext"/>
<opset="zext_ln126_37/15 "/>
</bind>
</comp>

<comp id="1568" class="1004" name="mul_ln85_10_fu_1568">
<pin_list>
<pin id="1569" dir="0" index="0" bw="8" slack="0"/>
<pin id="1570" dir="0" index="1" bw="8" slack="14"/>
<pin id="1571" dir="1" index="2" bw="16" slack="0"/>
</pin_list>
<bind>
<opcode="mul(12) " fcode="mul"/>
<opset="mul_ln85_10/15 "/>
</bind>
</comp>

<comp id="1573" class="1004" name="sext_ln85_18_fu_1573">
<pin_list>
<pin id="1574" dir="0" index="0" bw="17" slack="1"/>
<pin id="1575" dir="1" index="1" bw="18" slack="0"/>
</pin_list>
<bind>
<opcode="sext(35) " fcode="sext"/>
<opset="sext_ln85_18/15 "/>
</bind>
</comp>

<comp id="1576" class="1004" name="zext_ln85_10_fu_1576">
<pin_list>
<pin id="1577" dir="0" index="0" bw="16" slack="1"/>
<pin id="1578" dir="1" index="1" bw="19" slack="0"/>
</pin_list>
<bind>
<opcode="zext(34) " fcode="zext"/>
<opset="zext_ln85_10/15 "/>
</bind>
</comp>

<comp id="1579" class="1004" name="sext_ln85_30_fu_1579">
<pin_list>
<pin id="1580" dir="0" index="0" bw="17" slack="3"/>
<pin id="1581" dir="1" index="1" bw="18" slack="0"/>
</pin_list>
<bind>
<opcode="sext(35) " fcode="sext"/>
<opset="sext_ln85_30/15 "/>
</bind>
</comp>

<comp id="1582" class="1004" name="sext_ln85_31_fu_1582">
<pin_list>
<pin id="1583" dir="0" index="0" bw="17" slack="0"/>
<pin id="1584" dir="1" index="1" bw="18" slack="0"/>
</pin_list>
<bind>
<opcode="sext(35) " fcode="sext"/>
<opset="sext_ln85_31/15 "/>
</bind>
</comp>

<comp id="1585" class="1004" name="add_ln85_21_fu_1585">
<pin_list>
<pin id="1586" dir="0" index="0" bw="17" slack="0"/>
<pin id="1587" dir="0" index="1" bw="17" slack="0"/>
<pin id="1588" dir="1" index="2" bw="18" slack="0"/>
</pin_list>
<bind>
<opcode="add(8) " fcode="add"/>
<opset="add_ln85_21/15 "/>
</bind>
</comp>

<comp id="1591" class="1004" name="sext_ln85_32_fu_1591">
<pin_list>
<pin id="1592" dir="0" index="0" bw="18" slack="0"/>
<pin id="1593" dir="1" index="1" bw="19" slack="0"/>
</pin_list>
<bind>
<opcode="sext(35) " fcode="sext"/>
<opset="sext_ln85_32/15 "/>
</bind>
</comp>

<comp id="1595" class="1004" name="add_ln85_22_fu_1595">
<pin_list>
<pin id="1596" dir="0" index="0" bw="18" slack="0"/>
<pin id="1597" dir="0" index="1" bw="16" slack="0"/>
<pin id="1598" dir="1" index="2" bw="19" slack="1"/>
</pin_list>
<bind>
<opcode="add(8) " fcode="add"/>
<opset="add_ln85_22/15 "/>
</bind>
</comp>

<comp id="1601" class="1004" name="add_ln126_7_fu_1601">
<pin_list>
<pin id="1602" dir="0" index="0" bw="10" slack="0"/>
<pin id="1603" dir="0" index="1" bw="6" slack="9"/>
<pin id="1604" dir="1" index="2" bw="10" slack="0"/>
</pin_list>
<bind>
<opcode="add(8) " fcode="add"/>
<opset="add_ln126_7/15 "/>
</bind>
</comp>

<comp id="1606" class="1004" name="zext_ln126_69_fu_1606">
<pin_list>
<pin id="1607" dir="0" index="0" bw="10" slack="0"/>
<pin id="1608" dir="1" index="1" bw="64" slack="0"/>
</pin_list>
<bind>
<opcode="zext(34) " fcode="zext"/>
<opset="zext_ln126_69/15 "/>
</bind>
</comp>

<comp id="1611" class="1004" name="add_ln126_8_fu_1611">
<pin_list>
<pin id="1612" dir="0" index="0" bw="10" slack="0"/>
<pin id="1613" dir="0" index="1" bw="6" slack="9"/>
<pin id="1614" dir="1" index="2" bw="10" slack="0"/>
</pin_list>
<bind>
<opcode="add(8) " fcode="add"/>
<opset="add_ln126_8/15 "/>
</bind>
</comp>

<comp id="1616" class="1004" name="zext_ln126_70_fu_1616">
<pin_list>
<pin id="1617" dir="0" index="0" bw="10" slack="0"/>
<pin id="1618" dir="1" index="1" bw="64" slack="0"/>
</pin_list>
<bind>
<opcode="zext(34) " fcode="zext"/>
<opset="zext_ln126_70/15 "/>
</bind>
</comp>

<comp id="1621" class="1004" name="zext_ln126_40_fu_1621">
<pin_list>
<pin id="1622" dir="0" index="0" bw="8" slack="8"/>
<pin id="1623" dir="1" index="1" bw="16" slack="0"/>
</pin_list>
<bind>
<opcode="zext(34) " fcode="zext"/>
<opset="zext_ln126_40/15 "/>
</bind>
</comp>

<comp id="1625" class="1004" name="mul_ln85_38_fu_1625">
<pin_list>
<pin id="1626" dir="0" index="0" bw="8" slack="0"/>
<pin id="1627" dir="0" index="1" bw="8" slack="14"/>
<pin id="1628" dir="1" index="2" bw="16" slack="0"/>
</pin_list>
<bind>
<opcode="mul(12) " fcode="mul"/>
<opset="mul_ln85_38/15 "/>
</bind>
</comp>

<comp id="1630" class="1004" name="zext_ln126_36_fu_1630">
<pin_list>
<pin id="1631" dir="0" index="0" bw="8" slack="2"/>
<pin id="1632" dir="1" index="1" bw="15" slack="0"/>
</pin_list>
<bind>
<opcode="zext(34) " fcode="zext"/>
<opset="zext_ln126_36/16 "/>
</bind>
</comp>

<comp id="1634" class="1004" name="sext_ln85_14_fu_1634">
<pin_list>
<pin id="1635" dir="0" index="0" bw="16" slack="0"/>
<pin id="1636" dir="1" index="1" bw="17" slack="0"/>
</pin_list>
<bind>
<opcode="sext(35) " fcode="sext"/>
<opset="sext_ln85_14/16 "/>
</bind>
</comp>

<comp id="1637" class="1004" name="sext_ln85_29_fu_1637">
<pin_list>
<pin id="1638" dir="0" index="0" bw="19" slack="5"/>
<pin id="1639" dir="1" index="1" bw="20" slack="0"/>
</pin_list>
<bind>
<opcode="sext(35) " fcode="sext"/>
<opset="sext_ln85_29/16 "/>
</bind>
</comp>

<comp id="1640" class="1004" name="sext_ln85_33_fu_1640">
<pin_list>
<pin id="1641" dir="0" index="0" bw="19" slack="1"/>
<pin id="1642" dir="1" index="1" bw="20" slack="0"/>
</pin_list>
<bind>
<opcode="sext(35) " fcode="sext"/>
<opset="sext_ln85_33/16 "/>
</bind>
</comp>

<comp id="1643" class="1004" name="add_ln85_23_fu_1643">
<pin_list>
<pin id="1644" dir="0" index="0" bw="19" slack="0"/>
<pin id="1645" dir="0" index="1" bw="19" slack="0"/>
<pin id="1646" dir="1" index="2" bw="20" slack="3"/>
</pin_list>
<bind>
<opcode="add(8) " fcode="add"/>
<opset="add_ln85_23/16 "/>
</bind>
</comp>

<comp id="1649" class="1004" name="zext_ln126_39_fu_1649">
<pin_list>
<pin id="1650" dir="0" index="0" bw="8" slack="1"/>
<pin id="1651" dir="1" index="1" bw="16" slack="0"/>
</pin_list>
<bind>
<opcode="zext(34) " fcode="zext"/>
<opset="zext_ln126_39/16 "/>
</bind>
</comp>

<comp id="1653" class="1004" name="zext_ln126_41_fu_1653">
<pin_list>
<pin id="1654" dir="0" index="0" bw="8" slack="1"/>
<pin id="1655" dir="1" index="1" bw="16" slack="0"/>
</pin_list>
<bind>
<opcode="zext(34) " fcode="zext"/>
<opset="zext_ln126_41/16 "/>
</bind>
</comp>

<comp id="1657" class="1004" name="mul_ln85_30_fu_1657">
<pin_list>
<pin id="1658" dir="0" index="0" bw="8" slack="3"/>
<pin id="1659" dir="0" index="1" bw="8" slack="15"/>
<pin id="1660" dir="1" index="2" bw="16" slack="0"/>
</pin_list>
<bind>
<opcode="mul(12) " fcode="mul"/>
<opset="mul_ln85_30/16 "/>
</bind>
</comp>

<comp id="1661" class="1004" name="sext_ln85_40_fu_1661">
<pin_list>
<pin id="1662" dir="0" index="0" bw="16" slack="0"/>
<pin id="1663" dir="1" index="1" bw="17" slack="0"/>
</pin_list>
<bind>
<opcode="sext(35) " fcode="sext"/>
<opset="sext_ln85_40/16 "/>
</bind>
</comp>

<comp id="1665" class="1004" name="mul_ln85_48_fu_1665">
<pin_list>
<pin id="1666" dir="0" index="0" bw="8" slack="3"/>
<pin id="1667" dir="0" index="1" bw="8" slack="15"/>
<pin id="1668" dir="1" index="2" bw="16" slack="0"/>
</pin_list>
<bind>
<opcode="mul(12) " fcode="mul"/>
<opset="mul_ln85_48/16 "/>
</bind>
</comp>

<comp id="1669" class="1004" name="sext_ln85_48_fu_1669">
<pin_list>
<pin id="1670" dir="0" index="0" bw="16" slack="0"/>
<pin id="1671" dir="1" index="1" bw="17" slack="0"/>
</pin_list>
<bind>
<opcode="sext(35) " fcode="sext"/>
<opset="sext_ln85_48/16 "/>
</bind>
</comp>

<comp id="1673" class="1004" name="sext_ln85_4_fu_1673">
<pin_list>
<pin id="1674" dir="0" index="0" bw="16" slack="4"/>
<pin id="1675" dir="1" index="1" bw="17" slack="0"/>
</pin_list>
<bind>
<opcode="sext(35) " fcode="sext"/>
<opset="sext_ln85_4/17 "/>
</bind>
</comp>

<comp id="1676" class="1004" name="sext_ln85_15_fu_1676">
<pin_list>
<pin id="1677" dir="0" index="0" bw="17" slack="0"/>
<pin id="1678" dir="1" index="1" bw="18" slack="0"/>
</pin_list>
<bind>
<opcode="sext(35) " fcode="sext"/>
<opset="sext_ln85_15/17 "/>
</bind>
</comp>

<comp id="1679" class="1004" name="add_ln85_4_fu_1679">
<pin_list>
<pin id="1680" dir="0" index="0" bw="18" slack="4"/>
<pin id="1681" dir="0" index="1" bw="17" slack="0"/>
<pin id="1682" dir="1" index="2" bw="18" slack="2"/>
</pin_list>
<bind>
<opcode="add(8) " fcode="add"/>
<opset="add_ln85_4/17 "/>
</bind>
</comp>

<comp id="1684" class="1004" name="zext_ln126_42_fu_1684">
<pin_list>
<pin id="1685" dir="0" index="0" bw="8" slack="1"/>
<pin id="1686" dir="1" index="1" bw="16" slack="0"/>
</pin_list>
<bind>
<opcode="zext(34) " fcode="zext"/>
<opset="zext_ln126_42/17 "/>
</bind>
</comp>

<comp id="1688" class="1004" name="zext_ln85_11_fu_1688">
<pin_list>
<pin id="1689" dir="0" index="0" bw="8" slack="1"/>
<pin id="1690" dir="1" index="1" bw="16" slack="0"/>
</pin_list>
<bind>
<opcode="zext(34) " fcode="zext"/>
<opset="zext_ln85_11/17 "/>
</bind>
</comp>

<comp id="1692" class="1004" name="mul_ln85_41_fu_1692">
<pin_list>
<pin id="1693" dir="0" index="0" bw="8" slack="0"/>
<pin id="1694" dir="0" index="1" bw="8" slack="16"/>
<pin id="1695" dir="1" index="2" bw="16" slack="0"/>
</pin_list>
<bind>
<opcode="mul(12) " fcode="mul"/>
<opset="mul_ln85_41/17 "/>
</bind>
</comp>

<comp id="1697" class="1004" name="sext_ln85_44_fu_1697">
<pin_list>
<pin id="1698" dir="0" index="0" bw="16" slack="0"/>
<pin id="1699" dir="1" index="1" bw="17" slack="0"/>
</pin_list>
<bind>
<opcode="sext(35) " fcode="sext"/>
<opset="sext_ln85_44/17 "/>
</bind>
</comp>

<comp id="1701" class="1004" name="mul_ln85_49_fu_1701">
<pin_list>
<pin id="1702" dir="0" index="0" bw="8" slack="0"/>
<pin id="1703" dir="0" index="1" bw="8" slack="16"/>
<pin id="1704" dir="1" index="2" bw="16" slack="0"/>
</pin_list>
<bind>
<opcode="mul(12) " fcode="mul"/>
<opset="mul_ln85_49/17 "/>
</bind>
</comp>

<comp id="1706" class="1004" name="sext_ln85_49_fu_1706">
<pin_list>
<pin id="1707" dir="0" index="0" bw="16" slack="0"/>
<pin id="1708" dir="1" index="1" bw="17" slack="0"/>
</pin_list>
<bind>
<opcode="sext(35) " fcode="sext"/>
<opset="sext_ln85_49/17 "/>
</bind>
</comp>

<comp id="1710" class="1004" name="sext_ln85_56_fu_1710">
<pin_list>
<pin id="1711" dir="0" index="0" bw="17" slack="0"/>
<pin id="1712" dir="1" index="1" bw="18" slack="0"/>
</pin_list>
<bind>
<opcode="sext(35) " fcode="sext"/>
<opset="sext_ln85_56/17 "/>
</bind>
</comp>

<comp id="1713" class="1004" name="sext_ln85_57_fu_1713">
<pin_list>
<pin id="1714" dir="0" index="0" bw="17" slack="8"/>
<pin id="1715" dir="1" index="1" bw="18" slack="0"/>
</pin_list>
<bind>
<opcode="sext(35) " fcode="sext"/>
<opset="sext_ln85_57/17 "/>
</bind>
</comp>

<comp id="1716" class="1004" name="add_ln85_34_fu_1716">
<pin_list>
<pin id="1717" dir="0" index="0" bw="17" slack="0"/>
<pin id="1718" dir="0" index="1" bw="17" slack="0"/>
<pin id="1719" dir="1" index="2" bw="18" slack="2"/>
</pin_list>
<bind>
<opcode="add(8) " fcode="add"/>
<opset="add_ln85_34/17 "/>
</bind>
</comp>

<comp id="1722" class="1004" name="sext_ln85_19_fu_1722">
<pin_list>
<pin id="1723" dir="0" index="0" bw="18" slack="2"/>
<pin id="1724" dir="1" index="1" bw="19" slack="0"/>
</pin_list>
<bind>
<opcode="sext(35) " fcode="sext"/>
<opset="sext_ln85_19/18 "/>
</bind>
</comp>

<comp id="1725" class="1004" name="sext_ln85_20_fu_1725">
<pin_list>
<pin id="1726" dir="0" index="0" bw="17" slack="0"/>
<pin id="1727" dir="1" index="1" bw="18" slack="0"/>
</pin_list>
<bind>
<opcode="sext(35) " fcode="sext"/>
<opset="sext_ln85_20/18 "/>
</bind>
</comp>

<comp id="1728" class="1004" name="sext_ln85_21_fu_1728">
<pin_list>
<pin id="1729" dir="0" index="0" bw="17" slack="6"/>
<pin id="1730" dir="1" index="1" bw="18" slack="0"/>
</pin_list>
<bind>
<opcode="sext(35) " fcode="sext"/>
<opset="sext_ln85_21/18 "/>
</bind>
</comp>

<comp id="1731" class="1004" name="add_ln85_9_fu_1731">
<pin_list>
<pin id="1732" dir="0" index="0" bw="17" slack="0"/>
<pin id="1733" dir="0" index="1" bw="17" slack="0"/>
<pin id="1734" dir="1" index="2" bw="18" slack="0"/>
</pin_list>
<bind>
<opcode="add(8) " fcode="add"/>
<opset="add_ln85_9/18 "/>
</bind>
</comp>

<comp id="1737" class="1004" name="sext_ln85_22_fu_1737">
<pin_list>
<pin id="1738" dir="0" index="0" bw="18" slack="0"/>
<pin id="1739" dir="1" index="1" bw="19" slack="0"/>
</pin_list>
<bind>
<opcode="sext(35) " fcode="sext"/>
<opset="sext_ln85_22/18 "/>
</bind>
</comp>

<comp id="1741" class="1004" name="add_ln85_10_fu_1741">
<pin_list>
<pin id="1742" dir="0" index="0" bw="18" slack="0"/>
<pin id="1743" dir="0" index="1" bw="18" slack="0"/>
<pin id="1744" dir="1" index="2" bw="19" slack="1"/>
</pin_list>
<bind>
<opcode="add(8) " fcode="add"/>
<opset="add_ln85_10/18 "/>
</bind>
</comp>

<comp id="1747" class="1004" name="sext_ln85_50_fu_1747">
<pin_list>
<pin id="1748" dir="0" index="0" bw="17" slack="0"/>
<pin id="1749" dir="1" index="1" bw="18" slack="0"/>
</pin_list>
<bind>
<opcode="sext(35) " fcode="sext"/>
<opset="sext_ln85_50/18 "/>
</bind>
</comp>

<comp id="1750" class="1004" name="sext_ln85_52_fu_1750">
<pin_list>
<pin id="1751" dir="0" index="0" bw="16" slack="2"/>
<pin id="1752" dir="1" index="1" bw="17" slack="0"/>
</pin_list>
<bind>
<opcode="sext(35) " fcode="sext"/>
<opset="sext_ln85_52/18 "/>
</bind>
</comp>

<comp id="1753" class="1004" name="sext_ln85_65_fu_1753">
<pin_list>
<pin id="1754" dir="0" index="0" bw="17" slack="4"/>
<pin id="1755" dir="1" index="1" bw="19" slack="0"/>
</pin_list>
<bind>
<opcode="sext(35) " fcode="sext"/>
<opset="sext_ln85_65/18 "/>
</bind>
</comp>

<comp id="1756" class="1004" name="sext_ln85_66_fu_1756">
<pin_list>
<pin id="1757" dir="0" index="0" bw="17" slack="1"/>
<pin id="1758" dir="1" index="1" bw="18" slack="0"/>
</pin_list>
<bind>
<opcode="sext(35) " fcode="sext"/>
<opset="sext_ln85_66/18 "/>
</bind>
</comp>

<comp id="1759" class="1004" name="sext_ln85_67_fu_1759">
<pin_list>
<pin id="1760" dir="0" index="0" bw="17" slack="0"/>
<pin id="1761" dir="1" index="1" bw="18" slack="0"/>
</pin_list>
<bind>
<opcode="sext(35) " fcode="sext"/>
<opset="sext_ln85_67/18 "/>
</bind>
</comp>

<comp id="1762" class="1004" name="add_ln85_46_fu_1762">
<pin_list>
<pin id="1763" dir="0" index="0" bw="17" slack="0"/>
<pin id="1764" dir="0" index="1" bw="17" slack="0"/>
<pin id="1765" dir="1" index="2" bw="18" slack="0"/>
</pin_list>
<bind>
<opcode="add(8) " fcode="add"/>
<opset="add_ln85_46/18 "/>
</bind>
</comp>

<comp id="1768" class="1004" name="sext_ln85_68_fu_1768">
<pin_list>
<pin id="1769" dir="0" index="0" bw="18" slack="0"/>
<pin id="1770" dir="1" index="1" bw="19" slack="0"/>
</pin_list>
<bind>
<opcode="sext(35) " fcode="sext"/>
<opset="sext_ln85_68/18 "/>
</bind>
</comp>

<comp id="1772" class="1004" name="add_ln85_47_fu_1772">
<pin_list>
<pin id="1773" dir="0" index="0" bw="18" slack="0"/>
<pin id="1774" dir="0" index="1" bw="17" slack="0"/>
<pin id="1775" dir="1" index="2" bw="19" slack="1"/>
</pin_list>
<bind>
<opcode="add(8) " fcode="add"/>
<opset="add_ln85_47/18 "/>
</bind>
</comp>

<comp id="1778" class="1004" name="zext_ln131_fu_1778">
<pin_list>
<pin id="1779" dir="0" index="0" bw="4" slack="18"/>
<pin id="1780" dir="1" index="1" bw="8" slack="0"/>
</pin_list>
<bind>
<opcode="zext(34) " fcode="zext"/>
<opset="zext_ln131/19 "/>
</bind>
</comp>

<comp id="1781" class="1004" name="add_ln131_fu_1781">
<pin_list>
<pin id="1782" dir="0" index="0" bw="7" slack="18"/>
<pin id="1783" dir="0" index="1" bw="4" slack="0"/>
<pin id="1784" dir="1" index="2" bw="8" slack="0"/>
</pin_list>
<bind>
<opcode="add(8) " fcode="add"/>
<opset="add_ln131/19 "/>
</bind>
</comp>

<comp id="1786" class="1004" name="trunc_ln131_fu_1786">
<pin_list>
<pin id="1787" dir="0" index="0" bw="8" slack="0"/>
<pin id="1788" dir="1" index="1" bw="6" slack="0"/>
</pin_list>
<bind>
<opcode="trunc(33) " fcode="trunc"/>
<opset="trunc_ln131/19 "/>
</bind>
</comp>

<comp id="1790" class="1004" name="p_shl2_fu_1790">
<pin_list>
<pin id="1791" dir="0" index="0" bw="11" slack="0"/>
<pin id="1792" dir="0" index="1" bw="6" slack="0"/>
<pin id="1793" dir="0" index="2" bw="1" slack="0"/>
<pin id="1794" dir="1" index="3" bw="11" slack="0"/>
</pin_list>
<bind>
<opcode="bitconcatenate(1004) " fcode="bitconcatenate"/>
<opset="p_shl2/19 "/>
</bind>
</comp>

<comp id="1798" class="1004" name="tmp_fu_1798">
<pin_list>
<pin id="1799" dir="0" index="0" bw="10" slack="0"/>
<pin id="1800" dir="0" index="1" bw="8" slack="0"/>
<pin id="1801" dir="0" index="2" bw="1" slack="0"/>
<pin id="1802" dir="1" index="3" bw="10" slack="0"/>
</pin_list>
<bind>
<opcode="bitconcatenate(1004) " fcode="bitconcatenate"/>
<opset="tmp/19 "/>
</bind>
</comp>

<comp id="1806" class="1004" name="sext_ln131_fu_1806">
<pin_list>
<pin id="1807" dir="0" index="0" bw="10" slack="0"/>
<pin id="1808" dir="1" index="1" bw="11" slack="0"/>
</pin_list>
<bind>
<opcode="sext(35) " fcode="sext"/>
<opset="sext_ln131/19 "/>
</bind>
</comp>

<comp id="1810" class="1004" name="sub_ln131_1_fu_1810">
<pin_list>
<pin id="1811" dir="0" index="0" bw="11" slack="0"/>
<pin id="1812" dir="0" index="1" bw="10" slack="0"/>
<pin id="1813" dir="1" index="2" bw="11" slack="1"/>
</pin_list>
<bind>
<opcode="sub(10) " fcode="sub"/>
<opset="sub_ln131_1/19 "/>
</bind>
</comp>

<comp id="1816" class="1004" name="sext_ln85_17_fu_1816">
<pin_list>
<pin id="1817" dir="0" index="0" bw="18" slack="2"/>
<pin id="1818" dir="1" index="1" bw="20" slack="0"/>
</pin_list>
<bind>
<opcode="sext(35) " fcode="sext"/>
<opset="sext_ln85_17/19 "/>
</bind>
</comp>

<comp id="1819" class="1004" name="sext_ln85_23_fu_1819">
<pin_list>
<pin id="1820" dir="0" index="0" bw="19" slack="1"/>
<pin id="1821" dir="1" index="1" bw="20" slack="0"/>
</pin_list>
<bind>
<opcode="sext(35) " fcode="sext"/>
<opset="sext_ln85_23/19 "/>
</bind>
</comp>

<comp id="1822" class="1004" name="add_ln85_11_fu_1822">
<pin_list>
<pin id="1823" dir="0" index="0" bw="19" slack="0"/>
<pin id="1824" dir="0" index="1" bw="18" slack="0"/>
<pin id="1825" dir="1" index="2" bw="20" slack="0"/>
</pin_list>
<bind>
<opcode="add(8) " fcode="add"/>
<opset="add_ln85_11/19 "/>
</bind>
</comp>

<comp id="1828" class="1004" name="sext_ln85_24_fu_1828">
<pin_list>
<pin id="1829" dir="0" index="0" bw="20" slack="0"/>
<pin id="1830" dir="1" index="1" bw="21" slack="0"/>
</pin_list>
<bind>
<opcode="sext(35) " fcode="sext"/>
<opset="sext_ln85_24/19 "/>
</bind>
</comp>

<comp id="1832" class="1004" name="sext_ln85_34_fu_1832">
<pin_list>
<pin id="1833" dir="0" index="0" bw="20" slack="3"/>
<pin id="1834" dir="1" index="1" bw="21" slack="0"/>
</pin_list>
<bind>
<opcode="sext(35) " fcode="sext"/>
<opset="sext_ln85_34/19 "/>
</bind>
</comp>

<comp id="1835" class="1004" name="add_ln85_24_fu_1835">
<pin_list>
<pin id="1836" dir="0" index="0" bw="20" slack="0"/>
<pin id="1837" dir="0" index="1" bw="20" slack="0"/>
<pin id="1838" dir="1" index="2" bw="21" slack="0"/>
</pin_list>
<bind>
<opcode="add(8) " fcode="add"/>
<opset="add_ln85_24/19 "/>
</bind>
</comp>

<comp id="1841" class="1004" name="shl_ln_fu_1841">
<pin_list>
<pin id="1842" dir="0" index="0" bw="26" slack="0"/>
<pin id="1843" dir="0" index="1" bw="21" slack="0"/>
<pin id="1844" dir="0" index="2" bw="1" slack="0"/>
<pin id="1845" dir="1" index="3" bw="26" slack="0"/>
</pin_list>
<bind>
<opcode="bitconcatenate(1004) " fcode="bitconcatenate"/>
<opset="shl_ln/19 "/>
</bind>
</comp>

<comp id="1849" class="1004" name="shl_ln85_1_fu_1849">
<pin_list>
<pin id="1850" dir="0" index="0" bw="24" slack="0"/>
<pin id="1851" dir="0" index="1" bw="21" slack="0"/>
<pin id="1852" dir="0" index="2" bw="1" slack="0"/>
<pin id="1853" dir="1" index="3" bw="24" slack="0"/>
</pin_list>
<bind>
<opcode="bitconcatenate(1004) " fcode="bitconcatenate"/>
<opset="shl_ln85_1/19 "/>
</bind>
</comp>

<comp id="1857" class="1004" name="sext_ln85_35_fu_1857">
<pin_list>
<pin id="1858" dir="0" index="0" bw="24" slack="0"/>
<pin id="1859" dir="1" index="1" bw="26" slack="0"/>
</pin_list>
<bind>
<opcode="sext(35) " fcode="sext"/>
<opset="sext_ln85_35/19 "/>
</bind>
</comp>

<comp id="1861" class="1004" name="sub_ln85_fu_1861">
<pin_list>
<pin id="1862" dir="0" index="0" bw="26" slack="0"/>
<pin id="1863" dir="0" index="1" bw="24" slack="0"/>
<pin id="1864" dir="1" index="2" bw="26" slack="0"/>
</pin_list>
<bind>
<opcode="sub(10) " fcode="sub"/>
<opset="sub_ln85/19 "/>
</bind>
</comp>

<comp id="1867" class="1004" name="tmp_30_fu_1867">
<pin_list>
<pin id="1868" dir="0" index="0" bw="1" slack="0"/>
<pin id="1869" dir="0" index="1" bw="26" slack="0"/>
<pin id="1870" dir="0" index="2" bw="6" slack="0"/>
<pin id="1871" dir="1" index="3" bw="1" slack="1"/>
</pin_list>
<bind>
<opcode="bitselect(1000) " fcode="bitselect"/>
<opset="tmp_30/19 "/>
</bind>
</comp>

<comp id="1875" class="1004" name="tmp_31_fu_1875">
<pin_list>
<pin id="1876" dir="0" index="0" bw="3" slack="0"/>
<pin id="1877" dir="0" index="1" bw="26" slack="0"/>
<pin id="1878" dir="0" index="2" bw="6" slack="0"/>
<pin id="1879" dir="0" index="3" bw="6" slack="0"/>
<pin id="1880" dir="1" index="4" bw="3" slack="1"/>
</pin_list>
<bind>
<opcode="partselect(1002) " fcode="partselect"/>
<opset="tmp_31/19 "/>
</bind>
</comp>

<comp id="1885" class="1004" name="sext_ln85_51_fu_1885">
<pin_list>
<pin id="1886" dir="0" index="0" bw="18" slack="0"/>
<pin id="1887" dir="1" index="1" bw="19" slack="0"/>
</pin_list>
<bind>
<opcode="sext(35) " fcode="sext"/>
<opset="sext_ln85_51/19 "/>
</bind>
</comp>

<comp id="1888" class="1004" name="sext_ln85_53_fu_1888">
<pin_list>
<pin id="1889" dir="0" index="0" bw="17" slack="0"/>
<pin id="1890" dir="1" index="1" bw="19" slack="0"/>
</pin_list>
<bind>
<opcode="sext(35) " fcode="sext"/>
<opset="sext_ln85_53/19 "/>
</bind>
</comp>

<comp id="1891" class="1004" name="add_ln85_29_fu_1891">
<pin_list>
<pin id="1892" dir="0" index="0" bw="17" slack="0"/>
<pin id="1893" dir="0" index="1" bw="18" slack="0"/>
<pin id="1894" dir="1" index="2" bw="19" slack="0"/>
</pin_list>
<bind>
<opcode="add(8) " fcode="add"/>
<opset="add_ln85_29/19 "/>
</bind>
</comp>

<comp id="1897" class="1004" name="sext_ln85_54_fu_1897">
<pin_list>
<pin id="1898" dir="0" index="0" bw="19" slack="0"/>
<pin id="1899" dir="1" index="1" bw="20" slack="0"/>
</pin_list>
<bind>
<opcode="sext(35) " fcode="sext"/>
<opset="sext_ln85_54/19 "/>
</bind>
</comp>

<comp id="1901" class="1004" name="sext_ln85_55_fu_1901">
<pin_list>
<pin id="1902" dir="0" index="0" bw="17" slack="0"/>
<pin id="1903" dir="1" index="1" bw="19" slack="0"/>
</pin_list>
<bind>
<opcode="sext(35) " fcode="sext"/>
<opset="sext_ln85_55/19 "/>
</bind>
</comp>

<comp id="1904" class="1004" name="sext_ln85_58_fu_1904">
<pin_list>
<pin id="1905" dir="0" index="0" bw="18" slack="2"/>
<pin id="1906" dir="1" index="1" bw="19" slack="0"/>
</pin_list>
<bind>
<opcode="sext(35) " fcode="sext"/>
<opset="sext_ln85_58/19 "/>
</bind>
</comp>

<comp id="1907" class="1004" name="add_ln85_35_fu_1907">
<pin_list>
<pin id="1908" dir="0" index="0" bw="18" slack="0"/>
<pin id="1909" dir="0" index="1" bw="17" slack="0"/>
<pin id="1910" dir="1" index="2" bw="19" slack="0"/>
</pin_list>
<bind>
<opcode="add(8) " fcode="add"/>
<opset="add_ln85_35/19 "/>
</bind>
</comp>

<comp id="1913" class="1004" name="sext_ln85_59_fu_1913">
<pin_list>
<pin id="1914" dir="0" index="0" bw="19" slack="0"/>
<pin id="1915" dir="1" index="1" bw="20" slack="0"/>
</pin_list>
<bind>
<opcode="sext(35) " fcode="sext"/>
<opset="sext_ln85_59/19 "/>
</bind>
</comp>

<comp id="1917" class="1004" name="add_ln85_36_fu_1917">
<pin_list>
<pin id="1918" dir="0" index="0" bw="19" slack="0"/>
<pin id="1919" dir="0" index="1" bw="19" slack="0"/>
<pin id="1920" dir="1" index="2" bw="20" slack="1"/>
</pin_list>
<bind>
<opcode="add(8) " fcode="add"/>
<opset="add_ln85_36/19 "/>
</bind>
</comp>

<comp id="1923" class="1004" name="sext_ln85_64_fu_1923">
<pin_list>
<pin id="1924" dir="0" index="0" bw="19" slack="10"/>
<pin id="1925" dir="1" index="1" bw="20" slack="0"/>
</pin_list>
<bind>
<opcode="sext(35) " fcode="sext"/>
<opset="sext_ln85_64/19 "/>
</bind>
</comp>

<comp id="1926" class="1004" name="sext_ln85_69_fu_1926">
<pin_list>
<pin id="1927" dir="0" index="0" bw="19" slack="1"/>
<pin id="1928" dir="1" index="1" bw="20" slack="0"/>
</pin_list>
<bind>
<opcode="sext(35) " fcode="sext"/>
<opset="sext_ln85_69/19 "/>
</bind>
</comp>

<comp id="1929" class="1004" name="add_ln85_48_fu_1929">
<pin_list>
<pin id="1930" dir="0" index="0" bw="19" slack="0"/>
<pin id="1931" dir="0" index="1" bw="19" slack="0"/>
<pin id="1932" dir="1" index="2" bw="20" slack="1"/>
</pin_list>
<bind>
<opcode="add(8) " fcode="add"/>
<opset="add_ln85_48/19 "/>
</bind>
</comp>

<comp id="1935" class="1004" name="zext_ln126_1_fu_1935">
<pin_list>
<pin id="1936" dir="0" index="0" bw="5" slack="19"/>
<pin id="1937" dir="1" index="1" bw="11" slack="0"/>
</pin_list>
<bind>
<opcode="zext(34) " fcode="zext"/>
<opset="zext_ln126_1/20 "/>
</bind>
</comp>

<comp id="1938" class="1004" name="add_ln131_1_fu_1938">
<pin_list>
<pin id="1939" dir="0" index="0" bw="11" slack="1"/>
<pin id="1940" dir="0" index="1" bw="5" slack="0"/>
<pin id="1941" dir="1" index="2" bw="11" slack="0"/>
</pin_list>
<bind>
<opcode="add(8) " fcode="add"/>
<opset="add_ln131_1/20 "/>
</bind>
</comp>

<comp id="1943" class="1004" name="zext_ln131_1_fu_1943">
<pin_list>
<pin id="1944" dir="0" index="0" bw="11" slack="0"/>
<pin id="1945" dir="1" index="1" bw="64" slack="0"/>
</pin_list>
<bind>
<opcode="zext(34) " fcode="zext"/>
<opset="zext_ln131_1/20 "/>
</bind>
</comp>

<comp id="1949" class="1004" name="zext_ln126_44_fu_1949">
<pin_list>
<pin id="1950" dir="0" index="0" bw="5" slack="19"/>
<pin id="1951" dir="1" index="1" bw="11" slack="0"/>
</pin_list>
<bind>
<opcode="zext(34) " fcode="zext"/>
<opset="zext_ln126_44/20 "/>
</bind>
</comp>

<comp id="1952" class="1004" name="add_ln131_2_fu_1952">
<pin_list>
<pin id="1953" dir="0" index="0" bw="11" slack="1"/>
<pin id="1954" dir="0" index="1" bw="5" slack="0"/>
<pin id="1955" dir="1" index="2" bw="11" slack="1"/>
</pin_list>
<bind>
<opcode="add(8) " fcode="add"/>
<opset="add_ln131_2/20 "/>
</bind>
</comp>

<comp id="1957" class="1004" name="icmp_ln88_fu_1957">
<pin_list>
<pin id="1958" dir="0" index="0" bw="3" slack="1"/>
<pin id="1959" dir="0" index="1" bw="3" slack="0"/>
<pin id="1960" dir="1" index="2" bw="1" slack="0"/>
</pin_list>
<bind>
<opcode="icmp(45) " fcode="icmp"/>
<opset="icmp_ln88/20 "/>
</bind>
</comp>

<comp id="1962" class="1004" name="trunc_ln1_fu_1962">
<pin_list>
<pin id="1963" dir="0" index="0" bw="8" slack="0"/>
<pin id="1964" dir="0" index="1" bw="26" slack="1"/>
<pin id="1965" dir="0" index="2" bw="5" slack="0"/>
<pin id="1966" dir="0" index="3" bw="6" slack="0"/>
<pin id="1967" dir="1" index="4" bw="8" slack="0"/>
</pin_list>
<bind>
<opcode="partselect(1002) " fcode="partselect"/>
<opset="trunc_ln1/20 "/>
</bind>
</comp>

<comp id="1971" class="1004" name="xor_ln87_fu_1971">
<pin_list>
<pin id="1972" dir="0" index="0" bw="1" slack="1"/>
<pin id="1973" dir="0" index="1" bw="1" slack="0"/>
<pin id="1974" dir="1" index="2" bw="1" slack="0"/>
</pin_list>
<bind>
<opcode="xor(25) " fcode="xor"/>
<opset="xor_ln87/20 "/>
</bind>
</comp>

<comp id="1976" class="1004" name="select_ln87_2_fu_1976">
<pin_list>
<pin id="1977" dir="0" index="0" bw="1" slack="0"/>
<pin id="1978" dir="0" index="1" bw="8" slack="0"/>
<pin id="1979" dir="0" index="2" bw="8" slack="0"/>
<pin id="1980" dir="1" index="3" bw="8" slack="0"/>
</pin_list>
<bind>
<opcode="select(49) " fcode="select"/>
<opset="select_ln87_2/20 "/>
</bind>
</comp>

<comp id="1984" class="1004" name="or_ln87_fu_1984">
<pin_list>
<pin id="1985" dir="0" index="0" bw="1" slack="1"/>
<pin id="1986" dir="0" index="1" bw="1" slack="0"/>
<pin id="1987" dir="1" index="2" bw="1" slack="0"/>
</pin_list>
<bind>
<opcode="or(24) " fcode="or"/>
<opset="or_ln87/20 "/>
</bind>
</comp>

<comp id="1989" class="1004" name="select_ln87_fu_1989">
<pin_list>
<pin id="1990" dir="0" index="0" bw="1" slack="0"/>
<pin id="1991" dir="0" index="1" bw="8" slack="0"/>
<pin id="1992" dir="0" index="2" bw="8" slack="0"/>
<pin id="1993" dir="1" index="3" bw="8" slack="0"/>
</pin_list>
<bind>
<opcode="select(49) " fcode="select"/>
<opset="select_ln87/20 "/>
</bind>
</comp>

<comp id="1999" class="1004" name="sext_ln85_60_fu_1999">
<pin_list>
<pin id="2000" dir="0" index="0" bw="20" slack="1"/>
<pin id="2001" dir="1" index="1" bw="21" slack="0"/>
</pin_list>
<bind>
<opcode="sext(35) " fcode="sext"/>
<opset="sext_ln85_60/20 "/>
</bind>
</comp>

<comp id="2002" class="1004" name="sext_ln85_70_fu_2002">
<pin_list>
<pin id="2003" dir="0" index="0" bw="20" slack="1"/>
<pin id="2004" dir="1" index="1" bw="21" slack="0"/>
</pin_list>
<bind>
<opcode="sext(35) " fcode="sext"/>
<opset="sext_ln85_70/20 "/>
</bind>
</comp>

<comp id="2005" class="1004" name="add_ln85_49_fu_2005">
<pin_list>
<pin id="2006" dir="0" index="0" bw="20" slack="0"/>
<pin id="2007" dir="0" index="1" bw="20" slack="0"/>
<pin id="2008" dir="1" index="2" bw="21" slack="0"/>
</pin_list>
<bind>
<opcode="add(8) " fcode="add"/>
<opset="add_ln85_49/20 "/>
</bind>
</comp>

<comp id="2011" class="1004" name="shl_ln85_2_fu_2011">
<pin_list>
<pin id="2012" dir="0" index="0" bw="26" slack="0"/>
<pin id="2013" dir="0" index="1" bw="21" slack="0"/>
<pin id="2014" dir="0" index="2" bw="1" slack="0"/>
<pin id="2015" dir="1" index="3" bw="26" slack="0"/>
</pin_list>
<bind>
<opcode="bitconcatenate(1004) " fcode="bitconcatenate"/>
<opset="shl_ln85_2/20 "/>
</bind>
</comp>

<comp id="2019" class="1004" name="shl_ln85_3_fu_2019">
<pin_list>
<pin id="2020" dir="0" index="0" bw="24" slack="0"/>
<pin id="2021" dir="0" index="1" bw="21" slack="0"/>
<pin id="2022" dir="0" index="2" bw="1" slack="0"/>
<pin id="2023" dir="1" index="3" bw="24" slack="0"/>
</pin_list>
<bind>
<opcode="bitconcatenate(1004) " fcode="bitconcatenate"/>
<opset="shl_ln85_3/20 "/>
</bind>
</comp>

<comp id="2027" class="1004" name="sext_ln85_71_fu_2027">
<pin_list>
<pin id="2028" dir="0" index="0" bw="24" slack="0"/>
<pin id="2029" dir="1" index="1" bw="26" slack="0"/>
</pin_list>
<bind>
<opcode="sext(35) " fcode="sext"/>
<opset="sext_ln85_71/20 "/>
</bind>
</comp>

<comp id="2031" class="1004" name="sub_ln85_1_fu_2031">
<pin_list>
<pin id="2032" dir="0" index="0" bw="26" slack="0"/>
<pin id="2033" dir="0" index="1" bw="24" slack="0"/>
<pin id="2034" dir="1" index="2" bw="26" slack="0"/>
</pin_list>
<bind>
<opcode="sub(10) " fcode="sub"/>
<opset="sub_ln85_1/20 "/>
</bind>
</comp>

<comp id="2037" class="1004" name="tmp_32_fu_2037">
<pin_list>
<pin id="2038" dir="0" index="0" bw="1" slack="0"/>
<pin id="2039" dir="0" index="1" bw="26" slack="0"/>
<pin id="2040" dir="0" index="2" bw="6" slack="0"/>
<pin id="2041" dir="1" index="3" bw="1" slack="1"/>
</pin_list>
<bind>
<opcode="bitselect(1000) " fcode="bitselect"/>
<opset="tmp_32/20 "/>
</bind>
</comp>

<comp id="2045" class="1004" name="tmp_33_fu_2045">
<pin_list>
<pin id="2046" dir="0" index="0" bw="3" slack="0"/>
<pin id="2047" dir="0" index="1" bw="26" slack="0"/>
<pin id="2048" dir="0" index="2" bw="6" slack="0"/>
<pin id="2049" dir="0" index="3" bw="6" slack="0"/>
<pin id="2050" dir="1" index="4" bw="3" slack="0"/>
</pin_list>
<bind>
<opcode="partselect(1002) " fcode="partselect"/>
<opset="tmp_33/20 "/>
</bind>
</comp>

<comp id="2055" class="1004" name="icmp_ln88_1_fu_2055">
<pin_list>
<pin id="2056" dir="0" index="0" bw="3" slack="0"/>
<pin id="2057" dir="0" index="1" bw="3" slack="0"/>
<pin id="2058" dir="1" index="2" bw="1" slack="1"/>
</pin_list>
<bind>
<opcode="icmp(45) " fcode="icmp"/>
<opset="icmp_ln88_1/20 "/>
</bind>
</comp>

<comp id="2061" class="1004" name="zext_ln131_2_fu_2061">
<pin_list>
<pin id="2062" dir="0" index="0" bw="11" slack="1"/>
<pin id="2063" dir="1" index="1" bw="64" slack="0"/>
</pin_list>
<bind>
<opcode="zext(34) " fcode="zext"/>
<opset="zext_ln131_2/21 "/>
</bind>
</comp>

<comp id="2066" class="1004" name="trunc_ln89_1_fu_2066">
<pin_list>
<pin id="2067" dir="0" index="0" bw="8" slack="0"/>
<pin id="2068" dir="0" index="1" bw="26" slack="1"/>
<pin id="2069" dir="0" index="2" bw="5" slack="0"/>
<pin id="2070" dir="0" index="3" bw="6" slack="0"/>
<pin id="2071" dir="1" index="4" bw="8" slack="0"/>
</pin_list>
<bind>
<opcode="partselect(1002) " fcode="partselect"/>
<opset="trunc_ln89_1/21 "/>
</bind>
</comp>

<comp id="2075" class="1004" name="xor_ln87_1_fu_2075">
<pin_list>
<pin id="2076" dir="0" index="0" bw="1" slack="1"/>
<pin id="2077" dir="0" index="1" bw="1" slack="0"/>
<pin id="2078" dir="1" index="2" bw="1" slack="0"/>
</pin_list>
<bind>
<opcode="xor(25) " fcode="xor"/>
<opset="xor_ln87_1/21 "/>
</bind>
</comp>

<comp id="2080" class="1004" name="select_ln87_3_fu_2080">
<pin_list>
<pin id="2081" dir="0" index="0" bw="1" slack="0"/>
<pin id="2082" dir="0" index="1" bw="8" slack="0"/>
<pin id="2083" dir="0" index="2" bw="8" slack="0"/>
<pin id="2084" dir="1" index="3" bw="8" slack="0"/>
</pin_list>
<bind>
<opcode="select(49) " fcode="select"/>
<opset="select_ln87_3/21 "/>
</bind>
</comp>

<comp id="2088" class="1004" name="or_ln87_1_fu_2088">
<pin_list>
<pin id="2089" dir="0" index="0" bw="1" slack="1"/>
<pin id="2090" dir="0" index="1" bw="1" slack="1"/>
<pin id="2091" dir="1" index="2" bw="1" slack="0"/>
</pin_list>
<bind>
<opcode="or(24) " fcode="or"/>
<opset="or_ln87_1/21 "/>
</bind>
</comp>

<comp id="2092" class="1004" name="select_ln87_1_fu_2092">
<pin_list>
<pin id="2093" dir="0" index="0" bw="1" slack="0"/>
<pin id="2094" dir="0" index="1" bw="8" slack="0"/>
<pin id="2095" dir="0" index="2" bw="8" slack="0"/>
<pin id="2096" dir="1" index="3" bw="8" slack="0"/>
</pin_list>
<bind>
<opcode="select(49) " fcode="select"/>
<opset="select_ln87_1/21 "/>
</bind>
</comp>

<comp id="2102" class="1007" name="grp_fu_2102">
<pin_list>
<pin id="2103" dir="0" index="0" bw="8" slack="0"/>
<pin id="2104" dir="0" index="1" bw="7" slack="1"/>
<pin id="2105" dir="0" index="2" bw="15" slack="2147483647"/>
<pin id="2106" dir="1" index="3" bw="17" slack="5"/>
</pin_list>
<bind>
<opcode="muladd(1172) " fcode="muladd"/>
<opset="mul_ln85_14/2 zext_ln85_6/4 add_ln85_12/4 "/>
</bind>
</comp>

<comp id="2108" class="1007" name="grp_fu_2108">
<pin_list>
<pin id="2109" dir="0" index="0" bw="8" slack="0"/>
<pin id="2110" dir="0" index="1" bw="7" slack="3"/>
<pin id="2111" dir="0" index="2" bw="16" slack="0"/>
<pin id="2112" dir="1" index="3" bw="17" slack="0"/>
</pin_list>
<bind>
<opcode="muladd(1172) " fcode="muladd"/>
<opset="mul_ln85_17/4 zext_ln85_7/6 add_ln85_14/6 "/>
</bind>
</comp>

<comp id="2116" class="1007" name="grp_fu_2116">
<pin_list>
<pin id="2117" dir="0" index="0" bw="8" slack="0"/>
<pin id="2118" dir="0" index="1" bw="7" slack="3"/>
<pin id="2119" dir="0" index="2" bw="15" slack="2147483647"/>
<pin id="2120" dir="1" index="3" bw="17" slack="0"/>
</pin_list>
<bind>
<opcode="muladd(1172) " fcode="muladd"/>
<opset="mul_ln85_39/4 zext_ln85_17/6 add_ln85_37/6 "/>
</bind>
</comp>

<comp id="2123" class="1007" name="grp_fu_2123">
<pin_list>
<pin id="2124" dir="0" index="0" bw="8" slack="0"/>
<pin id="2125" dir="0" index="1" bw="8" slack="4"/>
<pin id="2126" dir="0" index="2" bw="17" slack="0"/>
<pin id="2127" dir="1" index="3" bw="18" slack="3"/>
</pin_list>
<bind>
<opcode="muladd(1172) " fcode="muladd"/>
<opset="mul_ln85_22/5 sext_ln85_11/7 add_ln85_15/7 "/>
</bind>
</comp>

<comp id="2130" class="1007" name="grp_fu_2130">
<pin_list>
<pin id="2131" dir="0" index="0" bw="8" slack="1"/>
<pin id="2132" dir="0" index="1" bw="7" slack="4"/>
<pin id="2133" dir="0" index="2" bw="17" slack="0"/>
<pin id="2134" dir="1" index="3" bw="18" slack="1"/>
</pin_list>
<bind>
<opcode="muladd(1172) " fcode="muladd"/>
<opset="mul_ln85_33/5 zext_ln85_14/7 add_ln85_38/7 "/>
</bind>
</comp>

<comp id="2136" class="1007" name="grp_fu_2136">
<pin_list>
<pin id="2137" dir="0" index="0" bw="8" slack="0"/>
<pin id="2138" dir="0" index="1" bw="7" slack="4"/>
<pin id="2139" dir="0" index="2" bw="15" slack="0"/>
<pin id="2140" dir="1" index="3" bw="16" slack="0"/>
</pin_list>
<bind>
<opcode="muladd(1172) " fcode="muladd"/>
<opset="mul_ln85_42/5 zext_ln85_18/7 add_ln85_39/7 "/>
</bind>
</comp>

<comp id="2144" class="1007" name="grp_fu_2144">
<pin_list>
<pin id="2145" dir="0" index="0" bw="8" slack="0"/>
<pin id="2146" dir="0" index="1" bw="8" slack="5"/>
<pin id="2147" dir="0" index="2" bw="16" slack="0"/>
<pin id="2148" dir="1" index="3" bw="17" slack="3"/>
</pin_list>
<bind>
<opcode="muladd(1172) " fcode="muladd"/>
<opset="mul_ln85_16/6 sext_ln85_8/8 add_ln85_2/8 "/>
</bind>
</comp>

<comp id="2151" class="1007" name="grp_fu_2151">
<pin_list>
<pin id="2152" dir="0" index="0" bw="8" slack="0"/>
<pin id="2153" dir="0" index="1" bw="8" slack="5"/>
<pin id="2154" dir="0" index="2" bw="16" slack="0"/>
<pin id="2155" dir="1" index="3" bw="17" slack="8"/>
</pin_list>
<bind>
<opcode="muladd(1172) " fcode="muladd"/>
<opset="mul_ln85_31/6 sext_ln85_41/8 add_ln85_33/8 "/>
</bind>
</comp>

<comp id="2158" class="1007" name="grp_fu_2158">
<pin_list>
<pin id="2159" dir="0" index="0" bw="8" slack="0"/>
<pin id="2160" dir="0" index="1" bw="8" slack="5"/>
<pin id="2161" dir="0" index="2" bw="16" slack="0"/>
<pin id="2162" dir="1" index="3" bw="17" slack="0"/>
</pin_list>
<bind>
<opcode="muladd(1172) " fcode="muladd"/>
<opset="mul_ln85_47/6 sext_ln85_47/8 add_ln85_40/8 "/>
</bind>
</comp>

<comp id="2166" class="1007" name="grp_fu_2166">
<pin_list>
<pin id="2167" dir="0" index="0" bw="8" slack="0"/>
<pin id="2168" dir="0" index="1" bw="7" slack="7"/>
<pin id="2169" dir="0" index="2" bw="17" slack="0"/>
<pin id="2170" dir="1" index="3" bw="18" slack="0"/>
</pin_list>
<bind>
<opcode="muladd(1172) " fcode="muladd"/>
<opset="mul_ln85_8/8 zext_ln85_3/10 add_ln85_13/10 "/>
</bind>
</comp>

<comp id="2174" class="1007" name="grp_fu_2174">
<pin_list>
<pin id="2175" dir="0" index="0" bw="8" slack="0"/>
<pin id="2176" dir="0" index="1" bw="7" slack="8"/>
<pin id="2177" dir="0" index="2" bw="16" slack="0"/>
<pin id="2178" dir="1" index="3" bw="17" slack="3"/>
</pin_list>
<bind>
<opcode="muladd(1172) " fcode="muladd"/>
<opset="mul_ln85_18/9 zext_ln85_8/11 add_ln85_19/11 "/>
</bind>
</comp>

<comp id="2181" class="1007" name="grp_fu_2181">
<pin_list>
<pin id="2182" dir="0" index="0" bw="8" slack="0"/>
<pin id="2183" dir="0" index="1" bw="7" slack="8"/>
<pin id="2184" dir="0" index="2" bw="16" slack="0"/>
<pin id="2185" dir="1" index="3" bw="17" slack="6"/>
</pin_list>
<bind>
<opcode="muladd(1172) " fcode="muladd"/>
<opset="mul_ln85_19/9 zext_ln85_9/11 add_ln85_8/11 "/>
</bind>
</comp>

<comp id="2188" class="1007" name="grp_fu_2188">
<pin_list>
<pin id="2189" dir="0" index="0" bw="8" slack="0"/>
<pin id="2190" dir="0" index="1" bw="8" slack="9"/>
<pin id="2191" dir="0" index="2" bw="17" slack="0"/>
<pin id="2192" dir="1" index="3" bw="18" slack="4"/>
</pin_list>
<bind>
<opcode="muladd(1172) " fcode="muladd"/>
<opset="mul_ln85/10 sext_ln85/12 add_ln85_3/12 "/>
</bind>
</comp>

<comp id="2195" class="1007" name="grp_fu_2195">
<pin_list>
<pin id="2196" dir="0" index="0" bw="8" slack="0"/>
<pin id="2197" dir="0" index="1" bw="6" slack="9"/>
<pin id="2198" dir="0" index="2" bw="15" slack="0"/>
<pin id="2199" dir="1" index="3" bw="16" slack="0"/>
</pin_list>
<bind>
<opcode="muladd(1172) " fcode="muladd"/>
<opset="mul_ln85_7/10 zext_ln85_2/12 add_ln85_17/12 "/>
</bind>
</comp>

<comp id="2202" class="1007" name="grp_fu_2202">
<pin_list>
<pin id="2203" dir="0" index="0" bw="8" slack="0"/>
<pin id="2204" dir="0" index="1" bw="7" slack="9"/>
<pin id="2205" dir="0" index="2" bw="16" slack="0"/>
<pin id="2206" dir="1" index="3" bw="17" slack="0"/>
</pin_list>
<bind>
<opcode="muladd(1172) " fcode="muladd"/>
<opset="mul_ln85_28/10 zext_ln85_12/12 add_ln85_42/12 "/>
</bind>
</comp>

<comp id="2209" class="1007" name="grp_fu_2209">
<pin_list>
<pin id="2210" dir="0" index="0" bw="8" slack="0"/>
<pin id="2211" dir="0" index="1" bw="7" slack="1"/>
<pin id="2212" dir="0" index="2" bw="16" slack="0"/>
<pin id="2213" dir="1" index="3" bw="17" slack="1"/>
</pin_list>
<bind>
<opcode="muladd(1172) " fcode="muladd"/>
<opset="mul_ln85_11/11 zext_ln85_4/13 add_ln85_5/13 "/>
</bind>
</comp>

<comp id="2216" class="1007" name="grp_fu_2216">
<pin_list>
<pin id="2217" dir="0" index="0" bw="8" slack="0"/>
<pin id="2218" dir="0" index="1" bw="7" slack="10"/>
<pin id="2219" dir="0" index="2" bw="16" slack="0"/>
<pin id="2220" dir="1" index="3" bw="16" slack="1"/>
</pin_list>
<bind>
<opcode="muladd(1172) " fcode="muladd"/>
<opset="mul_ln85_12/11 zext_ln85_5/13 add_ln85_18/13 "/>
</bind>
</comp>

<comp id="2223" class="1007" name="grp_fu_2223">
<pin_list>
<pin id="2224" dir="0" index="0" bw="8" slack="0"/>
<pin id="2225" dir="0" index="1" bw="6" slack="10"/>
<pin id="2226" dir="0" index="2" bw="17" slack="0"/>
<pin id="2227" dir="1" index="3" bw="17" slack="4"/>
</pin_list>
<bind>
<opcode="muladd(1172) " fcode="muladd"/>
<opset="mul_ln85_32/11 zext_ln85_13/13 add_ln85_43/13 "/>
</bind>
</comp>

<comp id="2230" class="1007" name="grp_fu_2230">
<pin_list>
<pin id="2231" dir="0" index="0" bw="8" slack="0"/>
<pin id="2232" dir="0" index="1" bw="8" slack="11"/>
<pin id="2233" dir="0" index="2" bw="16" slack="0"/>
<pin id="2234" dir="1" index="3" bw="17" slack="0"/>
</pin_list>
<bind>
<opcode="muladd(1172) " fcode="muladd"/>
<opset="mul_ln85_24/12 sext_ln85_13/14 add_ln85_20/14 "/>
</bind>
</comp>

<comp id="2238" class="1007" name="grp_fu_2238">
<pin_list>
<pin id="2239" dir="0" index="0" bw="8" slack="1"/>
<pin id="2240" dir="0" index="1" bw="8" slack="11"/>
<pin id="2241" dir="0" index="2" bw="16" slack="0"/>
<pin id="2242" dir="1" index="3" bw="17" slack="3"/>
</pin_list>
<bind>
<opcode="muladd(1172) " fcode="muladd"/>
<opset="mul_ln85_45/12 sext_ln85_45/14 add_ln85_30/14 "/>
</bind>
</comp>

<comp id="2244" class="1007" name="grp_fu_2244">
<pin_list>
<pin id="2245" dir="0" index="0" bw="8" slack="0"/>
<pin id="2246" dir="0" index="1" bw="8" slack="12"/>
<pin id="2247" dir="0" index="2" bw="17" slack="0"/>
<pin id="2248" dir="1" index="3" bw="18" slack="2"/>
</pin_list>
<bind>
<opcode="muladd(1172) " fcode="muladd"/>
<opset="mul_ln85_6/13 sext_ln85_5/15 add_ln85_6/15 "/>
</bind>
</comp>

<comp id="2251" class="1007" name="grp_fu_2251">
<pin_list>
<pin id="2252" dir="0" index="0" bw="8" slack="1"/>
<pin id="2253" dir="0" index="1" bw="8" slack="12"/>
<pin id="2254" dir="0" index="2" bw="16" slack="0"/>
<pin id="2255" dir="1" index="3" bw="16" slack="0"/>
</pin_list>
<bind>
<opcode="muladd(1172) " fcode="muladd"/>
<opset="mul_ln85_13/13 add_ln85/15 "/>
</bind>
</comp>

<comp id="2258" class="1007" name="grp_fu_2258">
<pin_list>
<pin id="2259" dir="0" index="0" bw="8" slack="1"/>
<pin id="2260" dir="0" index="1" bw="8" slack="12"/>
<pin id="2261" dir="0" index="2" bw="16" slack="0"/>
<pin id="2262" dir="1" index="3" bw="16" slack="2"/>
</pin_list>
<bind>
<opcode="muladd(1172) " fcode="muladd"/>
<opset="mul_ln85_35/13 add_ln85_27/15 "/>
</bind>
</comp>

<comp id="2264" class="1007" name="grp_fu_2264">
<pin_list>
<pin id="2265" dir="0" index="0" bw="8" slack="0"/>
<pin id="2266" dir="0" index="1" bw="7" slack="13"/>
<pin id="2267" dir="0" index="2" bw="16" slack="0"/>
<pin id="2268" dir="1" index="3" bw="17" slack="0"/>
</pin_list>
<bind>
<opcode="muladd(1172) " fcode="muladd"/>
<opset="mul_ln85_2/14 sext_ln85_2/16 add_ln85_1/16 "/>
</bind>
</comp>

<comp id="2272" class="1007" name="grp_fu_2272">
<pin_list>
<pin id="2273" dir="0" index="0" bw="8" slack="3"/>
<pin id="2274" dir="0" index="1" bw="7" slack="1"/>
<pin id="2275" dir="0" index="2" bw="16" slack="0"/>
<pin id="2276" dir="1" index="3" bw="17" slack="1"/>
</pin_list>
<bind>
<opcode="muladd(1172) " fcode="muladd"/>
<opset="mul_ln85_43/14 zext_ln85_19/16 add_ln85_44/16 "/>
</bind>
</comp>

<comp id="2278" class="1007" name="grp_fu_2278">
<pin_list>
<pin id="2279" dir="0" index="0" bw="8" slack="0"/>
<pin id="2280" dir="0" index="1" bw="7" slack="1"/>
<pin id="2281" dir="0" index="2" bw="16" slack="0"/>
<pin id="2282" dir="1" index="3" bw="17" slack="0"/>
</pin_list>
<bind>
<opcode="muladd(1172) " fcode="muladd"/>
<opset="mul_ln85_44/14 zext_ln85_20/16 add_ln85_32/16 "/>
</bind>
</comp>

<comp id="2286" class="1007" name="grp_fu_2286">
<pin_list>
<pin id="2287" dir="0" index="0" bw="8" slack="1"/>
<pin id="2288" dir="0" index="1" bw="8" slack="14"/>
<pin id="2289" dir="0" index="2" bw="16" slack="0"/>
<pin id="2290" dir="1" index="3" bw="17" slack="0"/>
</pin_list>
<bind>
<opcode="muladd(1172) " fcode="muladd"/>
<opset="mul_ln85_21/15 sext_ln85_10/17 add_ln85_7/17 "/>
</bind>
</comp>

<comp id="2293" class="1007" name="grp_fu_2293">
<pin_list>
<pin id="2294" dir="0" index="0" bw="8" slack="0"/>
<pin id="2295" dir="0" index="1" bw="8" slack="14"/>
<pin id="2296" dir="0" index="2" bw="16" slack="0"/>
<pin id="2297" dir="1" index="3" bw="17" slack="0"/>
</pin_list>
<bind>
<opcode="muladd(1172) " fcode="muladd"/>
<opset="mul_ln85_34/15 sext_ln85_42/17 add_ln85_25/17 "/>
</bind>
</comp>

<comp id="2301" class="1007" name="grp_fu_2301">
<pin_list>
<pin id="2302" dir="0" index="0" bw="8" slack="0"/>
<pin id="2303" dir="0" index="1" bw="7" slack="1"/>
<pin id="2304" dir="0" index="2" bw="16" slack="0"/>
<pin id="2305" dir="1" index="3" bw="17" slack="0"/>
</pin_list>
<bind>
<opcode="muladd(1172) " fcode="muladd"/>
<opset="mul_ln85_36/15 zext_ln85_15/17 add_ln85_45/17 "/>
</bind>
</comp>

<comp id="2309" class="1007" name="grp_fu_2309">
<pin_list>
<pin id="2310" dir="0" index="0" bw="8" slack="0"/>
<pin id="2311" dir="0" index="1" bw="7" slack="15"/>
<pin id="2312" dir="0" index="2" bw="17" slack="2147483647"/>
<pin id="2313" dir="1" index="3" bw="17" slack="0"/>
</pin_list>
<bind>
<opcode="muladd(1172) " fcode="muladd"/>
<opset="mul_ln85_27/16 sext_ln85_38/18 add_ln85_31/18 "/>
</bind>
</comp>

<comp id="2316" class="1007" name="grp_fu_2316">
<pin_list>
<pin id="2317" dir="0" index="0" bw="8" slack="0"/>
<pin id="2318" dir="0" index="1" bw="8" slack="15"/>
<pin id="2319" dir="0" index="2" bw="16" slack="0"/>
<pin id="2320" dir="1" index="3" bw="17" slack="0"/>
</pin_list>
<bind>
<opcode="muladd(1172) " fcode="muladd"/>
<opset="mul_ln85_40/16 sext_ln85_43/18 add_ln85_28/18 "/>
</bind>
</comp>

<comp id="2324" class="1007" name="grp_fu_2324">
<pin_list>
<pin id="2325" dir="0" index="0" bw="8" slack="0"/>
<pin id="2326" dir="0" index="1" bw="8" slack="15"/>
<pin id="2327" dir="0" index="2" bw="17" slack="0"/>
<pin id="2328" dir="1" index="3" bw="18" slack="0"/>
</pin_list>
<bind>
<opcode="muladd(1172) " fcode="muladd"/>
<opset="mul_ln85_46/16 sext_ln85_46/18 add_ln85_26/18 "/>
</bind>
</comp>

<comp id="2332" class="1005" name="ow_reg_2332">
<pin_list>
<pin id="2333" dir="0" index="0" bw="5" slack="0"/>
<pin id="2334" dir="1" index="1" bw="5" slack="0"/>
</pin_list>
<bind>
<opset="ow "/>
</bind>
</comp>

<comp id="2339" class="1005" name="oh_reg_2339">
<pin_list>
<pin id="2340" dir="0" index="0" bw="5" slack="0"/>
<pin id="2341" dir="1" index="1" bw="5" slack="0"/>
</pin_list>
<bind>
<opset="oh "/>
</bind>
</comp>

<comp id="2346" class="1005" name="indvar_flatten_reg_2346">
<pin_list>
<pin id="2347" dir="0" index="0" bw="9" slack="0"/>
<pin id="2348" dir="1" index="1" bw="9" slack="0"/>
</pin_list>
<bind>
<opset="indvar_flatten "/>
</bind>
</comp>

<comp id="2353" class="1005" name="merge_i_cast_cast_reg_2353">
<pin_list>
<pin id="2354" dir="0" index="0" bw="17" slack="3"/>
<pin id="2355" dir="1" index="1" bw="17" slack="3"/>
</pin_list>
<bind>
<opset="merge_i_cast_cast "/>
</bind>
</comp>

<comp id="2359" class="1005" name="sext_ln118_cast_reg_2359">
<pin_list>
<pin id="2360" dir="0" index="0" bw="16" slack="11"/>
<pin id="2361" dir="1" index="1" bw="16" slack="11"/>
</pin_list>
<bind>
<opset="sext_ln118_cast "/>
</bind>
</comp>

<comp id="2365" class="1005" name="LENET_C1_W_0_3_2_load_cast_cast_reg_2365">
<pin_list>
<pin id="2366" dir="0" index="0" bw="16" slack="6"/>
<pin id="2367" dir="1" index="1" bw="16" slack="6"/>
</pin_list>
<bind>
<opset="LENET_C1_W_0_3_2_load_cast_cast "/>
</bind>
</comp>

<comp id="2371" class="1005" name="LENET_C1_W_0_0_2_load_cast_cast_reg_2371">
<pin_list>
<pin id="2372" dir="0" index="0" bw="16" slack="4"/>
<pin id="2373" dir="1" index="1" bw="16" slack="4"/>
</pin_list>
<bind>
<opset="LENET_C1_W_0_0_2_load_cast_cast "/>
</bind>
</comp>

<comp id="2377" class="1005" name="LENET_C1_W_0_2_4_load_cast_cast_reg_2377">
<pin_list>
<pin id="2378" dir="0" index="0" bw="16" slack="14"/>
<pin id="2379" dir="1" index="1" bw="16" slack="14"/>
</pin_list>
<bind>
<opset="LENET_C1_W_0_2_4_load_cast_cast "/>
</bind>
</comp>

<comp id="2383" class="1005" name="LENET_C1_W_0_3_1_load_cast_cast_reg_2383">
<pin_list>
<pin id="2384" dir="0" index="0" bw="16" slack="10"/>
<pin id="2385" dir="1" index="1" bw="16" slack="10"/>
</pin_list>
<bind>
<opset="LENET_C1_W_0_3_1_load_cast_cast "/>
</bind>
</comp>

<comp id="2389" class="1005" name="LENET_C1_W_0_3_0_load_cast_cast_reg_2389">
<pin_list>
<pin id="2390" dir="0" index="0" bw="15" slack="8"/>
<pin id="2391" dir="1" index="1" bw="15" slack="8"/>
</pin_list>
<bind>
<opset="LENET_C1_W_0_3_0_load_cast_cast "/>
</bind>
</comp>

<comp id="2395" class="1005" name="LENET_C1_W_0_2_0_load_cast_cast_reg_2395">
<pin_list>
<pin id="2396" dir="0" index="0" bw="15" slack="8"/>
<pin id="2397" dir="1" index="1" bw="15" slack="8"/>
</pin_list>
<bind>
<opset="LENET_C1_W_0_2_0_load_cast_cast "/>
</bind>
</comp>

<comp id="2401" class="1005" name="LENET_C1_W_0_0_3_load_cast_cast_reg_2401">
<pin_list>
<pin id="2402" dir="0" index="0" bw="15" slack="3"/>
<pin id="2403" dir="1" index="1" bw="15" slack="3"/>
</pin_list>
<bind>
<opset="LENET_C1_W_0_0_3_load_cast_cast "/>
</bind>
</comp>

<comp id="2407" class="1005" name="LENET_C1_W_0_3_4_load_cast_cast_reg_2407">
<pin_list>
<pin id="2408" dir="0" index="0" bw="16" slack="5"/>
<pin id="2409" dir="1" index="1" bw="16" slack="5"/>
</pin_list>
<bind>
<opset="LENET_C1_W_0_3_4_load_cast_cast "/>
</bind>
</comp>

<comp id="2413" class="1005" name="LENET_C1_W_0_0_4_load_cast_cast_reg_2413">
<pin_list>
<pin id="2414" dir="0" index="0" bw="16" slack="5"/>
<pin id="2415" dir="1" index="1" bw="16" slack="5"/>
</pin_list>
<bind>
<opset="LENET_C1_W_0_0_4_load_cast_cast "/>
</bind>
</comp>

<comp id="2419" class="1005" name="LENET_C1_W_0_0_1_load_cast_cast_reg_2419">
<pin_list>
<pin id="2420" dir="0" index="0" bw="15" slack="1"/>
<pin id="2421" dir="1" index="1" bw="15" slack="1"/>
</pin_list>
<bind>
<opset="LENET_C1_W_0_0_1_load_cast_cast "/>
</bind>
</comp>

<comp id="2425" class="1005" name="LENET_C1_W_0_4_1_load_cast_cast_reg_2425">
<pin_list>
<pin id="2426" dir="0" index="0" bw="16" slack="12"/>
<pin id="2427" dir="1" index="1" bw="16" slack="12"/>
</pin_list>
<bind>
<opset="LENET_C1_W_0_4_1_load_cast_cast "/>
</bind>
</comp>

<comp id="2431" class="1005" name="LENET_C1_W_0_1_0_load_cast_cast_reg_2431">
<pin_list>
<pin id="2432" dir="0" index="0" bw="15" slack="2"/>
<pin id="2433" dir="1" index="1" bw="15" slack="2"/>
</pin_list>
<bind>
<opset="LENET_C1_W_0_1_0_load_cast_cast "/>
</bind>
</comp>

<comp id="2437" class="1005" name="LENET_C1_W_0_2_1_load_cast_cast_reg_2437">
<pin_list>
<pin id="2438" dir="0" index="0" bw="15" slack="10"/>
<pin id="2439" dir="1" index="1" bw="15" slack="10"/>
</pin_list>
<bind>
<opset="LENET_C1_W_0_2_1_load_cast_cast "/>
</bind>
</comp>

<comp id="2443" class="1005" name="LENET_C1_W_0_4_3_load_cast_cast_reg_2443">
<pin_list>
<pin id="2444" dir="0" index="0" bw="16" slack="12"/>
<pin id="2445" dir="1" index="1" bw="16" slack="12"/>
</pin_list>
<bind>
<opset="LENET_C1_W_0_4_3_load_cast_cast "/>
</bind>
</comp>

<comp id="2449" class="1005" name="LENET_C1_W_0_1_4_load_cast_cast_reg_2449">
<pin_list>
<pin id="2450" dir="0" index="0" bw="16" slack="13"/>
<pin id="2451" dir="1" index="1" bw="16" slack="13"/>
</pin_list>
<bind>
<opset="LENET_C1_W_0_1_4_load_cast_cast "/>
</bind>
</comp>

<comp id="2455" class="1005" name="LENET_C1_W_0_0_0_load_cast_cast_reg_2455">
<pin_list>
<pin id="2456" dir="0" index="0" bw="15" slack="4"/>
<pin id="2457" dir="1" index="1" bw="15" slack="4"/>
</pin_list>
<bind>
<opset="LENET_C1_W_0_0_0_load_cast_cast "/>
</bind>
</comp>

<comp id="2461" class="1005" name="LENET_C1_W_0_1_1_load_cast_cast_reg_2461">
<pin_list>
<pin id="2462" dir="0" index="0" bw="14" slack="9"/>
<pin id="2463" dir="1" index="1" bw="14" slack="9"/>
</pin_list>
<bind>
<opset="LENET_C1_W_0_1_1_load_cast_cast "/>
</bind>
</comp>

<comp id="2467" class="1005" name="LENET_C1_W_0_3_3_load_cast_cast_reg_2467">
<pin_list>
<pin id="2468" dir="0" index="0" bw="16" slack="5"/>
<pin id="2469" dir="1" index="1" bw="16" slack="5"/>
</pin_list>
<bind>
<opset="LENET_C1_W_0_3_3_load_cast_cast "/>
</bind>
</comp>

<comp id="2473" class="1005" name="LENET_C1_W_0_2_2_load_cast_cast_reg_2473">
<pin_list>
<pin id="2474" dir="0" index="0" bw="16" slack="12"/>
<pin id="2475" dir="1" index="1" bw="16" slack="12"/>
</pin_list>
<bind>
<opset="LENET_C1_W_0_2_2_load_cast_cast "/>
</bind>
</comp>

<comp id="2479" class="1005" name="LENET_C1_W_0_1_3_load_cast_cast_reg_2479">
<pin_list>
<pin id="2480" dir="0" index="0" bw="16" slack="5"/>
<pin id="2481" dir="1" index="1" bw="16" slack="5"/>
</pin_list>
<bind>
<opset="LENET_C1_W_0_1_3_load_cast_cast "/>
</bind>
</comp>

<comp id="2485" class="1005" name="LENET_C1_W_0_1_2_load_cast_cast_reg_2485">
<pin_list>
<pin id="2486" dir="0" index="0" bw="15" slack="9"/>
<pin id="2487" dir="1" index="1" bw="15" slack="9"/>
</pin_list>
<bind>
<opset="LENET_C1_W_0_1_2_load_cast_cast "/>
</bind>
</comp>

<comp id="2491" class="1005" name="LENET_C1_W_0_4_2_load_cast_cast_reg_2491">
<pin_list>
<pin id="2492" dir="0" index="0" bw="15" slack="13"/>
<pin id="2493" dir="1" index="1" bw="15" slack="13"/>
</pin_list>
<bind>
<opset="LENET_C1_W_0_4_2_load_cast_cast "/>
</bind>
</comp>

<comp id="2497" class="1005" name="LENET_C1_W_0_2_3_load_cast_cast_reg_2497">
<pin_list>
<pin id="2498" dir="0" index="0" bw="16" slack="12"/>
<pin id="2499" dir="1" index="1" bw="16" slack="12"/>
</pin_list>
<bind>
<opset="LENET_C1_W_0_2_3_load_cast_cast "/>
</bind>
</comp>

<comp id="2503" class="1005" name="LENET_C1_W_0_4_0_load_cast_cast_reg_2503">
<pin_list>
<pin id="2504" dir="0" index="0" bw="16" slack="3"/>
<pin id="2505" dir="1" index="1" bw="16" slack="3"/>
</pin_list>
<bind>
<opset="LENET_C1_W_0_4_0_load_cast_cast "/>
</bind>
</comp>

<comp id="2509" class="1005" name="sub_ln131_cast_reg_2509">
<pin_list>
<pin id="2510" dir="0" index="0" bw="8" slack="18"/>
<pin id="2511" dir="1" index="1" bw="8" slack="18"/>
</pin_list>
<bind>
<opset="sub_ln131_cast "/>
</bind>
</comp>

<comp id="2514" class="1005" name="icmp_ln118_reg_2514">
<pin_list>
<pin id="2515" dir="0" index="0" bw="1" slack="1"/>
<pin id="2516" dir="1" index="1" bw="1" slack="2147483647"/>
</pin_list>
<bind>
<opset="icmp_ln118 "/>
</bind>
</comp>

<comp id="2518" class="1005" name="oh_load_reg_2518">
<pin_list>
<pin id="2519" dir="0" index="0" bw="5" slack="1"/>
<pin id="2520" dir="1" index="1" bw="5" slack="1"/>
</pin_list>
<bind>
<opset="oh_load "/>
</bind>
</comp>

<comp id="2525" class="1005" name="icmp_ln119_reg_2525">
<pin_list>
<pin id="2526" dir="0" index="0" bw="1" slack="1"/>
<pin id="2527" dir="1" index="1" bw="1" slack="1"/>
</pin_list>
<bind>
<opset="icmp_ln119 "/>
</bind>
</comp>

<comp id="2532" class="1005" name="select_ln118_reg_2532">
<pin_list>
<pin id="2533" dir="0" index="0" bw="5" slack="2"/>
<pin id="2534" dir="1" index="1" bw="5" slack="2"/>
</pin_list>
<bind>
<opset="select_ln118 "/>
</bind>
</comp>

<comp id="2546" class="1005" name="select_ln118_1_reg_2546">
<pin_list>
<pin id="2547" dir="0" index="0" bw="5" slack="2"/>
<pin id="2548" dir="1" index="1" bw="5" slack="2"/>
</pin_list>
<bind>
<opset="select_ln118_1 "/>
</bind>
</comp>

<comp id="2555" class="1005" name="trunc_ln118_reg_2555">
<pin_list>
<pin id="2556" dir="0" index="0" bw="1" slack="19"/>
<pin id="2557" dir="1" index="1" bw="1" slack="2147483647"/>
</pin_list>
<bind>
<opset="trunc_ln118 "/>
</bind>
</comp>

<comp id="2559" class="1005" name="zext_ln118_1_mid2_v_reg_2559">
<pin_list>
<pin id="2560" dir="0" index="0" bw="4" slack="18"/>
<pin id="2561" dir="1" index="1" bw="4" slack="18"/>
</pin_list>
<bind>
<opset="zext_ln118_1_mid2_v "/>
</bind>
</comp>

<comp id="2564" class="1005" name="select_ln118_2_reg_2564">
<pin_list>
<pin id="2565" dir="0" index="0" bw="5" slack="3"/>
<pin id="2566" dir="1" index="1" bw="5" slack="3"/>
</pin_list>
<bind>
<opset="select_ln118_2 "/>
</bind>
</comp>

<comp id="2573" class="1005" name="or_ln126_reg_2573">
<pin_list>
<pin id="2574" dir="0" index="0" bw="5" slack="1"/>
<pin id="2575" dir="1" index="1" bw="5" slack="1"/>
</pin_list>
<bind>
<opset="or_ln126 "/>
</bind>
</comp>

<comp id="2581" class="1005" name="x_addr_1_reg_2581">
<pin_list>
<pin id="2582" dir="0" index="0" bw="10" slack="1"/>
<pin id="2583" dir="1" index="1" bw="10" slack="1"/>
</pin_list>
<bind>
<opset="x_addr_1 "/>
</bind>
</comp>

<comp id="2586" class="1005" name="x_addr_6_reg_2586">
<pin_list>
<pin id="2587" dir="0" index="0" bw="10" slack="1"/>
<pin id="2588" dir="1" index="1" bw="10" slack="1"/>
</pin_list>
<bind>
<opset="x_addr_6 "/>
</bind>
</comp>

<comp id="2591" class="1005" name="add_ln118_reg_2591">
<pin_list>
<pin id="2592" dir="0" index="0" bw="5" slack="6"/>
<pin id="2593" dir="1" index="1" bw="5" slack="6"/>
</pin_list>
<bind>
<opset="add_ln118 "/>
</bind>
</comp>

<comp id="2600" class="1005" name="add_ln118_1_reg_2600">
<pin_list>
<pin id="2601" dir="0" index="0" bw="5" slack="3"/>
<pin id="2602" dir="1" index="1" bw="5" slack="3"/>
</pin_list>
<bind>
<opset="add_ln118_1 "/>
</bind>
</comp>

<comp id="2610" class="1005" name="add_ln118_2_reg_2610">
<pin_list>
<pin id="2611" dir="0" index="0" bw="5" slack="4"/>
<pin id="2612" dir="1" index="1" bw="5" slack="4"/>
</pin_list>
<bind>
<opset="add_ln118_2 "/>
</bind>
</comp>

<comp id="2619" class="1005" name="x_addr_11_reg_2619">
<pin_list>
<pin id="2620" dir="0" index="0" bw="10" slack="1"/>
<pin id="2621" dir="1" index="1" bw="10" slack="1"/>
</pin_list>
<bind>
<opset="x_addr_11 "/>
</bind>
</comp>

<comp id="2624" class="1005" name="x_addr_21_reg_2624">
<pin_list>
<pin id="2625" dir="0" index="0" bw="10" slack="1"/>
<pin id="2626" dir="1" index="1" bw="10" slack="1"/>
</pin_list>
<bind>
<opset="x_addr_21 "/>
</bind>
</comp>

<comp id="2629" class="1005" name="zext_ln126_2_reg_2629">
<pin_list>
<pin id="2630" dir="0" index="0" bw="15" slack="1"/>
<pin id="2631" dir="1" index="1" bw="15" slack="1"/>
</pin_list>
<bind>
<opset="zext_ln126_2 "/>
</bind>
</comp>

<comp id="2635" class="1005" name="add_ln126_reg_2635">
<pin_list>
<pin id="2636" dir="0" index="0" bw="5" slack="2"/>
<pin id="2637" dir="1" index="1" bw="5" slack="2"/>
</pin_list>
<bind>
<opset="add_ln126 "/>
</bind>
</comp>

<comp id="2643" class="1005" name="x_addr_2_reg_2643">
<pin_list>
<pin id="2644" dir="0" index="0" bw="10" slack="1"/>
<pin id="2645" dir="1" index="1" bw="10" slack="1"/>
</pin_list>
<bind>
<opset="x_addr_2 "/>
</bind>
</comp>

<comp id="2648" class="1005" name="add_ln126_1_reg_2648">
<pin_list>
<pin id="2649" dir="0" index="0" bw="5" slack="1"/>
<pin id="2650" dir="1" index="1" bw="5" slack="1"/>
</pin_list>
<bind>
<opset="add_ln126_1 "/>
</bind>
</comp>

<comp id="2656" class="1005" name="x_addr_3_reg_2656">
<pin_list>
<pin id="2657" dir="0" index="0" bw="10" slack="1"/>
<pin id="2658" dir="1" index="1" bw="10" slack="1"/>
</pin_list>
<bind>
<opset="x_addr_3 "/>
</bind>
</comp>

<comp id="2661" class="1005" name="mul_ln85_37_reg_2661">
<pin_list>
<pin id="2662" dir="0" index="0" bw="15" slack="4"/>
<pin id="2663" dir="1" index="1" bw="15" slack="4"/>
</pin_list>
<bind>
<opset="mul_ln85_37 "/>
</bind>
</comp>

<comp id="2666" class="1005" name="zext_ln126_4_reg_2666">
<pin_list>
<pin id="2667" dir="0" index="0" bw="15" slack="1"/>
<pin id="2668" dir="1" index="1" bw="15" slack="1"/>
</pin_list>
<bind>
<opset="zext_ln126_4 "/>
</bind>
</comp>

<comp id="2671" class="1005" name="x_addr_8_reg_2671">
<pin_list>
<pin id="2672" dir="0" index="0" bw="10" slack="1"/>
<pin id="2673" dir="1" index="1" bw="10" slack="1"/>
</pin_list>
<bind>
<opset="x_addr_8 "/>
</bind>
</comp>

<comp id="2676" class="1005" name="zext_ln126_8_reg_2676">
<pin_list>
<pin id="2677" dir="0" index="0" bw="15" slack="1"/>
<pin id="2678" dir="1" index="1" bw="15" slack="1"/>
</pin_list>
<bind>
<opset="zext_ln126_8 "/>
</bind>
</comp>

<comp id="2681" class="1005" name="add_ln126_2_reg_2681">
<pin_list>
<pin id="2682" dir="0" index="0" bw="5" slack="1"/>
<pin id="2683" dir="1" index="1" bw="5" slack="1"/>
</pin_list>
<bind>
<opset="add_ln126_2 "/>
</bind>
</comp>

<comp id="2689" class="1005" name="x_addr_4_reg_2689">
<pin_list>
<pin id="2690" dir="0" index="0" bw="10" slack="1"/>
<pin id="2691" dir="1" index="1" bw="10" slack="1"/>
</pin_list>
<bind>
<opset="x_addr_4 "/>
</bind>
</comp>

<comp id="2694" class="1005" name="zext_ln126_33_reg_2694">
<pin_list>
<pin id="2695" dir="0" index="0" bw="16" slack="9"/>
<pin id="2696" dir="1" index="1" bw="16" slack="9"/>
</pin_list>
<bind>
<opset="zext_ln126_33 "/>
</bind>
</comp>

<comp id="2699" class="1005" name="mul_ln85_25_reg_2699">
<pin_list>
<pin id="2700" dir="0" index="0" bw="16" slack="4"/>
<pin id="2701" dir="1" index="1" bw="16" slack="4"/>
</pin_list>
<bind>
<opset="mul_ln85_25 "/>
</bind>
</comp>

<comp id="2704" class="1005" name="x_addr_17_reg_2704">
<pin_list>
<pin id="2705" dir="0" index="0" bw="10" slack="1"/>
<pin id="2706" dir="1" index="1" bw="10" slack="1"/>
</pin_list>
<bind>
<opset="x_addr_17 "/>
</bind>
</comp>

<comp id="2709" class="1005" name="zext_ln126_5_reg_2709">
<pin_list>
<pin id="2710" dir="0" index="0" bw="16" slack="1"/>
<pin id="2711" dir="1" index="1" bw="16" slack="1"/>
</pin_list>
<bind>
<opset="zext_ln126_5 "/>
</bind>
</comp>

<comp id="2714" class="1005" name="x_addr_19_reg_2714">
<pin_list>
<pin id="2715" dir="0" index="0" bw="10" slack="1"/>
<pin id="2716" dir="1" index="1" bw="10" slack="1"/>
</pin_list>
<bind>
<opset="x_addr_19 "/>
</bind>
</comp>

<comp id="2719" class="1005" name="zext_ln126_10_reg_2719">
<pin_list>
<pin id="2720" dir="0" index="0" bw="15" slack="1"/>
<pin id="2721" dir="1" index="1" bw="15" slack="1"/>
</pin_list>
<bind>
<opset="zext_ln126_10 "/>
</bind>
</comp>

<comp id="2724" class="1005" name="add_ln85_12_reg_2724">
<pin_list>
<pin id="2725" dir="0" index="0" bw="17" slack="5"/>
<pin id="2726" dir="1" index="1" bw="17" slack="5"/>
</pin_list>
<bind>
<opset="add_ln85_12 "/>
</bind>
</comp>

<comp id="2729" class="1005" name="zext_ln126_7_reg_2729">
<pin_list>
<pin id="2730" dir="0" index="0" bw="16" slack="1"/>
<pin id="2731" dir="1" index="1" bw="16" slack="1"/>
</pin_list>
<bind>
<opset="zext_ln126_7 "/>
</bind>
</comp>

<comp id="2734" class="1005" name="x_addr_24_reg_2734">
<pin_list>
<pin id="2735" dir="0" index="0" bw="10" slack="1"/>
<pin id="2736" dir="1" index="1" bw="10" slack="1"/>
</pin_list>
<bind>
<opset="x_addr_24 "/>
</bind>
</comp>

<comp id="2739" class="1005" name="zext_ln126_31_reg_2739">
<pin_list>
<pin id="2740" dir="0" index="0" bw="16" slack="1"/>
<pin id="2741" dir="1" index="1" bw="16" slack="1"/>
</pin_list>
<bind>
<opset="zext_ln126_31 "/>
</bind>
</comp>

<comp id="2745" class="1005" name="mul_ln85_4_reg_2745">
<pin_list>
<pin id="2746" dir="0" index="0" bw="16" slack="5"/>
<pin id="2747" dir="1" index="1" bw="16" slack="5"/>
</pin_list>
<bind>
<opset="mul_ln85_4 "/>
</bind>
</comp>

<comp id="2750" class="1005" name="sext_ln85_7_reg_2750">
<pin_list>
<pin id="2751" dir="0" index="0" bw="17" slack="1"/>
<pin id="2752" dir="1" index="1" bw="17" slack="1"/>
</pin_list>
<bind>
<opset="sext_ln85_7 "/>
</bind>
</comp>

<comp id="2755" class="1005" name="zext_ln126_65_reg_2755">
<pin_list>
<pin id="2756" dir="0" index="0" bw="10" slack="8"/>
<pin id="2757" dir="1" index="1" bw="10" slack="8"/>
</pin_list>
<bind>
<opset="zext_ln126_65 "/>
</bind>
</comp>

<comp id="2763" class="1005" name="x_addr_26_reg_2763">
<pin_list>
<pin id="2764" dir="0" index="0" bw="10" slack="1"/>
<pin id="2765" dir="1" index="1" bw="10" slack="1"/>
</pin_list>
<bind>
<opset="x_addr_26 "/>
</bind>
</comp>

<comp id="2768" class="1005" name="x_addr_reg_2768">
<pin_list>
<pin id="2769" dir="0" index="0" bw="10" slack="1"/>
<pin id="2770" dir="1" index="1" bw="10" slack="1"/>
</pin_list>
<bind>
<opset="x_addr "/>
</bind>
</comp>

<comp id="2773" class="1005" name="x_addr_5_reg_2773">
<pin_list>
<pin id="2774" dir="0" index="0" bw="10" slack="1"/>
<pin id="2775" dir="1" index="1" bw="10" slack="1"/>
</pin_list>
<bind>
<opset="x_addr_5 "/>
</bind>
</comp>

<comp id="2778" class="1005" name="zext_ln126_29_reg_2778">
<pin_list>
<pin id="2779" dir="0" index="0" bw="16" slack="5"/>
<pin id="2780" dir="1" index="1" bw="16" slack="5"/>
</pin_list>
<bind>
<opset="zext_ln126_29 "/>
</bind>
</comp>

<comp id="2783" class="1005" name="mul_ln85_23_reg_2783">
<pin_list>
<pin id="2784" dir="0" index="0" bw="16" slack="1"/>
<pin id="2785" dir="1" index="1" bw="16" slack="1"/>
</pin_list>
<bind>
<opset="mul_ln85_23 "/>
</bind>
</comp>

<comp id="2788" class="1005" name="sext_ln85_27_reg_2788">
<pin_list>
<pin id="2789" dir="0" index="0" bw="18" slack="1"/>
<pin id="2790" dir="1" index="1" bw="18" slack="1"/>
</pin_list>
<bind>
<opset="sext_ln85_27 "/>
</bind>
</comp>

<comp id="2793" class="1005" name="zext_ln85_16_reg_2793">
<pin_list>
<pin id="2794" dir="0" index="0" bw="16" slack="1"/>
<pin id="2795" dir="1" index="1" bw="16" slack="1"/>
</pin_list>
<bind>
<opset="zext_ln85_16 "/>
</bind>
</comp>

<comp id="2798" class="1005" name="sext_ln85_61_reg_2798">
<pin_list>
<pin id="2799" dir="0" index="0" bw="18" slack="1"/>
<pin id="2800" dir="1" index="1" bw="18" slack="1"/>
</pin_list>
<bind>
<opset="sext_ln85_61 "/>
</bind>
</comp>

<comp id="2803" class="1005" name="x_addr_10_reg_2803">
<pin_list>
<pin id="2804" dir="0" index="0" bw="10" slack="1"/>
<pin id="2805" dir="1" index="1" bw="10" slack="1"/>
</pin_list>
<bind>
<opset="x_addr_10 "/>
</bind>
</comp>

<comp id="2808" class="1005" name="x_addr_15_reg_2808">
<pin_list>
<pin id="2809" dir="0" index="0" bw="10" slack="1"/>
<pin id="2810" dir="1" index="1" bw="10" slack="1"/>
</pin_list>
<bind>
<opset="x_addr_15 "/>
</bind>
</comp>

<comp id="2813" class="1005" name="zext_ln126_reg_2813">
<pin_list>
<pin id="2814" dir="0" index="0" bw="15" slack="1"/>
<pin id="2815" dir="1" index="1" bw="15" slack="1"/>
</pin_list>
<bind>
<opset="zext_ln126 "/>
</bind>
</comp>

<comp id="2818" class="1005" name="x_load_5_reg_2818">
<pin_list>
<pin id="2819" dir="0" index="0" bw="8" slack="3"/>
<pin id="2820" dir="1" index="1" bw="8" slack="3"/>
</pin_list>
<bind>
<opset="x_load_5 "/>
</bind>
</comp>

<comp id="2823" class="1005" name="sext_ln85_12_reg_2823">
<pin_list>
<pin id="2824" dir="0" index="0" bw="17" slack="1"/>
<pin id="2825" dir="1" index="1" bw="17" slack="1"/>
</pin_list>
<bind>
<opset="sext_ln85_12 "/>
</bind>
</comp>

<comp id="2828" class="1005" name="add_ln85_15_reg_2828">
<pin_list>
<pin id="2829" dir="0" index="0" bw="18" slack="3"/>
<pin id="2830" dir="1" index="1" bw="18" slack="3"/>
</pin_list>
<bind>
<opset="add_ln85_15 "/>
</bind>
</comp>

<comp id="2833" class="1005" name="sext_ln85_36_reg_2833">
<pin_list>
<pin id="2834" dir="0" index="0" bw="17" slack="1"/>
<pin id="2835" dir="1" index="1" bw="17" slack="1"/>
</pin_list>
<bind>
<opset="sext_ln85_36 "/>
</bind>
</comp>

<comp id="2838" class="1005" name="add_ln85_38_reg_2838">
<pin_list>
<pin id="2839" dir="0" index="0" bw="18" slack="1"/>
<pin id="2840" dir="1" index="1" bw="18" slack="1"/>
</pin_list>
<bind>
<opset="add_ln85_38 "/>
</bind>
</comp>

<comp id="2843" class="1005" name="zext_ln85_21_reg_2843">
<pin_list>
<pin id="2844" dir="0" index="0" bw="17" slack="1"/>
<pin id="2845" dir="1" index="1" bw="17" slack="1"/>
</pin_list>
<bind>
<opset="zext_ln85_21 "/>
</bind>
</comp>

<comp id="2848" class="1005" name="x_addr_20_reg_2848">
<pin_list>
<pin id="2849" dir="0" index="0" bw="10" slack="1"/>
<pin id="2850" dir="1" index="1" bw="10" slack="1"/>
</pin_list>
<bind>
<opset="x_addr_20 "/>
</bind>
</comp>

<comp id="2853" class="1005" name="x_addr_16_reg_2853">
<pin_list>
<pin id="2854" dir="0" index="0" bw="10" slack="1"/>
<pin id="2855" dir="1" index="1" bw="10" slack="1"/>
</pin_list>
<bind>
<opset="x_addr_16 "/>
</bind>
</comp>

<comp id="2858" class="1005" name="zext_ln126_20_reg_2858">
<pin_list>
<pin id="2859" dir="0" index="0" bw="15" slack="1"/>
<pin id="2860" dir="1" index="1" bw="15" slack="1"/>
</pin_list>
<bind>
<opset="zext_ln126_20 "/>
</bind>
</comp>

<comp id="2863" class="1005" name="zext_ln126_26_reg_2863">
<pin_list>
<pin id="2864" dir="0" index="0" bw="15" slack="1"/>
<pin id="2865" dir="1" index="1" bw="15" slack="1"/>
</pin_list>
<bind>
<opset="zext_ln126_26 "/>
</bind>
</comp>

<comp id="2868" class="1005" name="add_ln85_2_reg_2868">
<pin_list>
<pin id="2869" dir="0" index="0" bw="17" slack="3"/>
<pin id="2870" dir="1" index="1" bw="17" slack="3"/>
</pin_list>
<bind>
<opset="add_ln85_2 "/>
</bind>
</comp>

<comp id="2873" class="1005" name="add_ln85_33_reg_2873">
<pin_list>
<pin id="2874" dir="0" index="0" bw="17" slack="8"/>
<pin id="2875" dir="1" index="1" bw="17" slack="8"/>
</pin_list>
<bind>
<opset="add_ln85_33 "/>
</bind>
</comp>

<comp id="2878" class="1005" name="add_ln85_41_reg_2878">
<pin_list>
<pin id="2879" dir="0" index="0" bw="19" slack="10"/>
<pin id="2880" dir="1" index="1" bw="19" slack="10"/>
</pin_list>
<bind>
<opset="add_ln85_41 "/>
</bind>
</comp>

<comp id="2883" class="1005" name="x_addr_7_reg_2883">
<pin_list>
<pin id="2884" dir="0" index="0" bw="10" slack="1"/>
<pin id="2885" dir="1" index="1" bw="10" slack="1"/>
</pin_list>
<bind>
<opset="x_addr_7 "/>
</bind>
</comp>

<comp id="2888" class="1005" name="x_addr_9_reg_2888">
<pin_list>
<pin id="2889" dir="0" index="0" bw="10" slack="1"/>
<pin id="2890" dir="1" index="1" bw="10" slack="1"/>
</pin_list>
<bind>
<opset="x_addr_9 "/>
</bind>
</comp>

<comp id="2893" class="1005" name="zext_ln126_14_reg_2893">
<pin_list>
<pin id="2894" dir="0" index="0" bw="14" slack="1"/>
<pin id="2895" dir="1" index="1" bw="14" slack="1"/>
</pin_list>
<bind>
<opset="zext_ln126_14 "/>
</bind>
</comp>

<comp id="2898" class="1005" name="zext_ln126_17_reg_2898">
<pin_list>
<pin id="2899" dir="0" index="0" bw="15" slack="1"/>
<pin id="2900" dir="1" index="1" bw="15" slack="1"/>
</pin_list>
<bind>
<opset="zext_ln126_17 "/>
</bind>
</comp>

<comp id="2903" class="1005" name="zext_ln126_32_reg_2903">
<pin_list>
<pin id="2904" dir="0" index="0" bw="16" slack="1"/>
<pin id="2905" dir="1" index="1" bw="16" slack="1"/>
</pin_list>
<bind>
<opset="zext_ln126_32 "/>
</bind>
</comp>

<comp id="2908" class="1005" name="sext_ln85_25_reg_2908">
<pin_list>
<pin id="2909" dir="0" index="0" bw="18" slack="1"/>
<pin id="2910" dir="1" index="1" bw="18" slack="1"/>
</pin_list>
<bind>
<opset="sext_ln85_25 "/>
</bind>
</comp>

<comp id="2913" class="1005" name="x_addr_12_reg_2913">
<pin_list>
<pin id="2914" dir="0" index="0" bw="10" slack="1"/>
<pin id="2915" dir="1" index="1" bw="10" slack="1"/>
</pin_list>
<bind>
<opset="x_addr_12 "/>
</bind>
</comp>

<comp id="2918" class="1005" name="x_addr_13_reg_2918">
<pin_list>
<pin id="2919" dir="0" index="0" bw="10" slack="1"/>
<pin id="2920" dir="1" index="1" bw="10" slack="1"/>
</pin_list>
<bind>
<opset="x_addr_13 "/>
</bind>
</comp>

<comp id="2923" class="1005" name="zext_ln126_12_reg_2923">
<pin_list>
<pin id="2924" dir="0" index="0" bw="15" slack="1"/>
<pin id="2925" dir="1" index="1" bw="15" slack="1"/>
</pin_list>
<bind>
<opset="zext_ln126_12 "/>
</bind>
</comp>

<comp id="2928" class="1005" name="zext_ln126_15_reg_2928">
<pin_list>
<pin id="2929" dir="0" index="0" bw="14" slack="1"/>
<pin id="2930" dir="1" index="1" bw="14" slack="1"/>
</pin_list>
<bind>
<opset="zext_ln126_15 "/>
</bind>
</comp>

<comp id="2933" class="1005" name="zext_ln126_21_reg_2933">
<pin_list>
<pin id="2934" dir="0" index="0" bw="15" slack="1"/>
<pin id="2935" dir="1" index="1" bw="15" slack="1"/>
</pin_list>
<bind>
<opset="zext_ln126_21 "/>
</bind>
</comp>

<comp id="2939" class="1005" name="sext_ln85_3_reg_2939">
<pin_list>
<pin id="2940" dir="0" index="0" bw="17" slack="1"/>
<pin id="2941" dir="1" index="1" bw="17" slack="1"/>
</pin_list>
<bind>
<opset="sext_ln85_3 "/>
</bind>
</comp>

<comp id="2944" class="1005" name="sext_ln85_9_reg_2944">
<pin_list>
<pin id="2945" dir="0" index="0" bw="17" slack="1"/>
<pin id="2946" dir="1" index="1" bw="17" slack="1"/>
</pin_list>
<bind>
<opset="sext_ln85_9 "/>
</bind>
</comp>

<comp id="2949" class="1005" name="add_ln85_16_reg_2949">
<pin_list>
<pin id="2950" dir="0" index="0" bw="19" slack="5"/>
<pin id="2951" dir="1" index="1" bw="19" slack="5"/>
</pin_list>
<bind>
<opset="add_ln85_16 "/>
</bind>
</comp>

<comp id="2954" class="1005" name="x_addr_18_reg_2954">
<pin_list>
<pin id="2955" dir="0" index="0" bw="10" slack="1"/>
<pin id="2956" dir="1" index="1" bw="10" slack="1"/>
</pin_list>
<bind>
<opset="x_addr_18 "/>
</bind>
</comp>

<comp id="2959" class="1005" name="x_addr_14_reg_2959">
<pin_list>
<pin id="2960" dir="0" index="0" bw="10" slack="1"/>
<pin id="2961" dir="1" index="1" bw="10" slack="1"/>
</pin_list>
<bind>
<opset="x_addr_14 "/>
</bind>
</comp>

<comp id="2964" class="1005" name="zext_ln126_19_reg_2964">
<pin_list>
<pin id="2965" dir="0" index="0" bw="16" slack="2"/>
<pin id="2966" dir="1" index="1" bw="16" slack="2"/>
</pin_list>
<bind>
<opset="zext_ln126_19 "/>
</bind>
</comp>

<comp id="2969" class="1005" name="zext_ln85_reg_2969">
<pin_list>
<pin id="2970" dir="0" index="0" bw="16" slack="1"/>
<pin id="2971" dir="1" index="1" bw="16" slack="1"/>
</pin_list>
<bind>
<opset="zext_ln85 "/>
</bind>
</comp>

<comp id="2975" class="1005" name="zext_ln85_1_reg_2975">
<pin_list>
<pin id="2976" dir="0" index="0" bw="16" slack="1"/>
<pin id="2977" dir="1" index="1" bw="16" slack="1"/>
</pin_list>
<bind>
<opset="zext_ln85_1 "/>
</bind>
</comp>

<comp id="2980" class="1005" name="sext_ln85_16_reg_2980">
<pin_list>
<pin id="2981" dir="0" index="0" bw="18" slack="1"/>
<pin id="2982" dir="1" index="1" bw="18" slack="1"/>
</pin_list>
<bind>
<opset="sext_ln85_16 "/>
</bind>
</comp>

<comp id="2985" class="1005" name="add_ln85_8_reg_2985">
<pin_list>
<pin id="2986" dir="0" index="0" bw="17" slack="6"/>
<pin id="2987" dir="1" index="1" bw="17" slack="6"/>
</pin_list>
<bind>
<opset="add_ln85_8 "/>
</bind>
</comp>

<comp id="2990" class="1005" name="add_ln85_19_reg_2990">
<pin_list>
<pin id="2991" dir="0" index="0" bw="17" slack="3"/>
<pin id="2992" dir="1" index="1" bw="17" slack="3"/>
</pin_list>
<bind>
<opset="add_ln85_19 "/>
</bind>
</comp>

<comp id="2995" class="1005" name="sext_ln85_39_reg_2995">
<pin_list>
<pin id="2996" dir="0" index="0" bw="17" slack="1"/>
<pin id="2997" dir="1" index="1" bw="17" slack="1"/>
</pin_list>
<bind>
<opset="sext_ln85_39 "/>
</bind>
</comp>

<comp id="3000" class="1005" name="x_addr_22_reg_3000">
<pin_list>
<pin id="3001" dir="0" index="0" bw="10" slack="1"/>
<pin id="3002" dir="1" index="1" bw="10" slack="1"/>
</pin_list>
<bind>
<opset="x_addr_22 "/>
</bind>
</comp>

<comp id="3005" class="1005" name="x_addr_23_reg_3005">
<pin_list>
<pin id="3006" dir="0" index="0" bw="10" slack="1"/>
<pin id="3007" dir="1" index="1" bw="10" slack="1"/>
</pin_list>
<bind>
<opset="x_addr_23 "/>
</bind>
</comp>

<comp id="3010" class="1005" name="zext_ln126_24_reg_3010">
<pin_list>
<pin id="3011" dir="0" index="0" bw="16" slack="3"/>
<pin id="3012" dir="1" index="1" bw="16" slack="3"/>
</pin_list>
<bind>
<opset="zext_ln126_24 "/>
</bind>
</comp>

<comp id="3015" class="1005" name="zext_ln126_30_reg_3015">
<pin_list>
<pin id="3016" dir="0" index="0" bw="16" slack="1"/>
<pin id="3017" dir="1" index="1" bw="16" slack="1"/>
</pin_list>
<bind>
<opset="zext_ln126_30 "/>
</bind>
</comp>

<comp id="3021" class="1005" name="sext_ln85_1_reg_3021">
<pin_list>
<pin id="3022" dir="0" index="0" bw="17" slack="1"/>
<pin id="3023" dir="1" index="1" bw="17" slack="1"/>
</pin_list>
<bind>
<opset="sext_ln85_1 "/>
</bind>
</comp>

<comp id="3026" class="1005" name="mul_ln85_5_reg_3026">
<pin_list>
<pin id="3027" dir="0" index="0" bw="16" slack="4"/>
<pin id="3028" dir="1" index="1" bw="16" slack="4"/>
</pin_list>
<bind>
<opset="mul_ln85_5 "/>
</bind>
</comp>

<comp id="3031" class="1005" name="add_ln85_3_reg_3031">
<pin_list>
<pin id="3032" dir="0" index="0" bw="18" slack="4"/>
<pin id="3033" dir="1" index="1" bw="18" slack="4"/>
</pin_list>
<bind>
<opset="add_ln85_3 "/>
</bind>
</comp>

<comp id="3036" class="1005" name="add_ln85_17_reg_3036">
<pin_list>
<pin id="3037" dir="0" index="0" bw="16" slack="1"/>
<pin id="3038" dir="1" index="1" bw="16" slack="1"/>
</pin_list>
<bind>
<opset="add_ln85_17 "/>
</bind>
</comp>

<comp id="3041" class="1005" name="add_ln85_42_reg_3041">
<pin_list>
<pin id="3042" dir="0" index="0" bw="17" slack="1"/>
<pin id="3043" dir="1" index="1" bw="17" slack="1"/>
</pin_list>
<bind>
<opset="add_ln85_42 "/>
</bind>
</comp>

<comp id="3046" class="1005" name="zext_ln126_25_reg_3046">
<pin_list>
<pin id="3047" dir="0" index="0" bw="16" slack="1"/>
<pin id="3048" dir="1" index="1" bw="16" slack="1"/>
</pin_list>
<bind>
<opset="zext_ln126_25 "/>
</bind>
</comp>

<comp id="3051" class="1005" name="zext_ln126_27_reg_3051">
<pin_list>
<pin id="3052" dir="0" index="0" bw="15" slack="1"/>
<pin id="3053" dir="1" index="1" bw="15" slack="1"/>
</pin_list>
<bind>
<opset="zext_ln126_27 "/>
</bind>
</comp>

<comp id="3056" class="1005" name="zext_ln126_35_reg_3056">
<pin_list>
<pin id="3057" dir="0" index="0" bw="15" slack="1"/>
<pin id="3058" dir="1" index="1" bw="15" slack="1"/>
</pin_list>
<bind>
<opset="zext_ln126_35 "/>
</bind>
</comp>

<comp id="3061" class="1005" name="sext_ln85_6_reg_3061">
<pin_list>
<pin id="3062" dir="0" index="0" bw="17" slack="1"/>
<pin id="3063" dir="1" index="1" bw="17" slack="1"/>
</pin_list>
<bind>
<opset="sext_ln85_6 "/>
</bind>
</comp>

<comp id="3066" class="1005" name="add_ln85_5_reg_3066">
<pin_list>
<pin id="3067" dir="0" index="0" bw="17" slack="1"/>
<pin id="3068" dir="1" index="1" bw="17" slack="1"/>
</pin_list>
<bind>
<opset="add_ln85_5 "/>
</bind>
</comp>

<comp id="3071" class="1005" name="add_ln85_18_reg_3071">
<pin_list>
<pin id="3072" dir="0" index="0" bw="16" slack="1"/>
<pin id="3073" dir="1" index="1" bw="16" slack="1"/>
</pin_list>
<bind>
<opset="add_ln85_18 "/>
</bind>
</comp>

<comp id="3076" class="1005" name="x_addr_25_reg_3076">
<pin_list>
<pin id="3077" dir="0" index="0" bw="10" slack="1"/>
<pin id="3078" dir="1" index="1" bw="10" slack="1"/>
</pin_list>
<bind>
<opset="x_addr_25 "/>
</bind>
</comp>

<comp id="3081" class="1005" name="x_addr_27_reg_3081">
<pin_list>
<pin id="3082" dir="0" index="0" bw="10" slack="1"/>
<pin id="3083" dir="1" index="1" bw="10" slack="1"/>
</pin_list>
<bind>
<opset="x_addr_27 "/>
</bind>
</comp>

<comp id="3086" class="1005" name="sext_ln85_37_reg_3086">
<pin_list>
<pin id="3087" dir="0" index="0" bw="17" slack="1"/>
<pin id="3088" dir="1" index="1" bw="17" slack="1"/>
</pin_list>
<bind>
<opset="sext_ln85_37 "/>
</bind>
</comp>

<comp id="3091" class="1005" name="add_ln85_43_reg_3091">
<pin_list>
<pin id="3092" dir="0" index="0" bw="17" slack="4"/>
<pin id="3093" dir="1" index="1" bw="17" slack="4"/>
</pin_list>
<bind>
<opset="add_ln85_43 "/>
</bind>
</comp>

<comp id="3096" class="1005" name="zext_ln126_22_reg_3096">
<pin_list>
<pin id="3097" dir="0" index="0" bw="15" slack="1"/>
<pin id="3098" dir="1" index="1" bw="15" slack="1"/>
</pin_list>
<bind>
<opset="zext_ln126_22 "/>
</bind>
</comp>

<comp id="3101" class="1005" name="mul_ln85_10_reg_3101">
<pin_list>
<pin id="3102" dir="0" index="0" bw="16" slack="1"/>
<pin id="3103" dir="1" index="1" bw="16" slack="1"/>
</pin_list>
<bind>
<opset="mul_ln85_10 "/>
</bind>
</comp>

<comp id="3106" class="1005" name="sext_ln85_18_reg_3106">
<pin_list>
<pin id="3107" dir="0" index="0" bw="18" slack="1"/>
<pin id="3108" dir="1" index="1" bw="18" slack="1"/>
</pin_list>
<bind>
<opset="sext_ln85_18 "/>
</bind>
</comp>

<comp id="3111" class="1005" name="add_ln85_22_reg_3111">
<pin_list>
<pin id="3112" dir="0" index="0" bw="19" slack="1"/>
<pin id="3113" dir="1" index="1" bw="19" slack="1"/>
</pin_list>
<bind>
<opset="add_ln85_22 "/>
</bind>
</comp>

<comp id="3116" class="1005" name="x_addr_28_reg_3116">
<pin_list>
<pin id="3117" dir="0" index="0" bw="10" slack="1"/>
<pin id="3118" dir="1" index="1" bw="10" slack="1"/>
</pin_list>
<bind>
<opset="x_addr_28 "/>
</bind>
</comp>

<comp id="3121" class="1005" name="x_addr_29_reg_3121">
<pin_list>
<pin id="3122" dir="0" index="0" bw="10" slack="1"/>
<pin id="3123" dir="1" index="1" bw="10" slack="1"/>
</pin_list>
<bind>
<opset="x_addr_29 "/>
</bind>
</comp>

<comp id="3126" class="1005" name="zext_ln126_40_reg_3126">
<pin_list>
<pin id="3127" dir="0" index="0" bw="16" slack="1"/>
<pin id="3128" dir="1" index="1" bw="16" slack="1"/>
</pin_list>
<bind>
<opset="zext_ln126_40 "/>
</bind>
</comp>

<comp id="3131" class="1005" name="mul_ln85_38_reg_3131">
<pin_list>
<pin id="3132" dir="0" index="0" bw="16" slack="1"/>
<pin id="3133" dir="1" index="1" bw="16" slack="1"/>
</pin_list>
<bind>
<opset="mul_ln85_38 "/>
</bind>
</comp>

<comp id="3136" class="1005" name="add_ln85_30_reg_3136">
<pin_list>
<pin id="3137" dir="0" index="0" bw="17" slack="3"/>
<pin id="3138" dir="1" index="1" bw="17" slack="3"/>
</pin_list>
<bind>
<opset="add_ln85_30 "/>
</bind>
</comp>

<comp id="3141" class="1005" name="zext_ln126_36_reg_3141">
<pin_list>
<pin id="3142" dir="0" index="0" bw="15" slack="1"/>
<pin id="3143" dir="1" index="1" bw="15" slack="1"/>
</pin_list>
<bind>
<opset="zext_ln126_36 "/>
</bind>
</comp>

<comp id="3146" class="1005" name="sext_ln85_14_reg_3146">
<pin_list>
<pin id="3147" dir="0" index="0" bw="17" slack="1"/>
<pin id="3148" dir="1" index="1" bw="17" slack="1"/>
</pin_list>
<bind>
<opset="sext_ln85_14 "/>
</bind>
</comp>

<comp id="3151" class="1005" name="add_ln85_6_reg_3151">
<pin_list>
<pin id="3152" dir="0" index="0" bw="18" slack="2"/>
<pin id="3153" dir="1" index="1" bw="18" slack="2"/>
</pin_list>
<bind>
<opset="add_ln85_6 "/>
</bind>
</comp>

<comp id="3156" class="1005" name="add_ln85_23_reg_3156">
<pin_list>
<pin id="3157" dir="0" index="0" bw="20" slack="3"/>
<pin id="3158" dir="1" index="1" bw="20" slack="3"/>
</pin_list>
<bind>
<opset="add_ln85_23 "/>
</bind>
</comp>

<comp id="3161" class="1005" name="zext_ln126_39_reg_3161">
<pin_list>
<pin id="3162" dir="0" index="0" bw="16" slack="1"/>
<pin id="3163" dir="1" index="1" bw="16" slack="1"/>
</pin_list>
<bind>
<opset="zext_ln126_39 "/>
</bind>
</comp>

<comp id="3166" class="1005" name="zext_ln126_41_reg_3166">
<pin_list>
<pin id="3167" dir="0" index="0" bw="16" slack="1"/>
<pin id="3168" dir="1" index="1" bw="16" slack="1"/>
</pin_list>
<bind>
<opset="zext_ln126_41 "/>
</bind>
</comp>

<comp id="3171" class="1005" name="sext_ln85_40_reg_3171">
<pin_list>
<pin id="3172" dir="0" index="0" bw="17" slack="1"/>
<pin id="3173" dir="1" index="1" bw="17" slack="1"/>
</pin_list>
<bind>
<opset="sext_ln85_40 "/>
</bind>
</comp>

<comp id="3176" class="1005" name="sext_ln85_48_reg_3176">
<pin_list>
<pin id="3177" dir="0" index="0" bw="17" slack="1"/>
<pin id="3178" dir="1" index="1" bw="17" slack="1"/>
</pin_list>
<bind>
<opset="sext_ln85_48 "/>
</bind>
</comp>

<comp id="3181" class="1005" name="add_ln85_27_reg_3181">
<pin_list>
<pin id="3182" dir="0" index="0" bw="16" slack="2"/>
<pin id="3183" dir="1" index="1" bw="16" slack="2"/>
</pin_list>
<bind>
<opset="add_ln85_27 "/>
</bind>
</comp>

<comp id="3186" class="1005" name="sext_ln85_4_reg_3186">
<pin_list>
<pin id="3187" dir="0" index="0" bw="17" slack="1"/>
<pin id="3188" dir="1" index="1" bw="17" slack="1"/>
</pin_list>
<bind>
<opset="sext_ln85_4 "/>
</bind>
</comp>

<comp id="3191" class="1005" name="add_ln85_4_reg_3191">
<pin_list>
<pin id="3192" dir="0" index="0" bw="18" slack="2"/>
<pin id="3193" dir="1" index="1" bw="18" slack="2"/>
</pin_list>
<bind>
<opset="add_ln85_4 "/>
</bind>
</comp>

<comp id="3196" class="1005" name="sext_ln85_44_reg_3196">
<pin_list>
<pin id="3197" dir="0" index="0" bw="17" slack="1"/>
<pin id="3198" dir="1" index="1" bw="17" slack="1"/>
</pin_list>
<bind>
<opset="sext_ln85_44 "/>
</bind>
</comp>

<comp id="3201" class="1005" name="sext_ln85_49_reg_3201">
<pin_list>
<pin id="3202" dir="0" index="0" bw="17" slack="1"/>
<pin id="3203" dir="1" index="1" bw="17" slack="1"/>
</pin_list>
<bind>
<opset="sext_ln85_49 "/>
</bind>
</comp>

<comp id="3206" class="1005" name="add_ln85_34_reg_3206">
<pin_list>
<pin id="3207" dir="0" index="0" bw="18" slack="2"/>
<pin id="3208" dir="1" index="1" bw="18" slack="2"/>
</pin_list>
<bind>
<opset="add_ln85_34 "/>
</bind>
</comp>

<comp id="3211" class="1005" name="add_ln85_44_reg_3211">
<pin_list>
<pin id="3212" dir="0" index="0" bw="17" slack="1"/>
<pin id="3213" dir="1" index="1" bw="17" slack="1"/>
</pin_list>
<bind>
<opset="add_ln85_44 "/>
</bind>
</comp>

<comp id="3216" class="1005" name="add_ln85_10_reg_3216">
<pin_list>
<pin id="3217" dir="0" index="0" bw="19" slack="1"/>
<pin id="3218" dir="1" index="1" bw="19" slack="1"/>
</pin_list>
<bind>
<opset="add_ln85_10 "/>
</bind>
</comp>

<comp id="3221" class="1005" name="sext_ln85_50_reg_3221">
<pin_list>
<pin id="3222" dir="0" index="0" bw="18" slack="1"/>
<pin id="3223" dir="1" index="1" bw="18" slack="1"/>
</pin_list>
<bind>
<opset="sext_ln85_50 "/>
</bind>
</comp>

<comp id="3226" class="1005" name="sext_ln85_52_reg_3226">
<pin_list>
<pin id="3227" dir="0" index="0" bw="17" slack="1"/>
<pin id="3228" dir="1" index="1" bw="17" slack="1"/>
</pin_list>
<bind>
<opset="sext_ln85_52 "/>
</bind>
</comp>

<comp id="3231" class="1005" name="add_ln85_47_reg_3231">
<pin_list>
<pin id="3232" dir="0" index="0" bw="19" slack="1"/>
<pin id="3233" dir="1" index="1" bw="19" slack="1"/>
</pin_list>
<bind>
<opset="add_ln85_47 "/>
</bind>
</comp>

<comp id="3236" class="1005" name="sub_ln131_1_reg_3236">
<pin_list>
<pin id="3237" dir="0" index="0" bw="11" slack="1"/>
<pin id="3238" dir="1" index="1" bw="11" slack="1"/>
</pin_list>
<bind>
<opset="sub_ln131_1 "/>
</bind>
</comp>

<comp id="3242" class="1005" name="sub_ln85_reg_3242">
<pin_list>
<pin id="3243" dir="0" index="0" bw="26" slack="1"/>
<pin id="3244" dir="1" index="1" bw="26" slack="1"/>
</pin_list>
<bind>
<opset="sub_ln85 "/>
</bind>
</comp>

<comp id="3247" class="1005" name="tmp_30_reg_3247">
<pin_list>
<pin id="3248" dir="0" index="0" bw="1" slack="1"/>
<pin id="3249" dir="1" index="1" bw="1" slack="1"/>
</pin_list>
<bind>
<opset="tmp_30 "/>
</bind>
</comp>

<comp id="3253" class="1005" name="tmp_31_reg_3253">
<pin_list>
<pin id="3254" dir="0" index="0" bw="3" slack="1"/>
<pin id="3255" dir="1" index="1" bw="3" slack="1"/>
</pin_list>
<bind>
<opset="tmp_31 "/>
</bind>
</comp>

<comp id="3258" class="1005" name="add_ln85_36_reg_3258">
<pin_list>
<pin id="3259" dir="0" index="0" bw="20" slack="1"/>
<pin id="3260" dir="1" index="1" bw="20" slack="1"/>
</pin_list>
<bind>
<opset="add_ln85_36 "/>
</bind>
</comp>

<comp id="3263" class="1005" name="add_ln85_48_reg_3263">
<pin_list>
<pin id="3264" dir="0" index="0" bw="20" slack="1"/>
<pin id="3265" dir="1" index="1" bw="20" slack="1"/>
</pin_list>
<bind>
<opset="add_ln85_48 "/>
</bind>
</comp>

<comp id="3268" class="1005" name="add_ln131_2_reg_3268">
<pin_list>
<pin id="3269" dir="0" index="0" bw="11" slack="1"/>
<pin id="3270" dir="1" index="1" bw="11" slack="1"/>
</pin_list>
<bind>
<opset="add_ln131_2 "/>
</bind>
</comp>

<comp id="3273" class="1005" name="sub_ln85_1_reg_3273">
<pin_list>
<pin id="3274" dir="0" index="0" bw="26" slack="1"/>
<pin id="3275" dir="1" index="1" bw="26" slack="1"/>
</pin_list>
<bind>
<opset="sub_ln85_1 "/>
</bind>
</comp>

<comp id="3278" class="1005" name="tmp_32_reg_3278">
<pin_list>
<pin id="3279" dir="0" index="0" bw="1" slack="1"/>
<pin id="3280" dir="1" index="1" bw="1" slack="1"/>
</pin_list>
<bind>
<opset="tmp_32 "/>
</bind>
</comp>

<comp id="3284" class="1005" name="icmp_ln88_1_reg_3284">
<pin_list>
<pin id="3285" dir="0" index="0" bw="1" slack="1"/>
<pin id="3286" dir="1" index="1" bw="1" slack="1"/>
</pin_list>
<bind>
<opset="icmp_ln88_1 "/>
</bind>
</comp>

</comp_list>

<net_list>
<net id="167"><net_src comp="60" pin="0"/><net_sink comp="164" pin=0"/></net>

<net id="171"><net_src comp="60" pin="0"/><net_sink comp="168" pin=0"/></net>

<net id="175"><net_src comp="60" pin="0"/><net_sink comp="172" pin=0"/></net>

<net id="180"><net_src comp="62" pin="0"/><net_sink comp="176" pin=0"/></net>

<net id="181"><net_src comp="58" pin="0"/><net_sink comp="176" pin=1"/></net>

<net id="186"><net_src comp="64" pin="0"/><net_sink comp="182" pin=0"/></net>

<net id="187"><net_src comp="56" pin="0"/><net_sink comp="182" pin=1"/></net>

<net id="192"><net_src comp="64" pin="0"/><net_sink comp="188" pin=0"/></net>

<net id="193"><net_src comp="54" pin="0"/><net_sink comp="188" pin=1"/></net>

<net id="198"><net_src comp="64" pin="0"/><net_sink comp="194" pin=0"/></net>

<net id="199"><net_src comp="52" pin="0"/><net_sink comp="194" pin=1"/></net>

<net id="204"><net_src comp="64" pin="0"/><net_sink comp="200" pin=0"/></net>

<net id="205"><net_src comp="50" pin="0"/><net_sink comp="200" pin=1"/></net>

<net id="210"><net_src comp="64" pin="0"/><net_sink comp="206" pin=0"/></net>

<net id="211"><net_src comp="48" pin="0"/><net_sink comp="206" pin=1"/></net>

<net id="216"><net_src comp="66" pin="0"/><net_sink comp="212" pin=0"/></net>

<net id="217"><net_src comp="46" pin="0"/><net_sink comp="212" pin=1"/></net>

<net id="222"><net_src comp="66" pin="0"/><net_sink comp="218" pin=0"/></net>

<net id="223"><net_src comp="44" pin="0"/><net_sink comp="218" pin=1"/></net>

<net id="228"><net_src comp="66" pin="0"/><net_sink comp="224" pin=0"/></net>

<net id="229"><net_src comp="42" pin="0"/><net_sink comp="224" pin=1"/></net>

<net id="234"><net_src comp="64" pin="0"/><net_sink comp="230" pin=0"/></net>

<net id="235"><net_src comp="40" pin="0"/><net_sink comp="230" pin=1"/></net>

<net id="240"><net_src comp="64" pin="0"/><net_sink comp="236" pin=0"/></net>

<net id="241"><net_src comp="38" pin="0"/><net_sink comp="236" pin=1"/></net>

<net id="246"><net_src comp="66" pin="0"/><net_sink comp="242" pin=0"/></net>

<net id="247"><net_src comp="36" pin="0"/><net_sink comp="242" pin=1"/></net>

<net id="252"><net_src comp="64" pin="0"/><net_sink comp="248" pin=0"/></net>

<net id="253"><net_src comp="34" pin="0"/><net_sink comp="248" pin=1"/></net>

<net id="258"><net_src comp="66" pin="0"/><net_sink comp="254" pin=0"/></net>

<net id="259"><net_src comp="32" pin="0"/><net_sink comp="254" pin=1"/></net>

<net id="264"><net_src comp="66" pin="0"/><net_sink comp="260" pin=0"/></net>

<net id="265"><net_src comp="30" pin="0"/><net_sink comp="260" pin=1"/></net>

<net id="270"><net_src comp="64" pin="0"/><net_sink comp="266" pin=0"/></net>

<net id="271"><net_src comp="28" pin="0"/><net_sink comp="266" pin=1"/></net>

<net id="276"><net_src comp="64" pin="0"/><net_sink comp="272" pin=0"/></net>

<net id="277"><net_src comp="26" pin="0"/><net_sink comp="272" pin=1"/></net>

<net id="282"><net_src comp="66" pin="0"/><net_sink comp="278" pin=0"/></net>

<net id="283"><net_src comp="24" pin="0"/><net_sink comp="278" pin=1"/></net>

<net id="288"><net_src comp="68" pin="0"/><net_sink comp="284" pin=0"/></net>

<net id="289"><net_src comp="22" pin="0"/><net_sink comp="284" pin=1"/></net>

<net id="294"><net_src comp="64" pin="0"/><net_sink comp="290" pin=0"/></net>

<net id="295"><net_src comp="20" pin="0"/><net_sink comp="290" pin=1"/></net>

<net id="300"><net_src comp="64" pin="0"/><net_sink comp="296" pin=0"/></net>

<net id="301"><net_src comp="18" pin="0"/><net_sink comp="296" pin=1"/></net>

<net id="306"><net_src comp="64" pin="0"/><net_sink comp="302" pin=0"/></net>

<net id="307"><net_src comp="16" pin="0"/><net_sink comp="302" pin=1"/></net>

<net id="312"><net_src comp="66" pin="0"/><net_sink comp="308" pin=0"/></net>

<net id="313"><net_src comp="14" pin="0"/><net_sink comp="308" pin=1"/></net>

<net id="318"><net_src comp="66" pin="0"/><net_sink comp="314" pin=0"/></net>

<net id="319"><net_src comp="12" pin="0"/><net_sink comp="314" pin=1"/></net>

<net id="324"><net_src comp="64" pin="0"/><net_sink comp="320" pin=0"/></net>

<net id="325"><net_src comp="10" pin="0"/><net_sink comp="320" pin=1"/></net>

<net id="330"><net_src comp="64" pin="0"/><net_sink comp="326" pin=0"/></net>

<net id="331"><net_src comp="8" pin="0"/><net_sink comp="326" pin=1"/></net>

<net id="336"><net_src comp="66" pin="0"/><net_sink comp="332" pin=0"/></net>

<net id="337"><net_src comp="0" pin="0"/><net_sink comp="332" pin=1"/></net>

<net id="343"><net_src comp="2" pin="0"/><net_sink comp="338" pin=0"/></net>

<net id="344"><net_src comp="108" pin="0"/><net_sink comp="338" pin=1"/></net>

<net id="350"><net_src comp="2" pin="0"/><net_sink comp="345" pin=0"/></net>

<net id="351"><net_src comp="108" pin="0"/><net_sink comp="345" pin=1"/></net>

<net id="361"><net_src comp="338" pin="3"/><net_sink comp="352" pin=2"/></net>

<net id="362"><net_src comp="345" pin="3"/><net_sink comp="352" pin=0"/></net>

<net id="368"><net_src comp="2" pin="0"/><net_sink comp="363" pin=0"/></net>

<net id="369"><net_src comp="108" pin="0"/><net_sink comp="363" pin=1"/></net>

<net id="375"><net_src comp="2" pin="0"/><net_sink comp="370" pin=0"/></net>

<net id="376"><net_src comp="108" pin="0"/><net_sink comp="370" pin=1"/></net>

<net id="377"><net_src comp="363" pin="3"/><net_sink comp="352" pin=2"/></net>

<net id="378"><net_src comp="370" pin="3"/><net_sink comp="352" pin=0"/></net>

<net id="384"><net_src comp="2" pin="0"/><net_sink comp="379" pin=0"/></net>

<net id="385"><net_src comp="108" pin="0"/><net_sink comp="379" pin=1"/></net>

<net id="386"><net_src comp="379" pin="3"/><net_sink comp="352" pin=2"/></net>

<net id="392"><net_src comp="2" pin="0"/><net_sink comp="387" pin=0"/></net>

<net id="393"><net_src comp="108" pin="0"/><net_sink comp="387" pin=1"/></net>

<net id="394"><net_src comp="387" pin="3"/><net_sink comp="352" pin=0"/></net>

<net id="400"><net_src comp="2" pin="0"/><net_sink comp="395" pin=0"/></net>

<net id="401"><net_src comp="108" pin="0"/><net_sink comp="395" pin=1"/></net>

<net id="407"><net_src comp="2" pin="0"/><net_sink comp="402" pin=0"/></net>

<net id="408"><net_src comp="108" pin="0"/><net_sink comp="402" pin=1"/></net>

<net id="409"><net_src comp="402" pin="3"/><net_sink comp="352" pin=2"/></net>

<net id="410"><net_src comp="395" pin="3"/><net_sink comp="352" pin=0"/></net>

<net id="416"><net_src comp="2" pin="0"/><net_sink comp="411" pin=0"/></net>

<net id="417"><net_src comp="108" pin="0"/><net_sink comp="411" pin=1"/></net>

<net id="423"><net_src comp="2" pin="0"/><net_sink comp="418" pin=0"/></net>

<net id="424"><net_src comp="108" pin="0"/><net_sink comp="418" pin=1"/></net>

<net id="425"><net_src comp="411" pin="3"/><net_sink comp="352" pin=2"/></net>

<net id="426"><net_src comp="418" pin="3"/><net_sink comp="352" pin=0"/></net>

<net id="432"><net_src comp="2" pin="0"/><net_sink comp="427" pin=0"/></net>

<net id="433"><net_src comp="108" pin="0"/><net_sink comp="427" pin=1"/></net>

<net id="434"><net_src comp="427" pin="3"/><net_sink comp="352" pin=2"/></net>

<net id="440"><net_src comp="2" pin="0"/><net_sink comp="435" pin=0"/></net>

<net id="441"><net_src comp="108" pin="0"/><net_sink comp="435" pin=1"/></net>

<net id="442"><net_src comp="435" pin="3"/><net_sink comp="352" pin=0"/></net>

<net id="448"><net_src comp="2" pin="0"/><net_sink comp="443" pin=0"/></net>

<net id="449"><net_src comp="108" pin="0"/><net_sink comp="443" pin=1"/></net>

<net id="455"><net_src comp="2" pin="0"/><net_sink comp="450" pin=0"/></net>

<net id="456"><net_src comp="108" pin="0"/><net_sink comp="450" pin=1"/></net>

<net id="457"><net_src comp="443" pin="3"/><net_sink comp="352" pin=2"/></net>

<net id="458"><net_src comp="450" pin="3"/><net_sink comp="352" pin=0"/></net>

<net id="464"><net_src comp="2" pin="0"/><net_sink comp="459" pin=0"/></net>

<net id="465"><net_src comp="108" pin="0"/><net_sink comp="459" pin=1"/></net>

<net id="471"><net_src comp="2" pin="0"/><net_sink comp="466" pin=0"/></net>

<net id="472"><net_src comp="108" pin="0"/><net_sink comp="466" pin=1"/></net>

<net id="473"><net_src comp="459" pin="3"/><net_sink comp="352" pin=2"/></net>

<net id="474"><net_src comp="466" pin="3"/><net_sink comp="352" pin=0"/></net>

<net id="480"><net_src comp="2" pin="0"/><net_sink comp="475" pin=0"/></net>

<net id="481"><net_src comp="108" pin="0"/><net_sink comp="475" pin=1"/></net>

<net id="487"><net_src comp="2" pin="0"/><net_sink comp="482" pin=0"/></net>

<net id="488"><net_src comp="108" pin="0"/><net_sink comp="482" pin=1"/></net>

<net id="489"><net_src comp="482" pin="3"/><net_sink comp="352" pin=2"/></net>

<net id="490"><net_src comp="475" pin="3"/><net_sink comp="352" pin=0"/></net>

<net id="496"><net_src comp="2" pin="0"/><net_sink comp="491" pin=0"/></net>

<net id="497"><net_src comp="108" pin="0"/><net_sink comp="491" pin=1"/></net>

<net id="503"><net_src comp="2" pin="0"/><net_sink comp="498" pin=0"/></net>

<net id="504"><net_src comp="108" pin="0"/><net_sink comp="498" pin=1"/></net>

<net id="505"><net_src comp="491" pin="3"/><net_sink comp="352" pin=2"/></net>

<net id="506"><net_src comp="498" pin="3"/><net_sink comp="352" pin=0"/></net>

<net id="512"><net_src comp="2" pin="0"/><net_sink comp="507" pin=0"/></net>

<net id="513"><net_src comp="108" pin="0"/><net_sink comp="507" pin=1"/></net>

<net id="519"><net_src comp="2" pin="0"/><net_sink comp="514" pin=0"/></net>

<net id="520"><net_src comp="108" pin="0"/><net_sink comp="514" pin=1"/></net>

<net id="521"><net_src comp="507" pin="3"/><net_sink comp="352" pin=2"/></net>

<net id="522"><net_src comp="514" pin="3"/><net_sink comp="352" pin=0"/></net>

<net id="528"><net_src comp="2" pin="0"/><net_sink comp="523" pin=0"/></net>

<net id="529"><net_src comp="108" pin="0"/><net_sink comp="523" pin=1"/></net>

<net id="535"><net_src comp="2" pin="0"/><net_sink comp="530" pin=0"/></net>

<net id="536"><net_src comp="108" pin="0"/><net_sink comp="530" pin=1"/></net>

<net id="537"><net_src comp="530" pin="3"/><net_sink comp="352" pin=2"/></net>

<net id="538"><net_src comp="523" pin="3"/><net_sink comp="352" pin=0"/></net>

<net id="544"><net_src comp="2" pin="0"/><net_sink comp="539" pin=0"/></net>

<net id="545"><net_src comp="108" pin="0"/><net_sink comp="539" pin=1"/></net>

<net id="551"><net_src comp="2" pin="0"/><net_sink comp="546" pin=0"/></net>

<net id="552"><net_src comp="108" pin="0"/><net_sink comp="546" pin=1"/></net>

<net id="553"><net_src comp="539" pin="3"/><net_sink comp="352" pin=2"/></net>

<net id="554"><net_src comp="546" pin="3"/><net_sink comp="352" pin=0"/></net>

<net id="560"><net_src comp="2" pin="0"/><net_sink comp="555" pin=0"/></net>

<net id="561"><net_src comp="108" pin="0"/><net_sink comp="555" pin=1"/></net>

<net id="567"><net_src comp="2" pin="0"/><net_sink comp="562" pin=0"/></net>

<net id="568"><net_src comp="108" pin="0"/><net_sink comp="562" pin=1"/></net>

<net id="569"><net_src comp="555" pin="3"/><net_sink comp="352" pin=2"/></net>

<net id="570"><net_src comp="562" pin="3"/><net_sink comp="352" pin=0"/></net>

<net id="576"><net_src comp="2" pin="0"/><net_sink comp="571" pin=0"/></net>

<net id="577"><net_src comp="108" pin="0"/><net_sink comp="571" pin=1"/></net>

<net id="583"><net_src comp="2" pin="0"/><net_sink comp="578" pin=0"/></net>

<net id="584"><net_src comp="108" pin="0"/><net_sink comp="578" pin=1"/></net>

<net id="585"><net_src comp="571" pin="3"/><net_sink comp="352" pin=2"/></net>

<net id="586"><net_src comp="578" pin="3"/><net_sink comp="352" pin=0"/></net>

<net id="592"><net_src comp="4" pin="0"/><net_sink comp="587" pin=0"/></net>

<net id="593"><net_src comp="108" pin="0"/><net_sink comp="587" pin=1"/></net>

<net id="599"><net_src comp="6" pin="0"/><net_sink comp="594" pin=0"/></net>

<net id="600"><net_src comp="108" pin="0"/><net_sink comp="594" pin=1"/></net>

<net id="610"><net_src comp="587" pin="3"/><net_sink comp="601" pin=2"/></net>

<net id="620"><net_src comp="594" pin="3"/><net_sink comp="611" pin=2"/></net>

<net id="626"><net_src comp="4" pin="0"/><net_sink comp="621" pin=0"/></net>

<net id="627"><net_src comp="108" pin="0"/><net_sink comp="621" pin=1"/></net>

<net id="633"><net_src comp="6" pin="0"/><net_sink comp="628" pin=0"/></net>

<net id="634"><net_src comp="108" pin="0"/><net_sink comp="628" pin=1"/></net>

<net id="635"><net_src comp="621" pin="3"/><net_sink comp="601" pin=2"/></net>

<net id="636"><net_src comp="628" pin="3"/><net_sink comp="611" pin=2"/></net>

<net id="640"><net_src comp="352" pin="3"/><net_sink comp="637" pin=0"/></net>

<net id="641"><net_src comp="352" pin="7"/><net_sink comp="637" pin=0"/></net>

<net id="645"><net_src comp="352" pin="7"/><net_sink comp="642" pin=0"/></net>

<net id="646"><net_src comp="352" pin="3"/><net_sink comp="642" pin=0"/></net>

<net id="650"><net_src comp="352" pin="3"/><net_sink comp="647" pin=0"/></net>

<net id="651"><net_src comp="352" pin="7"/><net_sink comp="647" pin=0"/></net>

<net id="655"><net_src comp="352" pin="3"/><net_sink comp="652" pin=0"/></net>

<net id="659"><net_src comp="352" pin="3"/><net_sink comp="656" pin=0"/></net>

<net id="663"><net_src comp="176" pin="2"/><net_sink comp="660" pin=0"/></net>

<net id="667"><net_src comp="182" pin="2"/><net_sink comp="664" pin=0"/></net>

<net id="671"><net_src comp="188" pin="2"/><net_sink comp="668" pin=0"/></net>

<net id="675"><net_src comp="194" pin="2"/><net_sink comp="672" pin=0"/></net>

<net id="679"><net_src comp="200" pin="2"/><net_sink comp="676" pin=0"/></net>

<net id="683"><net_src comp="206" pin="2"/><net_sink comp="680" pin=0"/></net>

<net id="687"><net_src comp="212" pin="2"/><net_sink comp="684" pin=0"/></net>

<net id="691"><net_src comp="218" pin="2"/><net_sink comp="688" pin=0"/></net>

<net id="695"><net_src comp="224" pin="2"/><net_sink comp="692" pin=0"/></net>

<net id="699"><net_src comp="230" pin="2"/><net_sink comp="696" pin=0"/></net>

<net id="703"><net_src comp="236" pin="2"/><net_sink comp="700" pin=0"/></net>

<net id="707"><net_src comp="242" pin="2"/><net_sink comp="704" pin=0"/></net>

<net id="711"><net_src comp="248" pin="2"/><net_sink comp="708" pin=0"/></net>

<net id="715"><net_src comp="254" pin="2"/><net_sink comp="712" pin=0"/></net>

<net id="719"><net_src comp="260" pin="2"/><net_sink comp="716" pin=0"/></net>

<net id="723"><net_src comp="266" pin="2"/><net_sink comp="720" pin=0"/></net>

<net id="727"><net_src comp="272" pin="2"/><net_sink comp="724" pin=0"/></net>

<net id="731"><net_src comp="278" pin="2"/><net_sink comp="728" pin=0"/></net>

<net id="735"><net_src comp="284" pin="2"/><net_sink comp="732" pin=0"/></net>

<net id="739"><net_src comp="290" pin="2"/><net_sink comp="736" pin=0"/></net>

<net id="743"><net_src comp="296" pin="2"/><net_sink comp="740" pin=0"/></net>

<net id="747"><net_src comp="302" pin="2"/><net_sink comp="744" pin=0"/></net>

<net id="751"><net_src comp="308" pin="2"/><net_sink comp="748" pin=0"/></net>

<net id="755"><net_src comp="314" pin="2"/><net_sink comp="752" pin=0"/></net>

<net id="759"><net_src comp="320" pin="2"/><net_sink comp="756" pin=0"/></net>

<net id="763"><net_src comp="326" pin="2"/><net_sink comp="760" pin=0"/></net>

<net id="767"><net_src comp="332" pin="2"/><net_sink comp="764" pin=0"/></net>

<net id="772"><net_src comp="88" pin="0"/><net_sink comp="768" pin=0"/></net>

<net id="777"><net_src comp="90" pin="0"/><net_sink comp="773" pin=0"/></net>

<net id="782"><net_src comp="90" pin="0"/><net_sink comp="778" pin=0"/></net>

<net id="790"><net_src comp="783" pin="1"/><net_sink comp="786" pin=0"/></net>

<net id="791"><net_src comp="92" pin="0"/><net_sink comp="786" pin=1"/></net>

<net id="796"><net_src comp="783" pin="1"/><net_sink comp="792" pin=0"/></net>

<net id="797"><net_src comp="94" pin="0"/><net_sink comp="792" pin=1"/></net>

<net id="808"><net_src comp="798" pin="1"/><net_sink comp="804" pin=0"/></net>

<net id="809"><net_src comp="96" pin="0"/><net_sink comp="804" pin=1"/></net>

<net id="815"><net_src comp="804" pin="2"/><net_sink comp="810" pin=0"/></net>

<net id="816"><net_src comp="798" pin="1"/><net_sink comp="810" pin=1"/></net>

<net id="817"><net_src comp="90" pin="0"/><net_sink comp="810" pin=2"/></net>

<net id="822"><net_src comp="801" pin="1"/><net_sink comp="818" pin=0"/></net>

<net id="823"><net_src comp="98" pin="0"/><net_sink comp="818" pin=1"/></net>

<net id="829"><net_src comp="804" pin="2"/><net_sink comp="824" pin=0"/></net>

<net id="830"><net_src comp="801" pin="1"/><net_sink comp="824" pin=1"/></net>

<net id="831"><net_src comp="818" pin="2"/><net_sink comp="824" pin=2"/></net>

<net id="835"><net_src comp="824" pin="3"/><net_sink comp="832" pin=0"/></net>

<net id="842"><net_src comp="100" pin="0"/><net_sink comp="836" pin=0"/></net>

<net id="843"><net_src comp="824" pin="3"/><net_sink comp="836" pin=1"/></net>

<net id="844"><net_src comp="60" pin="0"/><net_sink comp="836" pin=2"/></net>

<net id="845"><net_src comp="102" pin="0"/><net_sink comp="836" pin=3"/></net>

<net id="850"><net_src comp="801" pin="1"/><net_sink comp="846" pin=0"/></net>

<net id="851"><net_src comp="104" pin="0"/><net_sink comp="846" pin=1"/></net>

<net id="857"><net_src comp="804" pin="2"/><net_sink comp="852" pin=0"/></net>

<net id="858"><net_src comp="818" pin="2"/><net_sink comp="852" pin=1"/></net>

<net id="859"><net_src comp="846" pin="2"/><net_sink comp="852" pin=2"/></net>

<net id="864"><net_src comp="810" pin="3"/><net_sink comp="860" pin=0"/></net>

<net id="865"><net_src comp="98" pin="0"/><net_sink comp="860" pin=1"/></net>

<net id="871"><net_src comp="106" pin="0"/><net_sink comp="866" pin=0"/></net>

<net id="872"><net_src comp="824" pin="3"/><net_sink comp="866" pin=1"/></net>

<net id="873"><net_src comp="860" pin="2"/><net_sink comp="866" pin=2"/></net>

<net id="877"><net_src comp="866" pin="3"/><net_sink comp="874" pin=0"/></net>

<net id="878"><net_src comp="874" pin="1"/><net_sink comp="338" pin=2"/></net>

<net id="884"><net_src comp="106" pin="0"/><net_sink comp="879" pin=0"/></net>

<net id="885"><net_src comp="852" pin="3"/><net_sink comp="879" pin=1"/></net>

<net id="886"><net_src comp="860" pin="2"/><net_sink comp="879" pin=2"/></net>

<net id="890"><net_src comp="879" pin="3"/><net_sink comp="887" pin=0"/></net>

<net id="891"><net_src comp="887" pin="1"/><net_sink comp="345" pin=2"/></net>

<net id="896"><net_src comp="792" pin="2"/><net_sink comp="892" pin=0"/></net>

<net id="901"><net_src comp="824" pin="3"/><net_sink comp="897" pin=0"/></net>

<net id="907"><net_src comp="104" pin="0"/><net_sink comp="902" pin=1"/></net>

<net id="908"><net_src comp="110" pin="0"/><net_sink comp="902" pin=2"/></net>

<net id="913"><net_src comp="902" pin="3"/><net_sink comp="909" pin=1"/></net>

<net id="919"><net_src comp="110" pin="0"/><net_sink comp="914" pin=1"/></net>

<net id="920"><net_src comp="112" pin="0"/><net_sink comp="914" pin=2"/></net>

<net id="925"><net_src comp="914" pin="3"/><net_sink comp="921" pin=1"/></net>

<net id="931"><net_src comp="112" pin="0"/><net_sink comp="926" pin=1"/></net>

<net id="932"><net_src comp="114" pin="0"/><net_sink comp="926" pin=2"/></net>

<net id="937"><net_src comp="926" pin="3"/><net_sink comp="933" pin=1"/></net>

<net id="943"><net_src comp="106" pin="0"/><net_sink comp="938" pin=0"/></net>

<net id="944"><net_src comp="909" pin="2"/><net_sink comp="938" pin=1"/></net>

<net id="948"><net_src comp="938" pin="3"/><net_sink comp="945" pin=0"/></net>

<net id="949"><net_src comp="945" pin="1"/><net_sink comp="363" pin=2"/></net>

<net id="955"><net_src comp="106" pin="0"/><net_sink comp="950" pin=0"/></net>

<net id="956"><net_src comp="933" pin="2"/><net_sink comp="950" pin=1"/></net>

<net id="960"><net_src comp="950" pin="3"/><net_sink comp="957" pin=0"/></net>

<net id="961"><net_src comp="957" pin="1"/><net_sink comp="370" pin=2"/></net>

<net id="965"><net_src comp="352" pin="7"/><net_sink comp="962" pin=0"/></net>

<net id="970"><net_src comp="104" pin="0"/><net_sink comp="966" pin=1"/></net>

<net id="976"><net_src comp="106" pin="0"/><net_sink comp="971" pin=0"/></net>

<net id="977"><net_src comp="966" pin="2"/><net_sink comp="971" pin=2"/></net>

<net id="981"><net_src comp="971" pin="3"/><net_sink comp="978" pin=0"/></net>

<net id="982"><net_src comp="978" pin="1"/><net_sink comp="379" pin=2"/></net>

<net id="987"><net_src comp="110" pin="0"/><net_sink comp="983" pin=1"/></net>

<net id="993"><net_src comp="106" pin="0"/><net_sink comp="988" pin=0"/></net>

<net id="994"><net_src comp="983" pin="2"/><net_sink comp="988" pin=2"/></net>

<net id="998"><net_src comp="988" pin="3"/><net_sink comp="995" pin=0"/></net>

<net id="999"><net_src comp="995" pin="1"/><net_sink comp="387" pin=2"/></net>

<net id="1003"><net_src comp="637" pin="1"/><net_sink comp="1000" pin=0"/></net>

<net id="1008"><net_src comp="1000" pin="1"/><net_sink comp="1004" pin=0"/></net>

<net id="1013"><net_src comp="966" pin="2"/><net_sink comp="1009" pin=0"/></net>

<net id="1017"><net_src comp="352" pin="7"/><net_sink comp="1014" pin=0"/></net>

<net id="1023"><net_src comp="106" pin="0"/><net_sink comp="1018" pin=0"/></net>

<net id="1027"><net_src comp="1018" pin="3"/><net_sink comp="1024" pin=0"/></net>

<net id="1028"><net_src comp="1024" pin="1"/><net_sink comp="395" pin=2"/></net>

<net id="1032"><net_src comp="352" pin="3"/><net_sink comp="1029" pin=0"/></net>

<net id="1037"><net_src comp="112" pin="0"/><net_sink comp="1033" pin=1"/></net>

<net id="1043"><net_src comp="106" pin="0"/><net_sink comp="1038" pin=0"/></net>

<net id="1044"><net_src comp="1033" pin="2"/><net_sink comp="1038" pin=2"/></net>

<net id="1048"><net_src comp="1038" pin="3"/><net_sink comp="1045" pin=0"/></net>

<net id="1049"><net_src comp="1045" pin="1"/><net_sink comp="402" pin=2"/></net>

<net id="1053"><net_src comp="647" pin="1"/><net_sink comp="1050" pin=0"/></net>

<net id="1058"><net_src comp="1050" pin="1"/><net_sink comp="1054" pin=0"/></net>

<net id="1064"><net_src comp="106" pin="0"/><net_sink comp="1059" pin=0"/></net>

<net id="1068"><net_src comp="1059" pin="3"/><net_sink comp="1065" pin=0"/></net>

<net id="1069"><net_src comp="1065" pin="1"/><net_sink comp="411" pin=2"/></net>

<net id="1073"><net_src comp="647" pin="1"/><net_sink comp="1070" pin=0"/></net>

<net id="1079"><net_src comp="106" pin="0"/><net_sink comp="1074" pin=0"/></net>

<net id="1083"><net_src comp="1074" pin="3"/><net_sink comp="1080" pin=0"/></net>

<net id="1084"><net_src comp="1080" pin="1"/><net_sink comp="418" pin=2"/></net>

<net id="1088"><net_src comp="352" pin="7"/><net_sink comp="1085" pin=0"/></net>

<net id="1094"><net_src comp="106" pin="0"/><net_sink comp="1089" pin=0"/></net>

<net id="1095"><net_src comp="90" pin="0"/><net_sink comp="1089" pin=2"/></net>

<net id="1102"><net_src comp="652" pin="1"/><net_sink comp="1099" pin=0"/></net>

<net id="1108"><net_src comp="106" pin="0"/><net_sink comp="1103" pin=0"/></net>

<net id="1112"><net_src comp="1103" pin="3"/><net_sink comp="1109" pin=0"/></net>

<net id="1113"><net_src comp="1109" pin="1"/><net_sink comp="427" pin=2"/></net>

<net id="1117"><net_src comp="647" pin="1"/><net_sink comp="1114" pin=0"/></net>

<net id="1121"><net_src comp="656" pin="1"/><net_sink comp="1118" pin=0"/></net>

<net id="1125"><net_src comp="352" pin="3"/><net_sink comp="1122" pin=0"/></net>

<net id="1130"><net_src comp="1118" pin="1"/><net_sink comp="1126" pin=0"/></net>

<net id="1135"><net_src comp="1114" pin="1"/><net_sink comp="1131" pin=0"/></net>

<net id="1139"><net_src comp="1131" pin="2"/><net_sink comp="1136" pin=0"/></net>

<net id="1144"><net_src comp="1096" pin="1"/><net_sink comp="1140" pin=0"/></net>

<net id="1145"><net_src comp="116" pin="0"/><net_sink comp="1140" pin=1"/></net>

<net id="1149"><net_src comp="1140" pin="2"/><net_sink comp="1146" pin=0"/></net>

<net id="1154"><net_src comp="1089" pin="3"/><net_sink comp="1150" pin=0"/></net>

<net id="1155"><net_src comp="1146" pin="1"/><net_sink comp="1150" pin=1"/></net>

<net id="1159"><net_src comp="1150" pin="2"/><net_sink comp="1156" pin=0"/></net>

<net id="1160"><net_src comp="1156" pin="1"/><net_sink comp="435" pin=2"/></net>

<net id="1166"><net_src comp="106" pin="0"/><net_sink comp="1161" pin=0"/></net>

<net id="1170"><net_src comp="1161" pin="3"/><net_sink comp="1167" pin=0"/></net>

<net id="1171"><net_src comp="1167" pin="1"/><net_sink comp="443" pin=2"/></net>

<net id="1177"><net_src comp="106" pin="0"/><net_sink comp="1172" pin=0"/></net>

<net id="1181"><net_src comp="1172" pin="3"/><net_sink comp="1178" pin=0"/></net>

<net id="1182"><net_src comp="1178" pin="1"/><net_sink comp="450" pin=2"/></net>

<net id="1186"><net_src comp="647" pin="1"/><net_sink comp="1183" pin=0"/></net>

<net id="1191"><net_src comp="1183" pin="1"/><net_sink comp="1187" pin=0"/></net>

<net id="1206"><net_src comp="106" pin="0"/><net_sink comp="1201" pin=0"/></net>

<net id="1210"><net_src comp="1201" pin="3"/><net_sink comp="1207" pin=0"/></net>

<net id="1211"><net_src comp="1207" pin="1"/><net_sink comp="459" pin=2"/></net>

<net id="1217"><net_src comp="106" pin="0"/><net_sink comp="1212" pin=0"/></net>

<net id="1221"><net_src comp="1212" pin="3"/><net_sink comp="1218" pin=0"/></net>

<net id="1222"><net_src comp="1218" pin="1"/><net_sink comp="466" pin=2"/></net>

<net id="1226"><net_src comp="352" pin="7"/><net_sink comp="1223" pin=0"/></net>

<net id="1241"><net_src comp="106" pin="0"/><net_sink comp="1236" pin=0"/></net>

<net id="1245"><net_src comp="1236" pin="3"/><net_sink comp="1242" pin=0"/></net>

<net id="1246"><net_src comp="1242" pin="1"/><net_sink comp="475" pin=2"/></net>

<net id="1252"><net_src comp="106" pin="0"/><net_sink comp="1247" pin=0"/></net>

<net id="1256"><net_src comp="1247" pin="3"/><net_sink comp="1253" pin=0"/></net>

<net id="1257"><net_src comp="1253" pin="1"/><net_sink comp="482" pin=2"/></net>

<net id="1261"><net_src comp="352" pin="7"/><net_sink comp="1258" pin=0"/></net>

<net id="1265"><net_src comp="352" pin="3"/><net_sink comp="1262" pin=0"/></net>

<net id="1276"><net_src comp="1269" pin="1"/><net_sink comp="1272" pin=0"/></net>

<net id="1277"><net_src comp="1266" pin="1"/><net_sink comp="1272" pin=1"/></net>

<net id="1283"><net_src comp="106" pin="0"/><net_sink comp="1278" pin=0"/></net>

<net id="1287"><net_src comp="1278" pin="3"/><net_sink comp="1284" pin=0"/></net>

<net id="1288"><net_src comp="1284" pin="1"/><net_sink comp="491" pin=2"/></net>

<net id="1294"><net_src comp="106" pin="0"/><net_sink comp="1289" pin=0"/></net>

<net id="1298"><net_src comp="1289" pin="3"/><net_sink comp="1295" pin=0"/></net>

<net id="1299"><net_src comp="1295" pin="1"/><net_sink comp="498" pin=2"/></net>

<net id="1303"><net_src comp="637" pin="1"/><net_sink comp="1300" pin=0"/></net>

<net id="1307"><net_src comp="656" pin="1"/><net_sink comp="1304" pin=0"/></net>

<net id="1311"><net_src comp="352" pin="3"/><net_sink comp="1308" pin=0"/></net>

<net id="1320"><net_src comp="106" pin="0"/><net_sink comp="1315" pin=0"/></net>

<net id="1324"><net_src comp="1315" pin="3"/><net_sink comp="1321" pin=0"/></net>

<net id="1325"><net_src comp="1321" pin="1"/><net_sink comp="507" pin=2"/></net>

<net id="1331"><net_src comp="106" pin="0"/><net_sink comp="1326" pin=0"/></net>

<net id="1335"><net_src comp="1326" pin="3"/><net_sink comp="1332" pin=0"/></net>

<net id="1336"><net_src comp="1332" pin="1"/><net_sink comp="514" pin=2"/></net>

<net id="1343"><net_src comp="352" pin="7"/><net_sink comp="1340" pin=0"/></net>

<net id="1347"><net_src comp="642" pin="1"/><net_sink comp="1344" pin=0"/></net>

<net id="1351"><net_src comp="637" pin="1"/><net_sink comp="1348" pin=0"/></net>

<net id="1359"><net_src comp="1348" pin="1"/><net_sink comp="1355" pin=0"/></net>

<net id="1363"><net_src comp="1355" pin="2"/><net_sink comp="1360" pin=0"/></net>

<net id="1374"><net_src comp="1367" pin="1"/><net_sink comp="1370" pin=0"/></net>

<net id="1375"><net_src comp="1364" pin="1"/><net_sink comp="1370" pin=1"/></net>

<net id="1381"><net_src comp="106" pin="0"/><net_sink comp="1376" pin=0"/></net>

<net id="1385"><net_src comp="1376" pin="3"/><net_sink comp="1382" pin=0"/></net>

<net id="1386"><net_src comp="1382" pin="1"/><net_sink comp="523" pin=2"/></net>

<net id="1392"><net_src comp="106" pin="0"/><net_sink comp="1387" pin=0"/></net>

<net id="1396"><net_src comp="1387" pin="3"/><net_sink comp="1393" pin=0"/></net>

<net id="1397"><net_src comp="1393" pin="1"/><net_sink comp="530" pin=2"/></net>

<net id="1401"><net_src comp="642" pin="1"/><net_sink comp="1398" pin=0"/></net>

<net id="1405"><net_src comp="656" pin="1"/><net_sink comp="1402" pin=0"/></net>

<net id="1409"><net_src comp="647" pin="1"/><net_sink comp="1406" pin=0"/></net>

<net id="1414"><net_src comp="1398" pin="1"/><net_sink comp="1410" pin=0"/></net>

<net id="1418"><net_src comp="1410" pin="2"/><net_sink comp="1415" pin=0"/></net>

<net id="1426"><net_src comp="1402" pin="1"/><net_sink comp="1422" pin=0"/></net>

<net id="1430"><net_src comp="1422" pin="2"/><net_sink comp="1427" pin=0"/></net>

<net id="1436"><net_src comp="106" pin="0"/><net_sink comp="1431" pin=0"/></net>

<net id="1440"><net_src comp="1431" pin="3"/><net_sink comp="1437" pin=0"/></net>

<net id="1441"><net_src comp="1437" pin="1"/><net_sink comp="539" pin=2"/></net>

<net id="1447"><net_src comp="106" pin="0"/><net_sink comp="1442" pin=0"/></net>

<net id="1451"><net_src comp="1442" pin="3"/><net_sink comp="1448" pin=0"/></net>

<net id="1452"><net_src comp="1448" pin="1"/><net_sink comp="546" pin=2"/></net>

<net id="1456"><net_src comp="642" pin="1"/><net_sink comp="1453" pin=0"/></net>

<net id="1460"><net_src comp="647" pin="1"/><net_sink comp="1457" pin=0"/></net>

<net id="1464"><net_src comp="352" pin="3"/><net_sink comp="1461" pin=0"/></net>

<net id="1469"><net_src comp="1457" pin="1"/><net_sink comp="1465" pin=0"/></net>

<net id="1473"><net_src comp="1465" pin="2"/><net_sink comp="1470" pin=0"/></net>

<net id="1478"><net_src comp="1453" pin="1"/><net_sink comp="1474" pin=0"/></net>

<net id="1484"><net_src comp="106" pin="0"/><net_sink comp="1479" pin=0"/></net>

<net id="1485"><net_src comp="90" pin="0"/><net_sink comp="1479" pin=2"/></net>

<net id="1491"><net_src comp="106" pin="0"/><net_sink comp="1486" pin=0"/></net>

<net id="1492"><net_src comp="90" pin="0"/><net_sink comp="1486" pin=2"/></net>

<net id="1496"><net_src comp="647" pin="1"/><net_sink comp="1493" pin=0"/></net>

<net id="1500"><net_src comp="637" pin="1"/><net_sink comp="1497" pin=0"/></net>

<net id="1504"><net_src comp="352" pin="7"/><net_sink comp="1501" pin=0"/></net>

<net id="1512"><net_src comp="1505" pin="2"/><net_sink comp="1509" pin=0"/></net>

<net id="1517"><net_src comp="1479" pin="3"/><net_sink comp="1513" pin=0"/></net>

<net id="1521"><net_src comp="1513" pin="2"/><net_sink comp="1518" pin=0"/></net>

<net id="1522"><net_src comp="1518" pin="1"/><net_sink comp="555" pin=2"/></net>

<net id="1527"><net_src comp="1486" pin="3"/><net_sink comp="1523" pin=0"/></net>

<net id="1531"><net_src comp="1523" pin="2"/><net_sink comp="1528" pin=0"/></net>

<net id="1532"><net_src comp="1528" pin="1"/><net_sink comp="562" pin=2"/></net>

<net id="1537"><net_src comp="1493" pin="1"/><net_sink comp="1533" pin=0"/></net>

<net id="1541"><net_src comp="1533" pin="2"/><net_sink comp="1538" pin=0"/></net>

<net id="1547"><net_src comp="106" pin="0"/><net_sink comp="1542" pin=0"/></net>

<net id="1548"><net_src comp="90" pin="0"/><net_sink comp="1542" pin=2"/></net>

<net id="1554"><net_src comp="106" pin="0"/><net_sink comp="1549" pin=0"/></net>

<net id="1555"><net_src comp="90" pin="0"/><net_sink comp="1549" pin=2"/></net>

<net id="1559"><net_src comp="642" pin="1"/><net_sink comp="1556" pin=0"/></net>

<net id="1563"><net_src comp="637" pin="1"/><net_sink comp="1560" pin=0"/></net>

<net id="1567"><net_src comp="647" pin="1"/><net_sink comp="1564" pin=0"/></net>

<net id="1572"><net_src comp="1564" pin="1"/><net_sink comp="1568" pin=0"/></net>

<net id="1589"><net_src comp="1582" pin="1"/><net_sink comp="1585" pin=0"/></net>

<net id="1590"><net_src comp="1579" pin="1"/><net_sink comp="1585" pin=1"/></net>

<net id="1594"><net_src comp="1585" pin="2"/><net_sink comp="1591" pin=0"/></net>

<net id="1599"><net_src comp="1591" pin="1"/><net_sink comp="1595" pin=0"/></net>

<net id="1600"><net_src comp="1576" pin="1"/><net_sink comp="1595" pin=1"/></net>

<net id="1605"><net_src comp="1542" pin="3"/><net_sink comp="1601" pin=0"/></net>

<net id="1609"><net_src comp="1601" pin="2"/><net_sink comp="1606" pin=0"/></net>

<net id="1610"><net_src comp="1606" pin="1"/><net_sink comp="571" pin=2"/></net>

<net id="1615"><net_src comp="1549" pin="3"/><net_sink comp="1611" pin=0"/></net>

<net id="1619"><net_src comp="1611" pin="2"/><net_sink comp="1616" pin=0"/></net>

<net id="1620"><net_src comp="1616" pin="1"/><net_sink comp="578" pin=2"/></net>

<net id="1624"><net_src comp="652" pin="1"/><net_sink comp="1621" pin=0"/></net>

<net id="1629"><net_src comp="1560" pin="1"/><net_sink comp="1625" pin=0"/></net>

<net id="1633"><net_src comp="647" pin="1"/><net_sink comp="1630" pin=0"/></net>

<net id="1647"><net_src comp="1640" pin="1"/><net_sink comp="1643" pin=0"/></net>

<net id="1648"><net_src comp="1637" pin="1"/><net_sink comp="1643" pin=1"/></net>

<net id="1652"><net_src comp="637" pin="1"/><net_sink comp="1649" pin=0"/></net>

<net id="1656"><net_src comp="642" pin="1"/><net_sink comp="1653" pin=0"/></net>

<net id="1664"><net_src comp="1657" pin="2"/><net_sink comp="1661" pin=0"/></net>

<net id="1672"><net_src comp="1665" pin="2"/><net_sink comp="1669" pin=0"/></net>

<net id="1683"><net_src comp="1676" pin="1"/><net_sink comp="1679" pin=1"/></net>

<net id="1687"><net_src comp="637" pin="1"/><net_sink comp="1684" pin=0"/></net>

<net id="1691"><net_src comp="642" pin="1"/><net_sink comp="1688" pin=0"/></net>

<net id="1696"><net_src comp="1684" pin="1"/><net_sink comp="1692" pin=0"/></net>

<net id="1700"><net_src comp="1692" pin="2"/><net_sink comp="1697" pin=0"/></net>

<net id="1705"><net_src comp="1688" pin="1"/><net_sink comp="1701" pin=0"/></net>

<net id="1709"><net_src comp="1701" pin="2"/><net_sink comp="1706" pin=0"/></net>

<net id="1720"><net_src comp="1713" pin="1"/><net_sink comp="1716" pin=0"/></net>

<net id="1721"><net_src comp="1710" pin="1"/><net_sink comp="1716" pin=1"/></net>

<net id="1735"><net_src comp="1728" pin="1"/><net_sink comp="1731" pin=0"/></net>

<net id="1736"><net_src comp="1725" pin="1"/><net_sink comp="1731" pin=1"/></net>

<net id="1740"><net_src comp="1731" pin="2"/><net_sink comp="1737" pin=0"/></net>

<net id="1745"><net_src comp="1737" pin="1"/><net_sink comp="1741" pin=0"/></net>

<net id="1746"><net_src comp="1722" pin="1"/><net_sink comp="1741" pin=1"/></net>

<net id="1766"><net_src comp="1759" pin="1"/><net_sink comp="1762" pin=0"/></net>

<net id="1767"><net_src comp="1756" pin="1"/><net_sink comp="1762" pin=1"/></net>

<net id="1771"><net_src comp="1762" pin="2"/><net_sink comp="1768" pin=0"/></net>

<net id="1776"><net_src comp="1768" pin="1"/><net_sink comp="1772" pin=0"/></net>

<net id="1777"><net_src comp="1753" pin="1"/><net_sink comp="1772" pin=1"/></net>

<net id="1785"><net_src comp="1778" pin="1"/><net_sink comp="1781" pin=1"/></net>

<net id="1789"><net_src comp="1781" pin="2"/><net_sink comp="1786" pin=0"/></net>

<net id="1795"><net_src comp="118" pin="0"/><net_sink comp="1790" pin=0"/></net>

<net id="1796"><net_src comp="1786" pin="1"/><net_sink comp="1790" pin=1"/></net>

<net id="1797"><net_src comp="90" pin="0"/><net_sink comp="1790" pin=2"/></net>

<net id="1803"><net_src comp="120" pin="0"/><net_sink comp="1798" pin=0"/></net>

<net id="1804"><net_src comp="1781" pin="2"/><net_sink comp="1798" pin=1"/></net>

<net id="1805"><net_src comp="122" pin="0"/><net_sink comp="1798" pin=2"/></net>

<net id="1809"><net_src comp="1798" pin="3"/><net_sink comp="1806" pin=0"/></net>

<net id="1814"><net_src comp="1790" pin="3"/><net_sink comp="1810" pin=0"/></net>

<net id="1815"><net_src comp="1806" pin="1"/><net_sink comp="1810" pin=1"/></net>

<net id="1826"><net_src comp="1819" pin="1"/><net_sink comp="1822" pin=0"/></net>

<net id="1827"><net_src comp="1816" pin="1"/><net_sink comp="1822" pin=1"/></net>

<net id="1831"><net_src comp="1822" pin="2"/><net_sink comp="1828" pin=0"/></net>

<net id="1839"><net_src comp="1832" pin="1"/><net_sink comp="1835" pin=0"/></net>

<net id="1840"><net_src comp="1828" pin="1"/><net_sink comp="1835" pin=1"/></net>

<net id="1846"><net_src comp="124" pin="0"/><net_sink comp="1841" pin=0"/></net>

<net id="1847"><net_src comp="1835" pin="2"/><net_sink comp="1841" pin=1"/></net>

<net id="1848"><net_src comp="90" pin="0"/><net_sink comp="1841" pin=2"/></net>

<net id="1854"><net_src comp="126" pin="0"/><net_sink comp="1849" pin=0"/></net>

<net id="1855"><net_src comp="1835" pin="2"/><net_sink comp="1849" pin=1"/></net>

<net id="1856"><net_src comp="128" pin="0"/><net_sink comp="1849" pin=2"/></net>

<net id="1860"><net_src comp="1849" pin="3"/><net_sink comp="1857" pin=0"/></net>

<net id="1865"><net_src comp="1841" pin="3"/><net_sink comp="1861" pin=0"/></net>

<net id="1866"><net_src comp="1857" pin="1"/><net_sink comp="1861" pin=1"/></net>

<net id="1872"><net_src comp="130" pin="0"/><net_sink comp="1867" pin=0"/></net>

<net id="1873"><net_src comp="1861" pin="2"/><net_sink comp="1867" pin=1"/></net>

<net id="1874"><net_src comp="132" pin="0"/><net_sink comp="1867" pin=2"/></net>

<net id="1881"><net_src comp="134" pin="0"/><net_sink comp="1875" pin=0"/></net>

<net id="1882"><net_src comp="1861" pin="2"/><net_sink comp="1875" pin=1"/></net>

<net id="1883"><net_src comp="136" pin="0"/><net_sink comp="1875" pin=2"/></net>

<net id="1884"><net_src comp="132" pin="0"/><net_sink comp="1875" pin=3"/></net>

<net id="1895"><net_src comp="1888" pin="1"/><net_sink comp="1891" pin=0"/></net>

<net id="1896"><net_src comp="1885" pin="1"/><net_sink comp="1891" pin=1"/></net>

<net id="1900"><net_src comp="1891" pin="2"/><net_sink comp="1897" pin=0"/></net>

<net id="1911"><net_src comp="1904" pin="1"/><net_sink comp="1907" pin=0"/></net>

<net id="1912"><net_src comp="1901" pin="1"/><net_sink comp="1907" pin=1"/></net>

<net id="1916"><net_src comp="1907" pin="2"/><net_sink comp="1913" pin=0"/></net>

<net id="1921"><net_src comp="1913" pin="1"/><net_sink comp="1917" pin=0"/></net>

<net id="1922"><net_src comp="1897" pin="1"/><net_sink comp="1917" pin=1"/></net>

<net id="1933"><net_src comp="1926" pin="1"/><net_sink comp="1929" pin=0"/></net>

<net id="1934"><net_src comp="1923" pin="1"/><net_sink comp="1929" pin=1"/></net>

<net id="1942"><net_src comp="1935" pin="1"/><net_sink comp="1938" pin=1"/></net>

<net id="1946"><net_src comp="1938" pin="2"/><net_sink comp="1943" pin=0"/></net>

<net id="1947"><net_src comp="1943" pin="1"/><net_sink comp="587" pin=2"/></net>

<net id="1948"><net_src comp="1943" pin="1"/><net_sink comp="594" pin=2"/></net>

<net id="1956"><net_src comp="1949" pin="1"/><net_sink comp="1952" pin=1"/></net>

<net id="1961"><net_src comp="128" pin="0"/><net_sink comp="1957" pin=1"/></net>

<net id="1968"><net_src comp="138" pin="0"/><net_sink comp="1962" pin=0"/></net>

<net id="1969"><net_src comp="140" pin="0"/><net_sink comp="1962" pin=2"/></net>

<net id="1970"><net_src comp="142" pin="0"/><net_sink comp="1962" pin=3"/></net>

<net id="1975"><net_src comp="144" pin="0"/><net_sink comp="1971" pin=1"/></net>

<net id="1981"><net_src comp="1971" pin="2"/><net_sink comp="1976" pin=0"/></net>

<net id="1982"><net_src comp="146" pin="0"/><net_sink comp="1976" pin=1"/></net>

<net id="1983"><net_src comp="148" pin="0"/><net_sink comp="1976" pin=2"/></net>

<net id="1988"><net_src comp="1957" pin="2"/><net_sink comp="1984" pin=1"/></net>

<net id="1994"><net_src comp="1984" pin="2"/><net_sink comp="1989" pin=0"/></net>

<net id="1995"><net_src comp="1976" pin="3"/><net_sink comp="1989" pin=1"/></net>

<net id="1996"><net_src comp="1962" pin="4"/><net_sink comp="1989" pin=2"/></net>

<net id="1997"><net_src comp="1989" pin="3"/><net_sink comp="601" pin=4"/></net>

<net id="1998"><net_src comp="1989" pin="3"/><net_sink comp="611" pin=4"/></net>

<net id="2009"><net_src comp="2002" pin="1"/><net_sink comp="2005" pin=0"/></net>

<net id="2010"><net_src comp="1999" pin="1"/><net_sink comp="2005" pin=1"/></net>

<net id="2016"><net_src comp="124" pin="0"/><net_sink comp="2011" pin=0"/></net>

<net id="2017"><net_src comp="2005" pin="2"/><net_sink comp="2011" pin=1"/></net>

<net id="2018"><net_src comp="90" pin="0"/><net_sink comp="2011" pin=2"/></net>

<net id="2024"><net_src comp="126" pin="0"/><net_sink comp="2019" pin=0"/></net>

<net id="2025"><net_src comp="2005" pin="2"/><net_sink comp="2019" pin=1"/></net>

<net id="2026"><net_src comp="128" pin="0"/><net_sink comp="2019" pin=2"/></net>

<net id="2030"><net_src comp="2019" pin="3"/><net_sink comp="2027" pin=0"/></net>

<net id="2035"><net_src comp="2011" pin="3"/><net_sink comp="2031" pin=0"/></net>

<net id="2036"><net_src comp="2027" pin="1"/><net_sink comp="2031" pin=1"/></net>

<net id="2042"><net_src comp="130" pin="0"/><net_sink comp="2037" pin=0"/></net>

<net id="2043"><net_src comp="2031" pin="2"/><net_sink comp="2037" pin=1"/></net>

<net id="2044"><net_src comp="132" pin="0"/><net_sink comp="2037" pin=2"/></net>

<net id="2051"><net_src comp="134" pin="0"/><net_sink comp="2045" pin=0"/></net>

<net id="2052"><net_src comp="2031" pin="2"/><net_sink comp="2045" pin=1"/></net>

<net id="2053"><net_src comp="136" pin="0"/><net_sink comp="2045" pin=2"/></net>

<net id="2054"><net_src comp="132" pin="0"/><net_sink comp="2045" pin=3"/></net>

<net id="2059"><net_src comp="2045" pin="4"/><net_sink comp="2055" pin=0"/></net>

<net id="2060"><net_src comp="128" pin="0"/><net_sink comp="2055" pin=1"/></net>

<net id="2064"><net_src comp="2061" pin="1"/><net_sink comp="621" pin=2"/></net>

<net id="2065"><net_src comp="2061" pin="1"/><net_sink comp="628" pin=2"/></net>

<net id="2072"><net_src comp="138" pin="0"/><net_sink comp="2066" pin=0"/></net>

<net id="2073"><net_src comp="140" pin="0"/><net_sink comp="2066" pin=2"/></net>

<net id="2074"><net_src comp="142" pin="0"/><net_sink comp="2066" pin=3"/></net>

<net id="2079"><net_src comp="144" pin="0"/><net_sink comp="2075" pin=1"/></net>

<net id="2085"><net_src comp="2075" pin="2"/><net_sink comp="2080" pin=0"/></net>

<net id="2086"><net_src comp="146" pin="0"/><net_sink comp="2080" pin=1"/></net>

<net id="2087"><net_src comp="148" pin="0"/><net_sink comp="2080" pin=2"/></net>

<net id="2097"><net_src comp="2088" pin="2"/><net_sink comp="2092" pin=0"/></net>

<net id="2098"><net_src comp="2080" pin="3"/><net_sink comp="2092" pin=1"/></net>

<net id="2099"><net_src comp="2066" pin="4"/><net_sink comp="2092" pin=2"/></net>

<net id="2100"><net_src comp="2092" pin="3"/><net_sink comp="601" pin=4"/></net>

<net id="2101"><net_src comp="2092" pin="3"/><net_sink comp="611" pin=4"/></net>

<net id="2107"><net_src comp="962" pin="1"/><net_sink comp="2102" pin=0"/></net>

<net id="2113"><net_src comp="1029" pin="1"/><net_sink comp="2108" pin=0"/></net>

<net id="2114"><net_src comp="1136" pin="1"/><net_sink comp="2108" pin=2"/></net>

<net id="2115"><net_src comp="2108" pin="3"/><net_sink comp="1192" pin=0"/></net>

<net id="2121"><net_src comp="1014" pin="1"/><net_sink comp="2116" pin=0"/></net>

<net id="2122"><net_src comp="2116" pin="3"/><net_sink comp="1198" pin=0"/></net>

<net id="2128"><net_src comp="1070" pin="1"/><net_sink comp="2123" pin=0"/></net>

<net id="2129"><net_src comp="1192" pin="1"/><net_sink comp="2123" pin=2"/></net>

<net id="2135"><net_src comp="1198" pin="1"/><net_sink comp="2130" pin=2"/></net>

<net id="2141"><net_src comp="1085" pin="1"/><net_sink comp="2136" pin=0"/></net>

<net id="2142"><net_src comp="1195" pin="1"/><net_sink comp="2136" pin=2"/></net>

<net id="2143"><net_src comp="2136" pin="3"/><net_sink comp="1233" pin=0"/></net>

<net id="2149"><net_src comp="1122" pin="1"/><net_sink comp="2144" pin=0"/></net>

<net id="2150"><net_src comp="1227" pin="1"/><net_sink comp="2144" pin=2"/></net>

<net id="2156"><net_src comp="1122" pin="1"/><net_sink comp="2151" pin=0"/></net>

<net id="2157"><net_src comp="1230" pin="1"/><net_sink comp="2151" pin=2"/></net>

<net id="2163"><net_src comp="1099" pin="1"/><net_sink comp="2158" pin=0"/></net>

<net id="2164"><net_src comp="1233" pin="1"/><net_sink comp="2158" pin=2"/></net>

<net id="2165"><net_src comp="2158" pin="3"/><net_sink comp="1269" pin=0"/></net>

<net id="2171"><net_src comp="1223" pin="1"/><net_sink comp="2166" pin=0"/></net>

<net id="2172"><net_src comp="1312" pin="1"/><net_sink comp="2166" pin=2"/></net>

<net id="2173"><net_src comp="2166" pin="3"/><net_sink comp="1364" pin=0"/></net>

<net id="2179"><net_src comp="1258" pin="1"/><net_sink comp="2174" pin=0"/></net>

<net id="2180"><net_src comp="1352" pin="1"/><net_sink comp="2174" pin=2"/></net>

<net id="2186"><net_src comp="1262" pin="1"/><net_sink comp="2181" pin=0"/></net>

<net id="2187"><net_src comp="1360" pin="1"/><net_sink comp="2181" pin=2"/></net>

<net id="2193"><net_src comp="1308" pin="1"/><net_sink comp="2188" pin=0"/></net>

<net id="2194"><net_src comp="1419" pin="1"/><net_sink comp="2188" pin=2"/></net>

<net id="2200"><net_src comp="1300" pin="1"/><net_sink comp="2195" pin=0"/></net>

<net id="2201"><net_src comp="1415" pin="1"/><net_sink comp="2195" pin=2"/></net>

<net id="2207"><net_src comp="1304" pin="1"/><net_sink comp="2202" pin=0"/></net>

<net id="2208"><net_src comp="1427" pin="1"/><net_sink comp="2202" pin=2"/></net>

<net id="2214"><net_src comp="1344" pin="1"/><net_sink comp="2209" pin=0"/></net>

<net id="2215"><net_src comp="1470" pin="1"/><net_sink comp="2209" pin=2"/></net>

<net id="2221"><net_src comp="1337" pin="1"/><net_sink comp="2216" pin=0"/></net>

<net id="2222"><net_src comp="2195" pin="3"/><net_sink comp="2216" pin=2"/></net>

<net id="2228"><net_src comp="1340" pin="1"/><net_sink comp="2223" pin=0"/></net>

<net id="2229"><net_src comp="2202" pin="3"/><net_sink comp="2223" pin=2"/></net>

<net id="2235"><net_src comp="1406" pin="1"/><net_sink comp="2230" pin=0"/></net>

<net id="2236"><net_src comp="1509" pin="1"/><net_sink comp="2230" pin=2"/></net>

<net id="2237"><net_src comp="2230" pin="3"/><net_sink comp="1582" pin=0"/></net>

<net id="2243"><net_src comp="1538" pin="1"/><net_sink comp="2238" pin=2"/></net>

<net id="2249"><net_src comp="1461" pin="1"/><net_sink comp="2244" pin=0"/></net>

<net id="2250"><net_src comp="1573" pin="1"/><net_sink comp="2244" pin=2"/></net>

<net id="2256"><net_src comp="1568" pin="2"/><net_sink comp="2251" pin=2"/></net>

<net id="2257"><net_src comp="2251" pin="3"/><net_sink comp="1634" pin=0"/></net>

<net id="2263"><net_src comp="1625" pin="2"/><net_sink comp="2258" pin=2"/></net>

<net id="2269"><net_src comp="1501" pin="1"/><net_sink comp="2264" pin=0"/></net>

<net id="2270"><net_src comp="1634" pin="1"/><net_sink comp="2264" pin=2"/></net>

<net id="2271"><net_src comp="2264" pin="3"/><net_sink comp="1676" pin=0"/></net>

<net id="2277"><net_src comp="1661" pin="1"/><net_sink comp="2272" pin=2"/></net>

<net id="2283"><net_src comp="1497" pin="1"/><net_sink comp="2278" pin=0"/></net>

<net id="2284"><net_src comp="1669" pin="1"/><net_sink comp="2278" pin=2"/></net>

<net id="2285"><net_src comp="2278" pin="3"/><net_sink comp="1710" pin=0"/></net>

<net id="2291"><net_src comp="1673" pin="1"/><net_sink comp="2286" pin=2"/></net>

<net id="2292"><net_src comp="2286" pin="3"/><net_sink comp="1725" pin=0"/></net>

<net id="2298"><net_src comp="1621" pin="1"/><net_sink comp="2293" pin=0"/></net>

<net id="2299"><net_src comp="1697" pin="1"/><net_sink comp="2293" pin=2"/></net>

<net id="2300"><net_src comp="2293" pin="3"/><net_sink comp="1747" pin=0"/></net>

<net id="2306"><net_src comp="1556" pin="1"/><net_sink comp="2301" pin=0"/></net>

<net id="2307"><net_src comp="1706" pin="1"/><net_sink comp="2301" pin=2"/></net>

<net id="2308"><net_src comp="2301" pin="3"/><net_sink comp="1759" pin=0"/></net>

<net id="2314"><net_src comp="1630" pin="1"/><net_sink comp="2309" pin=0"/></net>

<net id="2315"><net_src comp="2309" pin="3"/><net_sink comp="1901" pin=0"/></net>

<net id="2321"><net_src comp="1649" pin="1"/><net_sink comp="2316" pin=0"/></net>

<net id="2322"><net_src comp="1750" pin="1"/><net_sink comp="2316" pin=2"/></net>

<net id="2323"><net_src comp="2316" pin="3"/><net_sink comp="1888" pin=0"/></net>

<net id="2329"><net_src comp="1653" pin="1"/><net_sink comp="2324" pin=0"/></net>

<net id="2330"><net_src comp="1747" pin="1"/><net_sink comp="2324" pin=2"/></net>

<net id="2331"><net_src comp="2324" pin="3"/><net_sink comp="1885" pin=0"/></net>

<net id="2335"><net_src comp="164" pin="1"/><net_sink comp="2332" pin=0"/></net>

<net id="2336"><net_src comp="2332" pin="1"/><net_sink comp="778" pin=1"/></net>

<net id="2337"><net_src comp="2332" pin="1"/><net_sink comp="798" pin=0"/></net>

<net id="2338"><net_src comp="2332" pin="1"/><net_sink comp="1009" pin=1"/></net>

<net id="2342"><net_src comp="168" pin="1"/><net_sink comp="2339" pin=0"/></net>

<net id="2343"><net_src comp="2339" pin="1"/><net_sink comp="773" pin=1"/></net>

<net id="2344"><net_src comp="2339" pin="1"/><net_sink comp="801" pin=0"/></net>

<net id="2345"><net_src comp="2339" pin="1"/><net_sink comp="897" pin=1"/></net>

<net id="2349"><net_src comp="172" pin="1"/><net_sink comp="2346" pin=0"/></net>

<net id="2350"><net_src comp="2346" pin="1"/><net_sink comp="768" pin=1"/></net>

<net id="2351"><net_src comp="2346" pin="1"/><net_sink comp="783" pin=0"/></net>

<net id="2352"><net_src comp="2346" pin="1"/><net_sink comp="892" pin=1"/></net>

<net id="2356"><net_src comp="660" pin="1"/><net_sink comp="2353" pin=0"/></net>

<net id="2357"><net_src comp="2353" pin="1"/><net_sink comp="2102" pin=1"/></net>

<net id="2358"><net_src comp="2353" pin="1"/><net_sink comp="2116" pin=1"/></net>

<net id="2362"><net_src comp="664" pin="1"/><net_sink comp="2359" pin=0"/></net>

<net id="2363"><net_src comp="2359" pin="1"/><net_sink comp="2230" pin=1"/></net>

<net id="2364"><net_src comp="2359" pin="1"/><net_sink comp="1701" pin=1"/></net>

<net id="2368"><net_src comp="668" pin="1"/><net_sink comp="2365" pin=0"/></net>

<net id="2369"><net_src comp="2365" pin="1"/><net_sink comp="1187" pin=1"/></net>

<net id="2370"><net_src comp="2365" pin="1"/><net_sink comp="1665" pin=1"/></net>

<net id="2374"><net_src comp="672" pin="1"/><net_sink comp="2371" pin=0"/></net>

<net id="2375"><net_src comp="2371" pin="1"/><net_sink comp="2123" pin=1"/></net>

<net id="2376"><net_src comp="2371" pin="1"/><net_sink comp="2158" pin=1"/></net>

<net id="2380"><net_src comp="676" pin="1"/><net_sink comp="2377" pin=0"/></net>

<net id="2381"><net_src comp="2377" pin="1"/><net_sink comp="2286" pin=1"/></net>

<net id="2382"><net_src comp="2377" pin="1"/><net_sink comp="2324" pin=1"/></net>

<net id="2386"><net_src comp="680" pin="1"/><net_sink comp="2383" pin=0"/></net>

<net id="2387"><net_src comp="2383" pin="1"/><net_sink comp="1355" pin=1"/></net>

<net id="2388"><net_src comp="2383" pin="1"/><net_sink comp="2238" pin=1"/></net>

<net id="2392"><net_src comp="684" pin="1"/><net_sink comp="2389" pin=0"/></net>

<net id="2393"><net_src comp="2389" pin="1"/><net_sink comp="2181" pin=1"/></net>

<net id="2394"><net_src comp="2389" pin="1"/><net_sink comp="2278" pin=1"/></net>

<net id="2398"><net_src comp="688" pin="1"/><net_sink comp="2395" pin=0"/></net>

<net id="2399"><net_src comp="2395" pin="1"/><net_sink comp="2174" pin=1"/></net>

<net id="2400"><net_src comp="2395" pin="1"/><net_sink comp="2272" pin=1"/></net>

<net id="2404"><net_src comp="692" pin="1"/><net_sink comp="2401" pin=0"/></net>

<net id="2405"><net_src comp="2401" pin="1"/><net_sink comp="2108" pin=1"/></net>

<net id="2406"><net_src comp="2401" pin="1"/><net_sink comp="2136" pin=1"/></net>

<net id="2410"><net_src comp="696" pin="1"/><net_sink comp="2407" pin=0"/></net>

<net id="2411"><net_src comp="2407" pin="1"/><net_sink comp="2144" pin=1"/></net>

<net id="2412"><net_src comp="2407" pin="1"/><net_sink comp="1692" pin=1"/></net>

<net id="2416"><net_src comp="700" pin="1"/><net_sink comp="2413" pin=0"/></net>

<net id="2417"><net_src comp="2413" pin="1"/><net_sink comp="1131" pin=1"/></net>

<net id="2418"><net_src comp="2413" pin="1"/><net_sink comp="2316" pin=1"/></net>

<net id="2422"><net_src comp="704" pin="1"/><net_sink comp="2419" pin=0"/></net>

<net id="2423"><net_src comp="2419" pin="1"/><net_sink comp="2102" pin=1"/></net>

<net id="2424"><net_src comp="2419" pin="1"/><net_sink comp="2116" pin=1"/></net>

<net id="2428"><net_src comp="708" pin="1"/><net_sink comp="2425" pin=0"/></net>

<net id="2429"><net_src comp="2425" pin="1"/><net_sink comp="2251" pin=1"/></net>

<net id="2430"><net_src comp="2425" pin="1"/><net_sink comp="1625" pin=1"/></net>

<net id="2434"><net_src comp="712" pin="1"/><net_sink comp="2431" pin=0"/></net>

<net id="2435"><net_src comp="2431" pin="1"/><net_sink comp="1004" pin=1"/></net>

<net id="2436"><net_src comp="2431" pin="1"/><net_sink comp="2216" pin=1"/></net>

<net id="2440"><net_src comp="716" pin="1"/><net_sink comp="2437" pin=0"/></net>

<net id="2441"><net_src comp="2437" pin="1"/><net_sink comp="2209" pin=1"/></net>

<net id="2442"><net_src comp="2437" pin="1"/><net_sink comp="2301" pin=1"/></net>

<net id="2446"><net_src comp="720" pin="1"/><net_sink comp="2443" pin=0"/></net>

<net id="2447"><net_src comp="2443" pin="1"/><net_sink comp="2258" pin=1"/></net>

<net id="2448"><net_src comp="2443" pin="1"/><net_sink comp="1568" pin=1"/></net>

<net id="2452"><net_src comp="724" pin="1"/><net_sink comp="2449" pin=0"/></net>

<net id="2453"><net_src comp="2449" pin="1"/><net_sink comp="1505" pin=1"/></net>

<net id="2454"><net_src comp="2449" pin="1"/><net_sink comp="2293" pin=1"/></net>

<net id="2458"><net_src comp="728" pin="1"/><net_sink comp="2455" pin=0"/></net>

<net id="2459"><net_src comp="2455" pin="1"/><net_sink comp="2130" pin=1"/></net>

<net id="2460"><net_src comp="2455" pin="1"/><net_sink comp="2166" pin=1"/></net>

<net id="2464"><net_src comp="732" pin="1"/><net_sink comp="2461" pin=0"/></net>

<net id="2465"><net_src comp="2461" pin="1"/><net_sink comp="2195" pin=1"/></net>

<net id="2466"><net_src comp="2461" pin="1"/><net_sink comp="2223" pin=1"/></net>

<net id="2470"><net_src comp="736" pin="1"/><net_sink comp="2467" pin=0"/></net>

<net id="2471"><net_src comp="2467" pin="1"/><net_sink comp="2151" pin=1"/></net>

<net id="2472"><net_src comp="2467" pin="1"/><net_sink comp="2244" pin=1"/></net>

<net id="2476"><net_src comp="740" pin="1"/><net_sink comp="2473" pin=0"/></net>

<net id="2477"><net_src comp="2473" pin="1"/><net_sink comp="1474" pin=1"/></net>

<net id="2478"><net_src comp="2473" pin="1"/><net_sink comp="1657" pin=1"/></net>

<net id="2482"><net_src comp="744" pin="1"/><net_sink comp="2479" pin=0"/></net>

<net id="2483"><net_src comp="2479" pin="1"/><net_sink comp="1126" pin=1"/></net>

<net id="2484"><net_src comp="2479" pin="1"/><net_sink comp="1422" pin=1"/></net>

<net id="2488"><net_src comp="748" pin="1"/><net_sink comp="2485" pin=0"/></net>

<net id="2489"><net_src comp="2485" pin="1"/><net_sink comp="2202" pin=1"/></net>

<net id="2490"><net_src comp="2485" pin="1"/><net_sink comp="1410" pin=1"/></net>

<net id="2494"><net_src comp="752" pin="1"/><net_sink comp="2491" pin=0"/></net>

<net id="2495"><net_src comp="2491" pin="1"/><net_sink comp="2264" pin=1"/></net>

<net id="2496"><net_src comp="2491" pin="1"/><net_sink comp="2309" pin=1"/></net>

<net id="2500"><net_src comp="756" pin="1"/><net_sink comp="2497" pin=0"/></net>

<net id="2501"><net_src comp="2497" pin="1"/><net_sink comp="1465" pin=1"/></net>

<net id="2502"><net_src comp="2497" pin="1"/><net_sink comp="1533" pin=1"/></net>

<net id="2506"><net_src comp="760" pin="1"/><net_sink comp="2503" pin=0"/></net>

<net id="2507"><net_src comp="2503" pin="1"/><net_sink comp="1054" pin=1"/></net>

<net id="2508"><net_src comp="2503" pin="1"/><net_sink comp="2188" pin=1"/></net>

<net id="2512"><net_src comp="764" pin="1"/><net_sink comp="2509" pin=0"/></net>

<net id="2513"><net_src comp="2509" pin="1"/><net_sink comp="1781" pin=0"/></net>

<net id="2517"><net_src comp="786" pin="2"/><net_sink comp="2514" pin=0"/></net>

<net id="2521"><net_src comp="801" pin="1"/><net_sink comp="2518" pin=0"/></net>

<net id="2522"><net_src comp="2518" pin="1"/><net_sink comp="909" pin=0"/></net>

<net id="2523"><net_src comp="2518" pin="1"/><net_sink comp="921" pin=0"/></net>

<net id="2524"><net_src comp="2518" pin="1"/><net_sink comp="933" pin=0"/></net>

<net id="2528"><net_src comp="804" pin="2"/><net_sink comp="2525" pin=0"/></net>

<net id="2529"><net_src comp="2525" pin="1"/><net_sink comp="902" pin=0"/></net>

<net id="2530"><net_src comp="2525" pin="1"/><net_sink comp="914" pin=0"/></net>

<net id="2531"><net_src comp="2525" pin="1"/><net_sink comp="926" pin=0"/></net>

<net id="2535"><net_src comp="810" pin="3"/><net_sink comp="2532" pin=0"/></net>

<net id="2536"><net_src comp="2532" pin="1"/><net_sink comp="966" pin=0"/></net>

<net id="2537"><net_src comp="2532" pin="1"/><net_sink comp="983" pin=0"/></net>

<net id="2538"><net_src comp="2532" pin="1"/><net_sink comp="1033" pin=0"/></net>

<net id="2539"><net_src comp="2532" pin="1"/><net_sink comp="1096" pin=0"/></net>

<net id="2540"><net_src comp="2532" pin="1"/><net_sink comp="1161" pin=2"/></net>

<net id="2541"><net_src comp="2532" pin="1"/><net_sink comp="1172" pin=2"/></net>

<net id="2542"><net_src comp="2532" pin="1"/><net_sink comp="1201" pin=2"/></net>

<net id="2543"><net_src comp="2532" pin="1"/><net_sink comp="1212" pin=2"/></net>

<net id="2544"><net_src comp="2532" pin="1"/><net_sink comp="1236" pin=2"/></net>

<net id="2545"><net_src comp="2532" pin="1"/><net_sink comp="1935" pin=0"/></net>

<net id="2549"><net_src comp="824" pin="3"/><net_sink comp="2546" pin=0"/></net>

<net id="2550"><net_src comp="2546" pin="1"/><net_sink comp="971" pin=1"/></net>

<net id="2551"><net_src comp="2546" pin="1"/><net_sink comp="988" pin=1"/></net>

<net id="2552"><net_src comp="2546" pin="1"/><net_sink comp="1038" pin=1"/></net>

<net id="2553"><net_src comp="2546" pin="1"/><net_sink comp="1161" pin=1"/></net>

<net id="2554"><net_src comp="2546" pin="1"/><net_sink comp="1479" pin=1"/></net>

<net id="2558"><net_src comp="832" pin="1"/><net_sink comp="2555" pin=0"/></net>

<net id="2562"><net_src comp="836" pin="4"/><net_sink comp="2559" pin=0"/></net>

<net id="2563"><net_src comp="2559" pin="1"/><net_sink comp="1778" pin=0"/></net>

<net id="2567"><net_src comp="852" pin="3"/><net_sink comp="2564" pin=0"/></net>

<net id="2568"><net_src comp="2564" pin="1"/><net_sink comp="1018" pin=1"/></net>

<net id="2569"><net_src comp="2564" pin="1"/><net_sink comp="1089" pin=1"/></net>

<net id="2570"><net_src comp="2564" pin="1"/><net_sink comp="1172" pin=1"/></net>

<net id="2571"><net_src comp="2564" pin="1"/><net_sink comp="1278" pin=1"/></net>

<net id="2572"><net_src comp="2564" pin="1"/><net_sink comp="1289" pin=1"/></net>

<net id="2576"><net_src comp="860" pin="2"/><net_sink comp="2573" pin=0"/></net>

<net id="2577"><net_src comp="2573" pin="1"/><net_sink comp="938" pin=2"/></net>

<net id="2578"><net_src comp="2573" pin="1"/><net_sink comp="950" pin=2"/></net>

<net id="2579"><net_src comp="2573" pin="1"/><net_sink comp="1247" pin=2"/></net>

<net id="2580"><net_src comp="2573" pin="1"/><net_sink comp="1949" pin=0"/></net>

<net id="2584"><net_src comp="338" pin="3"/><net_sink comp="2581" pin=0"/></net>

<net id="2585"><net_src comp="2581" pin="1"/><net_sink comp="352" pin=2"/></net>

<net id="2589"><net_src comp="345" pin="3"/><net_sink comp="2586" pin=0"/></net>

<net id="2590"><net_src comp="2586" pin="1"/><net_sink comp="352" pin=0"/></net>

<net id="2594"><net_src comp="909" pin="2"/><net_sink comp="2591" pin=0"/></net>

<net id="2595"><net_src comp="2591" pin="1"/><net_sink comp="1201" pin=1"/></net>

<net id="2596"><net_src comp="2591" pin="1"/><net_sink comp="1315" pin=1"/></net>

<net id="2597"><net_src comp="2591" pin="1"/><net_sink comp="1326" pin=1"/></net>

<net id="2598"><net_src comp="2591" pin="1"/><net_sink comp="1387" pin=1"/></net>

<net id="2599"><net_src comp="2591" pin="1"/><net_sink comp="1486" pin=1"/></net>

<net id="2603"><net_src comp="921" pin="2"/><net_sink comp="2600" pin=0"/></net>

<net id="2604"><net_src comp="2600" pin="1"/><net_sink comp="1059" pin=1"/></net>

<net id="2605"><net_src comp="2600" pin="1"/><net_sink comp="1074" pin=1"/></net>

<net id="2606"><net_src comp="2600" pin="1"/><net_sink comp="1212" pin=1"/></net>

<net id="2607"><net_src comp="2600" pin="1"/><net_sink comp="1247" pin=1"/></net>

<net id="2608"><net_src comp="2600" pin="1"/><net_sink comp="1376" pin=1"/></net>

<net id="2609"><net_src comp="2600" pin="1"/><net_sink comp="1542" pin=1"/></net>

<net id="2613"><net_src comp="933" pin="2"/><net_sink comp="2610" pin=0"/></net>

<net id="2614"><net_src comp="2610" pin="1"/><net_sink comp="1103" pin=1"/></net>

<net id="2615"><net_src comp="2610" pin="1"/><net_sink comp="1236" pin=1"/></net>

<net id="2616"><net_src comp="2610" pin="1"/><net_sink comp="1431" pin=1"/></net>

<net id="2617"><net_src comp="2610" pin="1"/><net_sink comp="1442" pin=1"/></net>

<net id="2618"><net_src comp="2610" pin="1"/><net_sink comp="1549" pin=1"/></net>

<net id="2622"><net_src comp="363" pin="3"/><net_sink comp="2619" pin=0"/></net>

<net id="2623"><net_src comp="2619" pin="1"/><net_sink comp="352" pin=2"/></net>

<net id="2627"><net_src comp="370" pin="3"/><net_sink comp="2624" pin=0"/></net>

<net id="2628"><net_src comp="2624" pin="1"/><net_sink comp="352" pin=0"/></net>

<net id="2632"><net_src comp="962" pin="1"/><net_sink comp="2629" pin=0"/></net>

<net id="2633"><net_src comp="2629" pin="1"/><net_sink comp="2102" pin=0"/></net>

<net id="2634"><net_src comp="2629" pin="1"/><net_sink comp="2130" pin=0"/></net>

<net id="2638"><net_src comp="966" pin="2"/><net_sink comp="2635" pin=0"/></net>

<net id="2639"><net_src comp="2635" pin="1"/><net_sink comp="1059" pin=2"/></net>

<net id="2640"><net_src comp="2635" pin="1"/><net_sink comp="1278" pin=2"/></net>

<net id="2641"><net_src comp="2635" pin="1"/><net_sink comp="1315" pin=2"/></net>

<net id="2642"><net_src comp="2635" pin="1"/><net_sink comp="1431" pin=2"/></net>

<net id="2646"><net_src comp="379" pin="3"/><net_sink comp="2643" pin=0"/></net>

<net id="2647"><net_src comp="2643" pin="1"/><net_sink comp="352" pin=2"/></net>

<net id="2651"><net_src comp="983" pin="2"/><net_sink comp="2648" pin=0"/></net>

<net id="2652"><net_src comp="2648" pin="1"/><net_sink comp="1018" pin=2"/></net>

<net id="2653"><net_src comp="2648" pin="1"/><net_sink comp="1326" pin=2"/></net>

<net id="2654"><net_src comp="2648" pin="1"/><net_sink comp="1376" pin=2"/></net>

<net id="2655"><net_src comp="2648" pin="1"/><net_sink comp="1442" pin=2"/></net>

<net id="2659"><net_src comp="387" pin="3"/><net_sink comp="2656" pin=0"/></net>

<net id="2660"><net_src comp="2656" pin="1"/><net_sink comp="352" pin=0"/></net>

<net id="2664"><net_src comp="1004" pin="2"/><net_sink comp="2661" pin=0"/></net>

<net id="2665"><net_src comp="2661" pin="1"/><net_sink comp="1195" pin=0"/></net>

<net id="2669"><net_src comp="1014" pin="1"/><net_sink comp="2666" pin=0"/></net>

<net id="2670"><net_src comp="2666" pin="1"/><net_sink comp="2116" pin=0"/></net>

<net id="2674"><net_src comp="395" pin="3"/><net_sink comp="2671" pin=0"/></net>

<net id="2675"><net_src comp="2671" pin="1"/><net_sink comp="352" pin=0"/></net>

<net id="2679"><net_src comp="1029" pin="1"/><net_sink comp="2676" pin=0"/></net>

<net id="2680"><net_src comp="2676" pin="1"/><net_sink comp="2108" pin=0"/></net>

<net id="2684"><net_src comp="1033" pin="2"/><net_sink comp="2681" pin=0"/></net>

<net id="2685"><net_src comp="2681" pin="1"/><net_sink comp="1074" pin=2"/></net>

<net id="2686"><net_src comp="2681" pin="1"/><net_sink comp="1103" pin=2"/></net>

<net id="2687"><net_src comp="2681" pin="1"/><net_sink comp="1289" pin=2"/></net>

<net id="2688"><net_src comp="2681" pin="1"/><net_sink comp="1387" pin=2"/></net>

<net id="2692"><net_src comp="402" pin="3"/><net_sink comp="2689" pin=0"/></net>

<net id="2693"><net_src comp="2689" pin="1"/><net_sink comp="352" pin=2"/></net>

<net id="2697"><net_src comp="1050" pin="1"/><net_sink comp="2694" pin=0"/></net>

<net id="2698"><net_src comp="2694" pin="1"/><net_sink comp="2251" pin=0"/></net>

<net id="2702"><net_src comp="1054" pin="2"/><net_sink comp="2699" pin=0"/></net>

<net id="2703"><net_src comp="2699" pin="1"/><net_sink comp="1230" pin=0"/></net>

<net id="2707"><net_src comp="411" pin="3"/><net_sink comp="2704" pin=0"/></net>

<net id="2708"><net_src comp="2704" pin="1"/><net_sink comp="352" pin=2"/></net>

<net id="2712"><net_src comp="1070" pin="1"/><net_sink comp="2709" pin=0"/></net>

<net id="2713"><net_src comp="2709" pin="1"/><net_sink comp="2123" pin=0"/></net>

<net id="2717"><net_src comp="418" pin="3"/><net_sink comp="2714" pin=0"/></net>

<net id="2718"><net_src comp="2714" pin="1"/><net_sink comp="352" pin=0"/></net>

<net id="2722"><net_src comp="1085" pin="1"/><net_sink comp="2719" pin=0"/></net>

<net id="2723"><net_src comp="2719" pin="1"/><net_sink comp="2136" pin=0"/></net>

<net id="2727"><net_src comp="2102" pin="3"/><net_sink comp="2724" pin=0"/></net>

<net id="2728"><net_src comp="2724" pin="1"/><net_sink comp="1312" pin=0"/></net>

<net id="2732"><net_src comp="1099" pin="1"/><net_sink comp="2729" pin=0"/></net>

<net id="2733"><net_src comp="2729" pin="1"/><net_sink comp="2158" pin=0"/></net>

<net id="2737"><net_src comp="427" pin="3"/><net_sink comp="2734" pin=0"/></net>

<net id="2738"><net_src comp="2734" pin="1"/><net_sink comp="352" pin=2"/></net>

<net id="2742"><net_src comp="1122" pin="1"/><net_sink comp="2739" pin=0"/></net>

<net id="2743"><net_src comp="2739" pin="1"/><net_sink comp="2144" pin=0"/></net>

<net id="2744"><net_src comp="2739" pin="1"/><net_sink comp="2151" pin=0"/></net>

<net id="2748"><net_src comp="1126" pin="2"/><net_sink comp="2745" pin=0"/></net>

<net id="2749"><net_src comp="2745" pin="1"/><net_sink comp="1352" pin=0"/></net>

<net id="2753"><net_src comp="1136" pin="1"/><net_sink comp="2750" pin=0"/></net>

<net id="2754"><net_src comp="2750" pin="1"/><net_sink comp="2108" pin=0"/></net>

<net id="2758"><net_src comp="1146" pin="1"/><net_sink comp="2755" pin=0"/></net>

<net id="2759"><net_src comp="2755" pin="1"/><net_sink comp="1513" pin=1"/></net>

<net id="2760"><net_src comp="2755" pin="1"/><net_sink comp="1523" pin=1"/></net>

<net id="2761"><net_src comp="2755" pin="1"/><net_sink comp="1601" pin=1"/></net>

<net id="2762"><net_src comp="2755" pin="1"/><net_sink comp="1611" pin=1"/></net>

<net id="2766"><net_src comp="435" pin="3"/><net_sink comp="2763" pin=0"/></net>

<net id="2767"><net_src comp="2763" pin="1"/><net_sink comp="352" pin=0"/></net>

<net id="2771"><net_src comp="443" pin="3"/><net_sink comp="2768" pin=0"/></net>

<net id="2772"><net_src comp="2768" pin="1"/><net_sink comp="352" pin=2"/></net>

<net id="2776"><net_src comp="450" pin="3"/><net_sink comp="2773" pin=0"/></net>

<net id="2777"><net_src comp="2773" pin="1"/><net_sink comp="352" pin=0"/></net>

<net id="2781"><net_src comp="1183" pin="1"/><net_sink comp="2778" pin=0"/></net>

<net id="2782"><net_src comp="2778" pin="1"/><net_sink comp="2238" pin=0"/></net>

<net id="2786"><net_src comp="1187" pin="2"/><net_sink comp="2783" pin=0"/></net>

<net id="2787"><net_src comp="2783" pin="1"/><net_sink comp="1227" pin=0"/></net>

<net id="2791"><net_src comp="1192" pin="1"/><net_sink comp="2788" pin=0"/></net>

<net id="2792"><net_src comp="2788" pin="1"/><net_sink comp="2123" pin=0"/></net>

<net id="2796"><net_src comp="1195" pin="1"/><net_sink comp="2793" pin=0"/></net>

<net id="2797"><net_src comp="2793" pin="1"/><net_sink comp="2136" pin=0"/></net>

<net id="2801"><net_src comp="1198" pin="1"/><net_sink comp="2798" pin=0"/></net>

<net id="2802"><net_src comp="2798" pin="1"/><net_sink comp="2130" pin=0"/></net>

<net id="2806"><net_src comp="459" pin="3"/><net_sink comp="2803" pin=0"/></net>

<net id="2807"><net_src comp="2803" pin="1"/><net_sink comp="352" pin=2"/></net>

<net id="2811"><net_src comp="466" pin="3"/><net_sink comp="2808" pin=0"/></net>

<net id="2812"><net_src comp="2808" pin="1"/><net_sink comp="352" pin=0"/></net>

<net id="2816"><net_src comp="1223" pin="1"/><net_sink comp="2813" pin=0"/></net>

<net id="2817"><net_src comp="2813" pin="1"/><net_sink comp="2166" pin=0"/></net>

<net id="2821"><net_src comp="352" pin="3"/><net_sink comp="2818" pin=0"/></net>

<net id="2822"><net_src comp="2818" pin="1"/><net_sink comp="1337" pin=0"/></net>

<net id="2826"><net_src comp="1227" pin="1"/><net_sink comp="2823" pin=0"/></net>

<net id="2827"><net_src comp="2823" pin="1"/><net_sink comp="2144" pin=0"/></net>

<net id="2831"><net_src comp="2123" pin="3"/><net_sink comp="2828" pin=0"/></net>

<net id="2832"><net_src comp="2828" pin="1"/><net_sink comp="1367" pin=0"/></net>

<net id="2836"><net_src comp="1230" pin="1"/><net_sink comp="2833" pin=0"/></net>

<net id="2837"><net_src comp="2833" pin="1"/><net_sink comp="2151" pin=0"/></net>

<net id="2841"><net_src comp="2130" pin="3"/><net_sink comp="2838" pin=0"/></net>

<net id="2842"><net_src comp="2838" pin="1"/><net_sink comp="1266" pin=0"/></net>

<net id="2846"><net_src comp="1233" pin="1"/><net_sink comp="2843" pin=0"/></net>

<net id="2847"><net_src comp="2843" pin="1"/><net_sink comp="2158" pin=0"/></net>

<net id="2851"><net_src comp="475" pin="3"/><net_sink comp="2848" pin=0"/></net>

<net id="2852"><net_src comp="2848" pin="1"/><net_sink comp="352" pin=0"/></net>

<net id="2856"><net_src comp="482" pin="3"/><net_sink comp="2853" pin=0"/></net>

<net id="2857"><net_src comp="2853" pin="1"/><net_sink comp="352" pin=2"/></net>

<net id="2861"><net_src comp="1258" pin="1"/><net_sink comp="2858" pin=0"/></net>

<net id="2862"><net_src comp="2858" pin="1"/><net_sink comp="2174" pin=0"/></net>

<net id="2866"><net_src comp="1262" pin="1"/><net_sink comp="2863" pin=0"/></net>

<net id="2867"><net_src comp="2863" pin="1"/><net_sink comp="2181" pin=0"/></net>

<net id="2871"><net_src comp="2144" pin="3"/><net_sink comp="2868" pin=0"/></net>

<net id="2872"><net_src comp="2868" pin="1"/><net_sink comp="1419" pin=0"/></net>

<net id="2876"><net_src comp="2151" pin="3"/><net_sink comp="2873" pin=0"/></net>

<net id="2877"><net_src comp="2873" pin="1"/><net_sink comp="1713" pin=0"/></net>

<net id="2881"><net_src comp="1272" pin="2"/><net_sink comp="2878" pin=0"/></net>

<net id="2882"><net_src comp="2878" pin="1"/><net_sink comp="1923" pin=0"/></net>

<net id="2886"><net_src comp="491" pin="3"/><net_sink comp="2883" pin=0"/></net>

<net id="2887"><net_src comp="2883" pin="1"/><net_sink comp="352" pin=2"/></net>

<net id="2891"><net_src comp="498" pin="3"/><net_sink comp="2888" pin=0"/></net>

<net id="2892"><net_src comp="2888" pin="1"/><net_sink comp="352" pin=0"/></net>

<net id="2896"><net_src comp="1300" pin="1"/><net_sink comp="2893" pin=0"/></net>

<net id="2897"><net_src comp="2893" pin="1"/><net_sink comp="2195" pin=0"/></net>

<net id="2901"><net_src comp="1304" pin="1"/><net_sink comp="2898" pin=0"/></net>

<net id="2902"><net_src comp="2898" pin="1"/><net_sink comp="2202" pin=0"/></net>

<net id="2906"><net_src comp="1308" pin="1"/><net_sink comp="2903" pin=0"/></net>

<net id="2907"><net_src comp="2903" pin="1"/><net_sink comp="2188" pin=0"/></net>

<net id="2911"><net_src comp="1312" pin="1"/><net_sink comp="2908" pin=0"/></net>

<net id="2912"><net_src comp="2908" pin="1"/><net_sink comp="2166" pin=0"/></net>

<net id="2916"><net_src comp="507" pin="3"/><net_sink comp="2913" pin=0"/></net>

<net id="2917"><net_src comp="2913" pin="1"/><net_sink comp="352" pin=2"/></net>

<net id="2921"><net_src comp="514" pin="3"/><net_sink comp="2918" pin=0"/></net>

<net id="2922"><net_src comp="2918" pin="1"/><net_sink comp="352" pin=0"/></net>

<net id="2926"><net_src comp="1337" pin="1"/><net_sink comp="2923" pin=0"/></net>

<net id="2927"><net_src comp="2923" pin="1"/><net_sink comp="2216" pin=0"/></net>

<net id="2931"><net_src comp="1340" pin="1"/><net_sink comp="2928" pin=0"/></net>

<net id="2932"><net_src comp="2928" pin="1"/><net_sink comp="2223" pin=0"/></net>

<net id="2936"><net_src comp="1344" pin="1"/><net_sink comp="2933" pin=0"/></net>

<net id="2937"><net_src comp="2933" pin="1"/><net_sink comp="2209" pin=0"/></net>

<net id="2938"><net_src comp="2933" pin="1"/><net_sink comp="2272" pin=0"/></net>

<net id="2942"><net_src comp="1352" pin="1"/><net_sink comp="2939" pin=0"/></net>

<net id="2943"><net_src comp="2939" pin="1"/><net_sink comp="2174" pin=0"/></net>

<net id="2947"><net_src comp="1360" pin="1"/><net_sink comp="2944" pin=0"/></net>

<net id="2948"><net_src comp="2944" pin="1"/><net_sink comp="2181" pin=0"/></net>

<net id="2952"><net_src comp="1370" pin="2"/><net_sink comp="2949" pin=0"/></net>

<net id="2953"><net_src comp="2949" pin="1"/><net_sink comp="1637" pin=0"/></net>

<net id="2957"><net_src comp="523" pin="3"/><net_sink comp="2954" pin=0"/></net>

<net id="2958"><net_src comp="2954" pin="1"/><net_sink comp="352" pin=0"/></net>

<net id="2962"><net_src comp="530" pin="3"/><net_sink comp="2959" pin=0"/></net>

<net id="2963"><net_src comp="2959" pin="1"/><net_sink comp="352" pin=2"/></net>

<net id="2967"><net_src comp="1402" pin="1"/><net_sink comp="2964" pin=0"/></net>

<net id="2968"><net_src comp="2964" pin="1"/><net_sink comp="1505" pin=0"/></net>

<net id="2972"><net_src comp="1406" pin="1"/><net_sink comp="2969" pin=0"/></net>

<net id="2973"><net_src comp="2969" pin="1"/><net_sink comp="2230" pin=0"/></net>

<net id="2974"><net_src comp="2969" pin="1"/><net_sink comp="2258" pin=0"/></net>

<net id="2978"><net_src comp="1415" pin="1"/><net_sink comp="2975" pin=0"/></net>

<net id="2979"><net_src comp="2975" pin="1"/><net_sink comp="2195" pin=0"/></net>

<net id="2983"><net_src comp="1419" pin="1"/><net_sink comp="2980" pin=0"/></net>

<net id="2984"><net_src comp="2980" pin="1"/><net_sink comp="2188" pin=0"/></net>

<net id="2988"><net_src comp="2181" pin="3"/><net_sink comp="2985" pin=0"/></net>

<net id="2989"><net_src comp="2985" pin="1"/><net_sink comp="1728" pin=0"/></net>

<net id="2993"><net_src comp="2174" pin="3"/><net_sink comp="2990" pin=0"/></net>

<net id="2994"><net_src comp="2990" pin="1"/><net_sink comp="1579" pin=0"/></net>

<net id="2998"><net_src comp="1427" pin="1"/><net_sink comp="2995" pin=0"/></net>

<net id="2999"><net_src comp="2995" pin="1"/><net_sink comp="2202" pin=0"/></net>

<net id="3003"><net_src comp="539" pin="3"/><net_sink comp="3000" pin=0"/></net>

<net id="3004"><net_src comp="3000" pin="1"/><net_sink comp="352" pin=2"/></net>

<net id="3008"><net_src comp="546" pin="3"/><net_sink comp="3005" pin=0"/></net>

<net id="3009"><net_src comp="3005" pin="1"/><net_sink comp="352" pin=0"/></net>

<net id="3013"><net_src comp="1457" pin="1"/><net_sink comp="3010" pin=0"/></net>

<net id="3014"><net_src comp="3010" pin="1"/><net_sink comp="1657" pin=0"/></net>

<net id="3018"><net_src comp="1461" pin="1"/><net_sink comp="3015" pin=0"/></net>

<net id="3019"><net_src comp="3015" pin="1"/><net_sink comp="2244" pin=0"/></net>

<net id="3020"><net_src comp="3015" pin="1"/><net_sink comp="1665" pin=0"/></net>

<net id="3024"><net_src comp="1470" pin="1"/><net_sink comp="3021" pin=0"/></net>

<net id="3025"><net_src comp="3021" pin="1"/><net_sink comp="2209" pin=1"/></net>

<net id="3029"><net_src comp="1474" pin="2"/><net_sink comp="3026" pin=0"/></net>

<net id="3030"><net_src comp="3026" pin="1"/><net_sink comp="1673" pin=0"/></net>

<net id="3034"><net_src comp="2188" pin="3"/><net_sink comp="3031" pin=0"/></net>

<net id="3035"><net_src comp="3031" pin="1"/><net_sink comp="1679" pin=0"/></net>

<net id="3039"><net_src comp="2195" pin="3"/><net_sink comp="3036" pin=0"/></net>

<net id="3040"><net_src comp="3036" pin="1"/><net_sink comp="2216" pin=0"/></net>

<net id="3044"><net_src comp="2202" pin="3"/><net_sink comp="3041" pin=0"/></net>

<net id="3045"><net_src comp="3041" pin="1"/><net_sink comp="2223" pin=0"/></net>

<net id="3049"><net_src comp="1493" pin="1"/><net_sink comp="3046" pin=0"/></net>

<net id="3050"><net_src comp="3046" pin="1"/><net_sink comp="2286" pin=0"/></net>

<net id="3054"><net_src comp="1497" pin="1"/><net_sink comp="3051" pin=0"/></net>

<net id="3055"><net_src comp="3051" pin="1"/><net_sink comp="2278" pin=0"/></net>

<net id="3059"><net_src comp="1501" pin="1"/><net_sink comp="3056" pin=0"/></net>

<net id="3060"><net_src comp="3056" pin="1"/><net_sink comp="2264" pin=0"/></net>

<net id="3064"><net_src comp="1509" pin="1"/><net_sink comp="3061" pin=0"/></net>

<net id="3065"><net_src comp="3061" pin="1"/><net_sink comp="2230" pin=0"/></net>

<net id="3069"><net_src comp="2209" pin="3"/><net_sink comp="3066" pin=0"/></net>

<net id="3070"><net_src comp="3066" pin="1"/><net_sink comp="1573" pin=0"/></net>

<net id="3074"><net_src comp="2216" pin="3"/><net_sink comp="3071" pin=0"/></net>

<net id="3075"><net_src comp="3071" pin="1"/><net_sink comp="1576" pin=0"/></net>

<net id="3079"><net_src comp="555" pin="3"/><net_sink comp="3076" pin=0"/></net>

<net id="3080"><net_src comp="3076" pin="1"/><net_sink comp="352" pin=2"/></net>

<net id="3084"><net_src comp="562" pin="3"/><net_sink comp="3081" pin=0"/></net>

<net id="3085"><net_src comp="3081" pin="1"/><net_sink comp="352" pin=0"/></net>

<net id="3089"><net_src comp="1538" pin="1"/><net_sink comp="3086" pin=0"/></net>

<net id="3090"><net_src comp="3086" pin="1"/><net_sink comp="2238" pin=0"/></net>

<net id="3094"><net_src comp="2223" pin="3"/><net_sink comp="3091" pin=0"/></net>

<net id="3095"><net_src comp="3091" pin="1"/><net_sink comp="1753" pin=0"/></net>

<net id="3099"><net_src comp="1556" pin="1"/><net_sink comp="3096" pin=0"/></net>

<net id="3100"><net_src comp="3096" pin="1"/><net_sink comp="2301" pin=0"/></net>

<net id="3104"><net_src comp="1568" pin="2"/><net_sink comp="3101" pin=0"/></net>

<net id="3105"><net_src comp="3101" pin="1"/><net_sink comp="2251" pin=0"/></net>

<net id="3109"><net_src comp="1573" pin="1"/><net_sink comp="3106" pin=0"/></net>

<net id="3110"><net_src comp="3106" pin="1"/><net_sink comp="2244" pin=0"/></net>

<net id="3114"><net_src comp="1595" pin="2"/><net_sink comp="3111" pin=0"/></net>

<net id="3115"><net_src comp="3111" pin="1"/><net_sink comp="1640" pin=0"/></net>

<net id="3119"><net_src comp="571" pin="3"/><net_sink comp="3116" pin=0"/></net>

<net id="3120"><net_src comp="3116" pin="1"/><net_sink comp="352" pin=2"/></net>

<net id="3124"><net_src comp="578" pin="3"/><net_sink comp="3121" pin=0"/></net>

<net id="3125"><net_src comp="3121" pin="1"/><net_sink comp="352" pin=0"/></net>

<net id="3129"><net_src comp="1621" pin="1"/><net_sink comp="3126" pin=0"/></net>

<net id="3130"><net_src comp="3126" pin="1"/><net_sink comp="2293" pin=0"/></net>

<net id="3134"><net_src comp="1625" pin="2"/><net_sink comp="3131" pin=0"/></net>

<net id="3135"><net_src comp="3131" pin="1"/><net_sink comp="2258" pin=0"/></net>

<net id="3139"><net_src comp="2238" pin="3"/><net_sink comp="3136" pin=0"/></net>

<net id="3140"><net_src comp="3136" pin="1"/><net_sink comp="2309" pin=0"/></net>

<net id="3144"><net_src comp="1630" pin="1"/><net_sink comp="3141" pin=0"/></net>

<net id="3145"><net_src comp="3141" pin="1"/><net_sink comp="2309" pin=0"/></net>

<net id="3149"><net_src comp="1634" pin="1"/><net_sink comp="3146" pin=0"/></net>

<net id="3150"><net_src comp="3146" pin="1"/><net_sink comp="2264" pin=0"/></net>

<net id="3154"><net_src comp="2244" pin="3"/><net_sink comp="3151" pin=0"/></net>

<net id="3155"><net_src comp="3151" pin="1"/><net_sink comp="1722" pin=0"/></net>

<net id="3159"><net_src comp="1643" pin="2"/><net_sink comp="3156" pin=0"/></net>

<net id="3160"><net_src comp="3156" pin="1"/><net_sink comp="1832" pin=0"/></net>

<net id="3164"><net_src comp="1649" pin="1"/><net_sink comp="3161" pin=0"/></net>

<net id="3165"><net_src comp="3161" pin="1"/><net_sink comp="2316" pin=0"/></net>

<net id="3169"><net_src comp="1653" pin="1"/><net_sink comp="3166" pin=0"/></net>

<net id="3170"><net_src comp="3166" pin="1"/><net_sink comp="2324" pin=0"/></net>

<net id="3174"><net_src comp="1661" pin="1"/><net_sink comp="3171" pin=0"/></net>

<net id="3175"><net_src comp="3171" pin="1"/><net_sink comp="2272" pin=1"/></net>

<net id="3179"><net_src comp="1669" pin="1"/><net_sink comp="3176" pin=0"/></net>

<net id="3180"><net_src comp="3176" pin="1"/><net_sink comp="2278" pin=1"/></net>

<net id="3184"><net_src comp="2258" pin="3"/><net_sink comp="3181" pin=0"/></net>

<net id="3185"><net_src comp="3181" pin="1"/><net_sink comp="1750" pin=0"/></net>

<net id="3189"><net_src comp="1673" pin="1"/><net_sink comp="3186" pin=0"/></net>

<net id="3190"><net_src comp="3186" pin="1"/><net_sink comp="2286" pin=0"/></net>

<net id="3194"><net_src comp="1679" pin="2"/><net_sink comp="3191" pin=0"/></net>

<net id="3195"><net_src comp="3191" pin="1"/><net_sink comp="1816" pin=0"/></net>

<net id="3199"><net_src comp="1697" pin="1"/><net_sink comp="3196" pin=0"/></net>

<net id="3200"><net_src comp="3196" pin="1"/><net_sink comp="2293" pin=0"/></net>

<net id="3204"><net_src comp="1706" pin="1"/><net_sink comp="3201" pin=0"/></net>

<net id="3205"><net_src comp="3201" pin="1"/><net_sink comp="2301" pin=1"/></net>

<net id="3209"><net_src comp="1716" pin="2"/><net_sink comp="3206" pin=0"/></net>

<net id="3210"><net_src comp="3206" pin="1"/><net_sink comp="1904" pin=0"/></net>

<net id="3214"><net_src comp="2272" pin="3"/><net_sink comp="3211" pin=0"/></net>

<net id="3215"><net_src comp="3211" pin="1"/><net_sink comp="1756" pin=0"/></net>

<net id="3219"><net_src comp="1741" pin="2"/><net_sink comp="3216" pin=0"/></net>

<net id="3220"><net_src comp="3216" pin="1"/><net_sink comp="1819" pin=0"/></net>

<net id="3224"><net_src comp="1747" pin="1"/><net_sink comp="3221" pin=0"/></net>

<net id="3225"><net_src comp="3221" pin="1"/><net_sink comp="2324" pin=0"/></net>

<net id="3229"><net_src comp="1750" pin="1"/><net_sink comp="3226" pin=0"/></net>

<net id="3230"><net_src comp="3226" pin="1"/><net_sink comp="2316" pin=0"/></net>

<net id="3234"><net_src comp="1772" pin="2"/><net_sink comp="3231" pin=0"/></net>

<net id="3235"><net_src comp="3231" pin="1"/><net_sink comp="1926" pin=0"/></net>

<net id="3239"><net_src comp="1810" pin="2"/><net_sink comp="3236" pin=0"/></net>

<net id="3240"><net_src comp="3236" pin="1"/><net_sink comp="1938" pin=0"/></net>

<net id="3241"><net_src comp="3236" pin="1"/><net_sink comp="1952" pin=0"/></net>

<net id="3245"><net_src comp="1861" pin="2"/><net_sink comp="3242" pin=0"/></net>

<net id="3246"><net_src comp="3242" pin="1"/><net_sink comp="1962" pin=1"/></net>

<net id="3250"><net_src comp="1867" pin="3"/><net_sink comp="3247" pin=0"/></net>

<net id="3251"><net_src comp="3247" pin="1"/><net_sink comp="1971" pin=0"/></net>

<net id="3252"><net_src comp="3247" pin="1"/><net_sink comp="1984" pin=0"/></net>

<net id="3256"><net_src comp="1875" pin="4"/><net_sink comp="3253" pin=0"/></net>

<net id="3257"><net_src comp="3253" pin="1"/><net_sink comp="1957" pin=0"/></net>

<net id="3261"><net_src comp="1917" pin="2"/><net_sink comp="3258" pin=0"/></net>

<net id="3262"><net_src comp="3258" pin="1"/><net_sink comp="1999" pin=0"/></net>

<net id="3266"><net_src comp="1929" pin="2"/><net_sink comp="3263" pin=0"/></net>

<net id="3267"><net_src comp="3263" pin="1"/><net_sink comp="2002" pin=0"/></net>

<net id="3271"><net_src comp="1952" pin="2"/><net_sink comp="3268" pin=0"/></net>

<net id="3272"><net_src comp="3268" pin="1"/><net_sink comp="2061" pin=0"/></net>

<net id="3276"><net_src comp="2031" pin="2"/><net_sink comp="3273" pin=0"/></net>

<net id="3277"><net_src comp="3273" pin="1"/><net_sink comp="2066" pin=1"/></net>

<net id="3281"><net_src comp="2037" pin="3"/><net_sink comp="3278" pin=0"/></net>

<net id="3282"><net_src comp="3278" pin="1"/><net_sink comp="2075" pin=0"/></net>

<net id="3283"><net_src comp="3278" pin="1"/><net_sink comp="2088" pin=0"/></net>

<net id="3287"><net_src comp="2055" pin="2"/><net_sink comp="3284" pin=0"/></net>

<net id="3288"><net_src comp="3284" pin="1"/><net_sink comp="2088" pin=1"/></net>

</net_list>

</model> 
---------------- Datapath Model END ------------------

* FSMD analyzer results:
  - Output states:
	Port: x | {}
	Port: y_0 | {20 21 }
	Port: y_1 | {20 21 }
 - Input state : 
	Port: conv1_pragma_Pipeline_VITIS_LOOP_118_2_VITIS_LOOP_119_3 : sub_ln131 | {1 }
	Port: conv1_pragma_Pipeline_VITIS_LOOP_118_2_VITIS_LOOP_119_3 : x | {1 2 3 4 5 6 7 8 9 10 11 12 13 14 15 16 }
	Port: conv1_pragma_Pipeline_VITIS_LOOP_118_2_VITIS_LOOP_119_3 : y_0 | {}
	Port: conv1_pragma_Pipeline_VITIS_LOOP_118_2_VITIS_LOOP_119_3 : y_1 | {}
	Port: conv1_pragma_Pipeline_VITIS_LOOP_118_2_VITIS_LOOP_119_3 : LENET_C1_W_0_4_0_load_cast | {1 }
	Port: conv1_pragma_Pipeline_VITIS_LOOP_118_2_VITIS_LOOP_119_3 : LENET_C1_W_0_2_3_load_cast | {1 }
	Port: conv1_pragma_Pipeline_VITIS_LOOP_118_2_VITIS_LOOP_119_3 : LENET_C1_W_0_4_2_load_cast | {1 }
	Port: conv1_pragma_Pipeline_VITIS_LOOP_118_2_VITIS_LOOP_119_3 : LENET_C1_W_0_1_2_load_cast | {1 }
	Port: conv1_pragma_Pipeline_VITIS_LOOP_118_2_VITIS_LOOP_119_3 : LENET_C1_W_0_1_3_load_cast | {1 }
	Port: conv1_pragma_Pipeline_VITIS_LOOP_118_2_VITIS_LOOP_119_3 : LENET_C1_W_0_2_2_load_cast | {1 }
	Port: conv1_pragma_Pipeline_VITIS_LOOP_118_2_VITIS_LOOP_119_3 : LENET_C1_W_0_3_3_load_cast | {1 }
	Port: conv1_pragma_Pipeline_VITIS_LOOP_118_2_VITIS_LOOP_119_3 : LENET_C1_W_0_1_1_load_cast | {1 }
	Port: conv1_pragma_Pipeline_VITIS_LOOP_118_2_VITIS_LOOP_119_3 : LENET_C1_W_0_0_0_load_cast | {1 }
	Port: conv1_pragma_Pipeline_VITIS_LOOP_118_2_VITIS_LOOP_119_3 : LENET_C1_W_0_1_4_load_cast | {1 }
	Port: conv1_pragma_Pipeline_VITIS_LOOP_118_2_VITIS_LOOP_119_3 : LENET_C1_W_0_4_3_load_cast | {1 }
	Port: conv1_pragma_Pipeline_VITIS_LOOP_118_2_VITIS_LOOP_119_3 : LENET_C1_W_0_2_1_load_cast | {1 }
	Port: conv1_pragma_Pipeline_VITIS_LOOP_118_2_VITIS_LOOP_119_3 : LENET_C1_W_0_1_0_load_cast | {1 }
	Port: conv1_pragma_Pipeline_VITIS_LOOP_118_2_VITIS_LOOP_119_3 : LENET_C1_W_0_4_1_load_cast | {1 }
	Port: conv1_pragma_Pipeline_VITIS_LOOP_118_2_VITIS_LOOP_119_3 : LENET_C1_W_0_0_1_load_cast | {1 }
	Port: conv1_pragma_Pipeline_VITIS_LOOP_118_2_VITIS_LOOP_119_3 : LENET_C1_W_0_0_4_load_cast | {1 }
	Port: conv1_pragma_Pipeline_VITIS_LOOP_118_2_VITIS_LOOP_119_3 : LENET_C1_W_0_3_4_load_cast | {1 }
	Port: conv1_pragma_Pipeline_VITIS_LOOP_118_2_VITIS_LOOP_119_3 : LENET_C1_W_0_0_3_load_cast | {1 }
	Port: conv1_pragma_Pipeline_VITIS_LOOP_118_2_VITIS_LOOP_119_3 : LENET_C1_W_0_2_0_load_cast | {1 }
	Port: conv1_pragma_Pipeline_VITIS_LOOP_118_2_VITIS_LOOP_119_3 : LENET_C1_W_0_3_0_load_cast | {1 }
	Port: conv1_pragma_Pipeline_VITIS_LOOP_118_2_VITIS_LOOP_119_3 : LENET_C1_W_0_3_1_load_cast | {1 }
	Port: conv1_pragma_Pipeline_VITIS_LOOP_118_2_VITIS_LOOP_119_3 : LENET_C1_W_0_2_4_load_cast | {1 }
	Port: conv1_pragma_Pipeline_VITIS_LOOP_118_2_VITIS_LOOP_119_3 : LENET_C1_W_0_0_2_load_cast | {1 }
	Port: conv1_pragma_Pipeline_VITIS_LOOP_118_2_VITIS_LOOP_119_3 : LENET_C1_W_0_3_2_load_cast | {1 }
	Port: conv1_pragma_Pipeline_VITIS_LOOP_118_2_VITIS_LOOP_119_3 : sext_ln118 | {1 }
	Port: conv1_pragma_Pipeline_VITIS_LOOP_118_2_VITIS_LOOP_119_3 : merge_i_cast | {1 }
  - Chain level:
	State 1
		store_ln0 : 1
		store_ln0 : 1
		store_ln0 : 1
		indvar_flatten_load : 1
		icmp_ln118 : 2
		add_ln118_3 : 2
		br_ln118 : 3
		ow_load : 1
		oh_load : 1
		icmp_ln119 : 2
		select_ln118 : 3
		indvars_iv_next1324 : 2
		select_ln118_1 : 3
		trunc_ln118 : 4
		zext_ln118_1_mid2_v : 4
		indvars_iv_next132_mid1 : 2
		select_ln118_2 : 3
		or_ln126 : 4
		tmp_10 : 4
		zext_ln126_45 : 5
		x_addr_1 : 6
		tmp_11 : 4
		zext_ln126_46 : 5
		x_addr_6 : 6
		x_load_1 : 7
		x_load_6 : 7
		br_ln131 : 5
		store_ln119 : 3
		store_ln119 : 4
	State 2
		add_ln118 : 1
		add_ln118_1 : 1
		add_ln118_2 : 1
		tmp_12 : 2
		zext_ln126_47 : 3
		x_addr_11 : 4
		tmp_14 : 2
		zext_ln126_49 : 3
		x_addr_21 : 4
		zext_ln126_2 : 1
		x_load_11 : 5
		x_load_21 : 5
		mul_ln85_14 : 2
	State 3
		tmp_15 : 1
		zext_ln126_50 : 2
		x_addr_2 : 3
		x_load_2 : 4
		tmp_20 : 1
		zext_ln126_55 : 2
		x_addr_3 : 3
		x_load_3 : 4
		mul_ln85_37 : 1
		store_ln119 : 1
	State 4
		zext_ln126_4 : 1
		zext_ln126_56 : 1
		x_addr_8 : 2
		zext_ln126_8 : 1
		tmp_25 : 1
		zext_ln126_60 : 2
		x_addr_4 : 3
		x_load_4 : 4
		x_load_8 : 3
		zext_ln85_6 : 1
		mul_ln85_17 : 2
		add_ln85_12 : 2
		mul_ln85_25 : 1
		mul_ln85_39 : 2
	State 5
		zext_ln126_53 : 1
		x_addr_17 : 2
		zext_ln126_63 : 1
		x_addr_19 : 2
		zext_ln126_10 : 1
		x_load_17 : 3
		x_load_19 : 3
		mul_ln85_22 : 1
		mul_ln85_42 : 2
	State 6
		zext_ln126_64 : 1
		x_addr_24 : 2
		zext_ln126_31 : 1
		x_load_24 : 3
		mul_ln85_4 : 1
		mul_ln85_15 : 1
		sext_ln85_7 : 2
		mul_ln85_16 : 2
		zext_ln85_7 : 1
		add_ln85_14 : 3
		add_ln126_3 : 1
		zext_ln126_65 : 2
		add_ln126_5 : 3
		zext_ln126_67 : 4
		x_addr_26 : 5
		x_load_26 : 6
		mul_ln85_31 : 2
		zext_ln85_17 : 1
		mul_ln85_47 : 1
		add_ln85_37 : 2
	State 7
		zext_ln126_3 : 1
		x_addr : 2
		zext_ln126_6 : 1
		x_addr_5 : 2
		x_load : 3
		x_load_5 : 3
		sext_ln85_11 : 1
		mul_ln85_23 : 1
		sext_ln85_27 : 1
		add_ln85_15 : 2
		zext_ln85_14 : 1
		zext_ln85_18 : 1
		sext_ln85_61 : 1
		add_ln85_38 : 2
		add_ln85_39 : 2
	State 8
		zext_ln126_9 : 1
		x_addr_10 : 2
		zext_ln126_38 : 1
		x_addr_15 : 2
		zext_ln126 : 1
		x_load_10 : 3
		x_load_15 : 3
		mul_ln85_8 : 2
		sext_ln85_8 : 1
		add_ln85_2 : 2
		sext_ln85_41 : 1
		sext_ln85_47 : 1
		add_ln85_33 : 2
		zext_ln85_21 : 1
		add_ln85_40 : 2
	State 9
		zext_ln126_43 : 1
		x_addr_20 : 2
		zext_ln126_48 : 1
		x_addr_16 : 2
		zext_ln126_20 : 1
		zext_ln126_26 : 1
		x_load_16 : 3
		x_load_20 : 3
		mul_ln85_18 : 2
		mul_ln85_19 : 2
		sext_ln85_63 : 1
		add_ln85_41 : 2
	State 10
		zext_ln126_51 : 1
		x_addr_7 : 2
		zext_ln126_61 : 1
		x_addr_9 : 2
		x_load_7 : 3
		x_load_9 : 3
		zext_ln126_32 : 1
		mul_ln85 : 2
		mul_ln85_7 : 1
		zext_ln85_3 : 1
		add_ln85_13 : 2
		mul_ln85_28 : 1
	State 11
		zext_ln126_52 : 1
		x_addr_12 : 2
		zext_ln126_57 : 1
		x_addr_13 : 2
		zext_ln126_15 : 1
		x_load_12 : 3
		x_load_13 : 3
		mul_ln85_11 : 1
		mul_ln85_12 : 1
		zext_ln85_8 : 1
		zext_ln85_9 : 1
		mul_ln85_20 : 1
		sext_ln85_9 : 2
		add_ln85_8 : 3
		sext_ln85_26 : 1
		add_ln85_16 : 2
		add_ln85_19 : 2
		mul_ln85_32 : 2
	State 12
		zext_ln126_58 : 1
		x_addr_18 : 2
		zext_ln126_62 : 1
		x_addr_14 : 2
		x_load_14 : 3
		x_load_18 : 3
		sext_ln85 : 1
		mul_ln85_3 : 1
		zext_ln85_1 : 2
		zext_ln85_2 : 1
		mul_ln85_24 : 1
		add_ln85_3 : 2
		add_ln85_17 : 3
		zext_ln85_12 : 1
		mul_ln85_29 : 1
		sext_ln85_39 : 2
		add_ln85_42 : 3
	State 13
		zext_ln126_54 : 1
		x_addr_22 : 2
		zext_ln126_59 : 1
		x_addr_23 : 2
		zext_ln126_30 : 1
		x_load_22 : 3
		x_load_23 : 3
		mul_ln85_1 : 1
		sext_ln85_1 : 2
		mul_ln85_5 : 1
		mul_ln85_6 : 2
		zext_ln85_4 : 1
		zext_ln85_5 : 1
		add_ln85_5 : 3
		add_ln85_18 : 2
		zext_ln85_13 : 1
		add_ln85_43 : 2
	State 14
		zext_ln126_35 : 1
		mul_ln85_2 : 2
		sext_ln85_6 : 1
		sext_ln85_13 : 1
		add_ln85_20 : 2
		add_ln126_4 : 1
		zext_ln126_66 : 2
		x_addr_25 : 3
		add_ln126_6 : 1
		zext_ln126_68 : 2
		x_addr_27 : 3
		x_load_25 : 4
		x_load_27 : 4
		mul_ln85_26 : 1
		sext_ln85_37 : 2
		mul_ln85_44 : 1
		sext_ln85_45 : 1
		add_ln85_30 : 3
	State 15
		sext_ln85_5 : 1
		mul_ln85_10 : 1
		add_ln85 : 2
		add_ln85_6 : 2
		sext_ln85_31 : 1
		add_ln85_21 : 2
		sext_ln85_32 : 3
		add_ln85_22 : 4
		add_ln126_7 : 1
		zext_ln126_69 : 2
		x_addr_28 : 3
		add_ln126_8 : 1
		zext_ln126_70 : 2
		x_addr_29 : 3
		x_load_28 : 4
		x_load_29 : 4
		mul_ln85_34 : 1
		mul_ln85_36 : 1
		mul_ln85_38 : 1
		add_ln85_27 : 2
	State 16
		sext_ln85_2 : 1
		sext_ln85_14 : 1
		add_ln85_1 : 2
		add_ln85_23 : 1
		mul_ln85_27 : 1
		sext_ln85_40 : 1
		mul_ln85_40 : 1
		zext_ln85_19 : 1
		zext_ln85_20 : 1
		mul_ln85_46 : 1
		sext_ln85_48 : 1
		add_ln85_32 : 2
		add_ln85_44 : 2
	State 17
		sext_ln85_10 : 1
		sext_ln85_15 : 1
		add_ln85_4 : 2
		add_ln85_7 : 2
		sext_ln85_42 : 1
		zext_ln85_15 : 1
		mul_ln85_41 : 1
		sext_ln85_44 : 2
		mul_ln85_49 : 1
		sext_ln85_49 : 2
		add_ln85_25 : 3
		sext_ln85_56 : 1
		add_ln85_34 : 2
		add_ln85_45 : 3
	State 18
		sext_ln85_20 : 1
		add_ln85_9 : 2
		sext_ln85_22 : 3
		add_ln85_10 : 4
		sext_ln85_38 : 1
		sext_ln85_43 : 1
		sext_ln85_46 : 1
		sext_ln85_50 : 1
		add_ln85_26 : 2
		add_ln85_28 : 2
		add_ln85_31 : 2
		sext_ln85_67 : 1
		add_ln85_46 : 2
		sext_ln85_68 : 3
		add_ln85_47 : 4
	State 19
		add_ln131 : 1
		trunc_ln131 : 2
		p_shl2 : 3
		tmp : 2
		sext_ln131 : 3
		sub_ln131_1 : 4
		add_ln85_11 : 1
		sext_ln85_24 : 2
		add_ln85_24 : 3
		shl_ln : 4
		shl_ln85_1 : 4
		sext_ln85_35 : 5
		sub_ln85 : 6
		tmp_30 : 7
		tmp_31 : 7
		sext_ln85_51 : 1
		sext_ln85_53 : 1
		add_ln85_29 : 2
		sext_ln85_54 : 3
		sext_ln85_55 : 1
		add_ln85_35 : 2
		sext_ln85_59 : 3
		add_ln85_36 : 4
		add_ln85_48 : 1
	State 20
		add_ln131_1 : 1
		zext_ln131_1 : 2
		y_0_addr : 3
		y_1_addr : 3
		add_ln131_2 : 1
		or_ln87 : 1
		select_ln87 : 1
		add_ln85_49 : 1
		shl_ln85_2 : 2
		shl_ln85_3 : 2
		sext_ln85_71 : 3
		sub_ln85_1 : 4
		tmp_32 : 5
		tmp_33 : 5
		icmp_ln88_1 : 6
		store_ln131 : 4
		store_ln131 : 4
	State 21
		y_0_addr_1 : 1
		y_1_addr_1 : 1
		select_ln87_1 : 1
		store_ln131 : 2
		store_ln131 : 2


============================================================
+ Verbose Summary: Datapath Resource usage 
============================================================

* Functional unit list:
|----------|---------------------------------------------|---------|---------|---------|
| Operation|               Functional Unit               |   DSP   |    FF   |   LUT   |
|----------|---------------------------------------------|---------|---------|---------|
|          |             mul_ln85_37_fu_1004             |    0    |    0    |    41   |
|          |             mul_ln85_25_fu_1054             |    0    |    0    |    41   |
|          |              mul_ln85_4_fu_1126             |    0    |    0    |    41   |
|          |             mul_ln85_15_fu_1131             |    0    |    0    |    41   |
|          |             mul_ln85_23_fu_1187             |    0    |    0    |    41   |
|          |             mul_ln85_20_fu_1355             |    0    |    0    |    41   |
|          |              mul_ln85_3_fu_1410             |    0    |    0    |    41   |
|          |             mul_ln85_29_fu_1422             |    0    |    0    |    41   |
|    mul   |              mul_ln85_1_fu_1465             |    0    |    0    |    41   |
|          |              mul_ln85_5_fu_1474             |    0    |    0    |    41   |
|          |              mul_ln85_9_fu_1505             |    0    |    0    |    41   |
|          |             mul_ln85_26_fu_1533             |    0    |    0    |    41   |
|          |             mul_ln85_10_fu_1568             |    0    |    0    |    41   |
|          |             mul_ln85_38_fu_1625             |    0    |    0    |    41   |
|          |             mul_ln85_30_fu_1657             |    0    |    0    |    41   |
|          |             mul_ln85_48_fu_1665             |    0    |    0    |    41   |
|          |             mul_ln85_41_fu_1692             |    0    |    0    |    41   |
|          |             mul_ln85_49_fu_1701             |    0    |    0    |    41   |
|----------|---------------------------------------------|---------|---------|---------|
|          |              add_ln118_3_fu_792             |    0    |    0    |    14   |
|          |          indvars_iv_next1324_fu_818         |    0    |    0    |    13   |
|          |        indvars_iv_next132_mid1_fu_846       |    0    |    0    |    13   |
|          |               add_ln118_fu_909              |    0    |    0    |    13   |
|          |              add_ln118_1_fu_921             |    0    |    0    |    13   |
|          |              add_ln118_2_fu_933             |    0    |    0    |    13   |
|          |               add_ln126_fu_966              |    0    |    0    |    13   |
|          |              add_ln126_1_fu_983             |    0    |    0    |    13   |
|          |             add_ln126_2_fu_1033             |    0    |    0    |    13   |
|          |             add_ln126_3_fu_1140             |    0    |    0    |    13   |
|          |             add_ln126_5_fu_1150             |    0    |    0    |    13   |
|          |             add_ln85_41_fu_1272             |    0    |    0    |    25   |
|          |             add_ln85_16_fu_1370             |    0    |    0    |    25   |
|          |             add_ln126_4_fu_1513             |    0    |    0    |    13   |
|          |             add_ln126_6_fu_1523             |    0    |    0    |    13   |
|          |             add_ln85_21_fu_1585             |    0    |    0    |    24   |
|          |             add_ln85_22_fu_1595             |    0    |    0    |    25   |
|    add   |             add_ln126_7_fu_1601             |    0    |    0    |    13   |
|          |             add_ln126_8_fu_1611             |    0    |    0    |    13   |
|          |             add_ln85_23_fu_1643             |    0    |    0    |    26   |
|          |              add_ln85_4_fu_1679             |    0    |    0    |    25   |
|          |             add_ln85_34_fu_1716             |    0    |    0    |    24   |
|          |              add_ln85_9_fu_1731             |    0    |    0    |    24   |
|          |             add_ln85_10_fu_1741             |    0    |    0    |    25   |
|          |             add_ln85_46_fu_1762             |    0    |    0    |    24   |
|          |             add_ln85_47_fu_1772             |    0    |    0    |    25   |
|          |              add_ln131_fu_1781              |    0    |    0    |    14   |
|          |             add_ln85_11_fu_1822             |    0    |    0    |    26   |
|          |             add_ln85_24_fu_1835             |    0    |    0    |    27   |
|          |             add_ln85_29_fu_1891             |    0    |    0    |    25   |
|          |             add_ln85_35_fu_1907             |    0    |    0    |    25   |
|          |             add_ln85_36_fu_1917             |    0    |    0    |    26   |
|          |             add_ln85_48_fu_1929             |    0    |    0    |    26   |
|          |             add_ln131_1_fu_1938             |    0    |    0    |    12   |
|          |             add_ln131_2_fu_1952             |    0    |    0    |    12   |
|          |             add_ln85_49_fu_2005             |    0    |    0    |    27   |
|----------|---------------------------------------------|---------|---------|---------|
|          |             sub_ln131_1_fu_1810             |    0    |    0    |    12   |
|    sub   |               sub_ln85_fu_1861              |    0    |    0    |    33   |
|          |              sub_ln85_1_fu_2031             |    0    |    0    |    33   |
|----------|---------------------------------------------|---------|---------|---------|
|          |             select_ln118_fu_810             |    0    |    0    |    5    |
|          |            select_ln118_1_fu_824            |    0    |    0    |    5    |
|          |            select_ln118_2_fu_852            |    0    |    0    |    5    |
|          |            select_ln118_3_fu_902            |    0    |    0    |    5    |
|  select  |            select_ln118_4_fu_914            |    0    |    0    |    5    |
|          |            select_ln118_5_fu_926            |    0    |    0    |    5    |
|          |            select_ln87_2_fu_1976            |    0    |    0    |    8    |
|          |             select_ln87_fu_1989             |    0    |    0    |    8    |
|          |            select_ln87_3_fu_2080            |    0    |    0    |    8    |
|          |            select_ln87_1_fu_2092            |    0    |    0    |    8    |
|----------|---------------------------------------------|---------|---------|---------|
|          |              icmp_ln118_fu_786              |    0    |    0    |    14   |
|   icmp   |              icmp_ln119_fu_804              |    0    |    0    |    13   |
|          |              icmp_ln88_fu_1957              |    0    |    0    |    11   |
|          |             icmp_ln88_1_fu_2055             |    0    |    0    |    11   |
|----------|---------------------------------------------|---------|---------|---------|
|          |                 grp_fu_2102                 |    1    |    0    |    0    |
|          |                 grp_fu_2108                 |    1    |    0    |    0    |
|          |                 grp_fu_2116                 |    1    |    0    |    0    |
|          |                 grp_fu_2123                 |    1    |    0    |    0    |
|          |                 grp_fu_2130                 |    1    |    0    |    0    |
|          |                 grp_fu_2136                 |    1    |    0    |    0    |
|          |                 grp_fu_2144                 |    1    |    0    |    0    |
|          |                 grp_fu_2151                 |    1    |    0    |    0    |
|          |                 grp_fu_2158                 |    1    |    0    |    0    |
|          |                 grp_fu_2166                 |    1    |    0    |    0    |
|          |                 grp_fu_2174                 |    1    |    0    |    0    |
|          |                 grp_fu_2181                 |    1    |    0    |    0    |
|          |                 grp_fu_2188                 |    1    |    0    |    0    |
|          |                 grp_fu_2195                 |    1    |    0    |    0    |
|          |                 grp_fu_2202                 |    1    |    0    |    0    |
|  muladd  |                 grp_fu_2209                 |    1    |    0    |    0    |
|          |                 grp_fu_2216                 |    1    |    0    |    0    |
|          |                 grp_fu_2223                 |    1    |    0    |    0    |
|          |                 grp_fu_2230                 |    1    |    0    |    0    |
|          |                 grp_fu_2238                 |    1    |    0    |    0    |
|          |                 grp_fu_2244                 |    1    |    0    |    0    |
|          |                 grp_fu_2251                 |    1    |    0    |    0    |
|          |                 grp_fu_2258                 |    1    |    0    |    0    |
|          |                 grp_fu_2264                 |    1    |    0    |    0    |
|          |                 grp_fu_2272                 |    1    |    0    |    0    |
|          |                 grp_fu_2278                 |    1    |    0    |    0    |
|          |                 grp_fu_2286                 |    1    |    0    |    0    |
|          |                 grp_fu_2293                 |    1    |    0    |    0    |
|          |                 grp_fu_2301                 |    1    |    0    |    0    |
|          |                 grp_fu_2309                 |    1    |    0    |    0    |
|          |                 grp_fu_2316                 |    1    |    0    |    0    |
|          |                 grp_fu_2324                 |    1    |    0    |    0    |
|----------|---------------------------------------------|---------|---------|---------|
|          |               or_ln126_fu_860               |    0    |    0    |    0    |
|    or    |               or_ln87_fu_1984               |    0    |    0    |    2    |
|          |              or_ln87_1_fu_2088              |    0    |    0    |    2    |
|----------|---------------------------------------------|---------|---------|---------|
|    xor   |               xor_ln87_fu_1971              |    0    |    0    |    2    |
|          |              xor_ln87_1_fu_2075             |    0    |    0    |    2    |
|----------|---------------------------------------------|---------|---------|---------|
|          |        merge_i_cast_read_read_fu_176        |    0    |    0    |    0    |
|          |         sext_ln118_read_read_fu_182         |    0    |    0    |    0    |
|          | LENET_C1_W_0_3_2_load_cast_read_read_fu_188 |    0    |    0    |    0    |
|          | LENET_C1_W_0_0_2_load_cast_read_read_fu_194 |    0    |    0    |    0    |
|          | LENET_C1_W_0_2_4_load_cast_read_read_fu_200 |    0    |    0    |    0    |
|          | LENET_C1_W_0_3_1_load_cast_read_read_fu_206 |    0    |    0    |    0    |
|          | LENET_C1_W_0_3_0_load_cast_read_read_fu_212 |    0    |    0    |    0    |
|          | LENET_C1_W_0_2_0_load_cast_read_read_fu_218 |    0    |    0    |    0    |
|          | LENET_C1_W_0_0_3_load_cast_read_read_fu_224 |    0    |    0    |    0    |
|          | LENET_C1_W_0_3_4_load_cast_read_read_fu_230 |    0    |    0    |    0    |
|          | LENET_C1_W_0_0_4_load_cast_read_read_fu_236 |    0    |    0    |    0    |
|          | LENET_C1_W_0_0_1_load_cast_read_read_fu_242 |    0    |    0    |    0    |
|          | LENET_C1_W_0_4_1_load_cast_read_read_fu_248 |    0    |    0    |    0    |
|   read   | LENET_C1_W_0_1_0_load_cast_read_read_fu_254 |    0    |    0    |    0    |
|          | LENET_C1_W_0_2_1_load_cast_read_read_fu_260 |    0    |    0    |    0    |
|          | LENET_C1_W_0_4_3_load_cast_read_read_fu_266 |    0    |    0    |    0    |
|          | LENET_C1_W_0_1_4_load_cast_read_read_fu_272 |    0    |    0    |    0    |
|          | LENET_C1_W_0_0_0_load_cast_read_read_fu_278 |    0    |    0    |    0    |
|          | LENET_C1_W_0_1_1_load_cast_read_read_fu_284 |    0    |    0    |    0    |
|          | LENET_C1_W_0_3_3_load_cast_read_read_fu_290 |    0    |    0    |    0    |
|          | LENET_C1_W_0_2_2_load_cast_read_read_fu_296 |    0    |    0    |    0    |
|          | LENET_C1_W_0_1_3_load_cast_read_read_fu_302 |    0    |    0    |    0    |
|          | LENET_C1_W_0_1_2_load_cast_read_read_fu_308 |    0    |    0    |    0    |
|          | LENET_C1_W_0_4_2_load_cast_read_read_fu_314 |    0    |    0    |    0    |
|          | LENET_C1_W_0_2_3_load_cast_read_read_fu_320 |    0    |    0    |    0    |
|          | LENET_C1_W_0_4_0_load_cast_read_read_fu_326 |    0    |    0    |    0    |
|          |          sub_ln131_read_read_fu_332         |    0    |    0    |    0    |
|----------|---------------------------------------------|---------|---------|---------|
|          |           merge_i_cast_cast_fu_660          |    0    |    0    |    0    |
|          |            sext_ln118_cast_fu_664           |    0    |    0    |    0    |
|          |    LENET_C1_W_0_3_2_load_cast_cast_fu_668   |    0    |    0    |    0    |
|          |    LENET_C1_W_0_0_2_load_cast_cast_fu_672   |    0    |    0    |    0    |
|          |    LENET_C1_W_0_2_4_load_cast_cast_fu_676   |    0    |    0    |    0    |
|          |    LENET_C1_W_0_3_1_load_cast_cast_fu_680   |    0    |    0    |    0    |
|          |    LENET_C1_W_0_3_4_load_cast_cast_fu_696   |    0    |    0    |    0    |
|          |    LENET_C1_W_0_0_4_load_cast_cast_fu_700   |    0    |    0    |    0    |
|          |    LENET_C1_W_0_4_1_load_cast_cast_fu_708   |    0    |    0    |    0    |
|          |    LENET_C1_W_0_4_3_load_cast_cast_fu_720   |    0    |    0    |    0    |
|          |    LENET_C1_W_0_1_4_load_cast_cast_fu_724   |    0    |    0    |    0    |
|          |    LENET_C1_W_0_3_3_load_cast_cast_fu_736   |    0    |    0    |    0    |
|          |    LENET_C1_W_0_2_2_load_cast_cast_fu_740   |    0    |    0    |    0    |
|          |    LENET_C1_W_0_1_3_load_cast_cast_fu_744   |    0    |    0    |    0    |
|          |    LENET_C1_W_0_4_2_load_cast_cast_fu_752   |    0    |    0    |    0    |
|          |    LENET_C1_W_0_2_3_load_cast_cast_fu_756   |    0    |    0    |    0    |
|          |    LENET_C1_W_0_4_0_load_cast_cast_fu_760   |    0    |    0    |    0    |
|          |            sub_ln131_cast_fu_764            |    0    |    0    |    0    |
|          |             sext_ln85_7_fu_1136             |    0    |    0    |    0    |
|          |             sext_ln85_27_fu_1192            |    0    |    0    |    0    |
|          |             sext_ln85_61_fu_1198            |    0    |    0    |    0    |
|          |             sext_ln85_12_fu_1227            |    0    |    0    |    0    |
|          |             sext_ln85_36_fu_1230            |    0    |    0    |    0    |
|          |             sext_ln85_62_fu_1266            |    0    |    0    |    0    |
|          |             sext_ln85_63_fu_1269            |    0    |    0    |    0    |
|          |             sext_ln85_25_fu_1312            |    0    |    0    |    0    |
|          |             sext_ln85_3_fu_1352             |    0    |    0    |    0    |
|          |             sext_ln85_9_fu_1360             |    0    |    0    |    0    |
|          |             sext_ln85_26_fu_1364            |    0    |    0    |    0    |
|          |             sext_ln85_28_fu_1367            |    0    |    0    |    0    |
|          |             sext_ln85_16_fu_1419            |    0    |    0    |    0    |
|          |             sext_ln85_39_fu_1427            |    0    |    0    |    0    |
|          |             sext_ln85_1_fu_1470             |    0    |    0    |    0    |
|          |             sext_ln85_6_fu_1509             |    0    |    0    |    0    |
|          |             sext_ln85_37_fu_1538            |    0    |    0    |    0    |
|          |             sext_ln85_18_fu_1573            |    0    |    0    |    0    |
|          |             sext_ln85_30_fu_1579            |    0    |    0    |    0    |
|          |             sext_ln85_31_fu_1582            |    0    |    0    |    0    |
|   sext   |             sext_ln85_32_fu_1591            |    0    |    0    |    0    |
|          |             sext_ln85_14_fu_1634            |    0    |    0    |    0    |
|          |             sext_ln85_29_fu_1637            |    0    |    0    |    0    |
|          |             sext_ln85_33_fu_1640            |    0    |    0    |    0    |
|          |             sext_ln85_40_fu_1661            |    0    |    0    |    0    |
|          |             sext_ln85_48_fu_1669            |    0    |    0    |    0    |
|          |             sext_ln85_4_fu_1673             |    0    |    0    |    0    |
|          |             sext_ln85_15_fu_1676            |    0    |    0    |    0    |
|          |             sext_ln85_44_fu_1697            |    0    |    0    |    0    |
|          |             sext_ln85_49_fu_1706            |    0    |    0    |    0    |
|          |             sext_ln85_56_fu_1710            |    0    |    0    |    0    |
|          |             sext_ln85_57_fu_1713            |    0    |    0    |    0    |
|          |             sext_ln85_19_fu_1722            |    0    |    0    |    0    |
|          |             sext_ln85_20_fu_1725            |    0    |    0    |    0    |
|          |             sext_ln85_21_fu_1728            |    0    |    0    |    0    |
|          |             sext_ln85_22_fu_1737            |    0    |    0    |    0    |
|          |             sext_ln85_50_fu_1747            |    0    |    0    |    0    |
|          |             sext_ln85_52_fu_1750            |    0    |    0    |    0    |
|          |             sext_ln85_65_fu_1753            |    0    |    0    |    0    |
|          |             sext_ln85_66_fu_1756            |    0    |    0    |    0    |
|          |             sext_ln85_67_fu_1759            |    0    |    0    |    0    |
|          |             sext_ln85_68_fu_1768            |    0    |    0    |    0    |
|          |              sext_ln131_fu_1806             |    0    |    0    |    0    |
|          |             sext_ln85_17_fu_1816            |    0    |    0    |    0    |
|          |             sext_ln85_23_fu_1819            |    0    |    0    |    0    |
|          |             sext_ln85_24_fu_1828            |    0    |    0    |    0    |
|          |             sext_ln85_34_fu_1832            |    0    |    0    |    0    |
|          |             sext_ln85_35_fu_1857            |    0    |    0    |    0    |
|          |             sext_ln85_51_fu_1885            |    0    |    0    |    0    |
|          |             sext_ln85_53_fu_1888            |    0    |    0    |    0    |
|          |             sext_ln85_54_fu_1897            |    0    |    0    |    0    |
|          |             sext_ln85_55_fu_1901            |    0    |    0    |    0    |
|          |             sext_ln85_58_fu_1904            |    0    |    0    |    0    |
|          |             sext_ln85_59_fu_1913            |    0    |    0    |    0    |
|          |             sext_ln85_64_fu_1923            |    0    |    0    |    0    |
|          |             sext_ln85_69_fu_1926            |    0    |    0    |    0    |
|          |             sext_ln85_60_fu_1999            |    0    |    0    |    0    |
|          |             sext_ln85_70_fu_2002            |    0    |    0    |    0    |
|          |             sext_ln85_71_fu_2027            |    0    |    0    |    0    |
|----------|---------------------------------------------|---------|---------|---------|
|          |    LENET_C1_W_0_3_0_load_cast_cast_fu_684   |    0    |    0    |    0    |
|          |    LENET_C1_W_0_2_0_load_cast_cast_fu_688   |    0    |    0    |    0    |
|          |    LENET_C1_W_0_0_3_load_cast_cast_fu_692   |    0    |    0    |    0    |
|          |    LENET_C1_W_0_0_1_load_cast_cast_fu_704   |    0    |    0    |    0    |
|          |    LENET_C1_W_0_1_0_load_cast_cast_fu_712   |    0    |    0    |    0    |
|          |    LENET_C1_W_0_2_1_load_cast_cast_fu_716   |    0    |    0    |    0    |
|          |    LENET_C1_W_0_0_0_load_cast_cast_fu_728   |    0    |    0    |    0    |
|          |    LENET_C1_W_0_1_1_load_cast_cast_fu_732   |    0    |    0    |    0    |
|          |    LENET_C1_W_0_1_2_load_cast_cast_fu_748   |    0    |    0    |    0    |
|          |             zext_ln126_45_fu_874            |    0    |    0    |    0    |
|          |             zext_ln126_46_fu_887            |    0    |    0    |    0    |
|          |             zext_ln126_47_fu_945            |    0    |    0    |    0    |
|          |             zext_ln126_49_fu_957            |    0    |    0    |    0    |
|          |             zext_ln126_2_fu_962             |    0    |    0    |    0    |
|          |             zext_ln126_50_fu_978            |    0    |    0    |    0    |
|          |             zext_ln126_55_fu_995            |    0    |    0    |    0    |
|          |            zext_ln126_13_fu_1000            |    0    |    0    |    0    |
|          |             zext_ln126_4_fu_1014            |    0    |    0    |    0    |
|          |            zext_ln126_56_fu_1024            |    0    |    0    |    0    |
|          |             zext_ln126_8_fu_1029            |    0    |    0    |    0    |
|          |            zext_ln126_60_fu_1045            |    0    |    0    |    0    |
|          |            zext_ln126_33_fu_1050            |    0    |    0    |    0    |
|          |            zext_ln126_53_fu_1065            |    0    |    0    |    0    |
|          |             zext_ln126_5_fu_1070            |    0    |    0    |    0    |
|          |            zext_ln126_63_fu_1080            |    0    |    0    |    0    |
|          |            zext_ln126_10_fu_1085            |    0    |    0    |    0    |
|          |              zext_ln119_fu_1096             |    0    |    0    |    0    |
|          |             zext_ln126_7_fu_1099            |    0    |    0    |    0    |
|          |            zext_ln126_64_fu_1109            |    0    |    0    |    0    |
|          |            zext_ln126_11_fu_1114            |    0    |    0    |    0    |
|          |            zext_ln126_18_fu_1118            |    0    |    0    |    0    |
|          |            zext_ln126_31_fu_1122            |    0    |    0    |    0    |
|          |            zext_ln126_65_fu_1146            |    0    |    0    |    0    |
|          |            zext_ln126_67_fu_1156            |    0    |    0    |    0    |
|          |             zext_ln126_3_fu_1167            |    0    |    0    |    0    |
|          |             zext_ln126_6_fu_1178            |    0    |    0    |    0    |
|          |            zext_ln126_29_fu_1183            |    0    |    0    |    0    |
|          |             zext_ln85_16_fu_1195            |    0    |    0    |    0    |
|          |             zext_ln126_9_fu_1207            |    0    |    0    |    0    |
|          |            zext_ln126_38_fu_1218            |    0    |    0    |    0    |
|          |              zext_ln126_fu_1223             |    0    |    0    |    0    |
|          |             zext_ln85_21_fu_1233            |    0    |    0    |    0    |
|          |            zext_ln126_43_fu_1242            |    0    |    0    |    0    |
|          |            zext_ln126_48_fu_1253            |    0    |    0    |    0    |
|   zext   |            zext_ln126_20_fu_1258            |    0    |    0    |    0    |
|          |            zext_ln126_26_fu_1262            |    0    |    0    |    0    |
|          |            zext_ln126_51_fu_1284            |    0    |    0    |    0    |
|          |            zext_ln126_61_fu_1295            |    0    |    0    |    0    |
|          |            zext_ln126_14_fu_1300            |    0    |    0    |    0    |
|          |            zext_ln126_17_fu_1304            |    0    |    0    |    0    |
|          |            zext_ln126_32_fu_1308            |    0    |    0    |    0    |
|          |            zext_ln126_52_fu_1321            |    0    |    0    |    0    |
|          |            zext_ln126_57_fu_1332            |    0    |    0    |    0    |
|          |            zext_ln126_12_fu_1337            |    0    |    0    |    0    |
|          |            zext_ln126_15_fu_1340            |    0    |    0    |    0    |
|          |            zext_ln126_21_fu_1344            |    0    |    0    |    0    |
|          |            zext_ln126_28_fu_1348            |    0    |    0    |    0    |
|          |            zext_ln126_58_fu_1382            |    0    |    0    |    0    |
|          |            zext_ln126_62_fu_1393            |    0    |    0    |    0    |
|          |            zext_ln126_16_fu_1398            |    0    |    0    |    0    |
|          |            zext_ln126_19_fu_1402            |    0    |    0    |    0    |
|          |              zext_ln85_fu_1406              |    0    |    0    |    0    |
|          |             zext_ln85_1_fu_1415             |    0    |    0    |    0    |
|          |            zext_ln126_54_fu_1437            |    0    |    0    |    0    |
|          |            zext_ln126_59_fu_1448            |    0    |    0    |    0    |
|          |            zext_ln126_23_fu_1453            |    0    |    0    |    0    |
|          |            zext_ln126_24_fu_1457            |    0    |    0    |    0    |
|          |            zext_ln126_30_fu_1461            |    0    |    0    |    0    |
|          |            zext_ln126_25_fu_1493            |    0    |    0    |    0    |
|          |            zext_ln126_27_fu_1497            |    0    |    0    |    0    |
|          |            zext_ln126_35_fu_1501            |    0    |    0    |    0    |
|          |            zext_ln126_66_fu_1518            |    0    |    0    |    0    |
|          |            zext_ln126_68_fu_1528            |    0    |    0    |    0    |
|          |            zext_ln126_22_fu_1556            |    0    |    0    |    0    |
|          |            zext_ln126_34_fu_1560            |    0    |    0    |    0    |
|          |            zext_ln126_37_fu_1564            |    0    |    0    |    0    |
|          |             zext_ln85_10_fu_1576            |    0    |    0    |    0    |
|          |            zext_ln126_69_fu_1606            |    0    |    0    |    0    |
|          |            zext_ln126_70_fu_1616            |    0    |    0    |    0    |
|          |            zext_ln126_40_fu_1621            |    0    |    0    |    0    |
|          |            zext_ln126_36_fu_1630            |    0    |    0    |    0    |
|          |            zext_ln126_39_fu_1649            |    0    |    0    |    0    |
|          |            zext_ln126_41_fu_1653            |    0    |    0    |    0    |
|          |            zext_ln126_42_fu_1684            |    0    |    0    |    0    |
|          |             zext_ln85_11_fu_1688            |    0    |    0    |    0    |
|          |              zext_ln131_fu_1778             |    0    |    0    |    0    |
|          |             zext_ln126_1_fu_1935            |    0    |    0    |    0    |
|          |             zext_ln131_1_fu_1943            |    0    |    0    |    0    |
|          |            zext_ln126_44_fu_1949            |    0    |    0    |    0    |
|          |             zext_ln131_2_fu_2061            |    0    |    0    |    0    |
|----------|---------------------------------------------|---------|---------|---------|
|   trunc  |              trunc_ln118_fu_832             |    0    |    0    |    0    |
|          |             trunc_ln131_fu_1786             |    0    |    0    |    0    |
|----------|---------------------------------------------|---------|---------|---------|
|          |          zext_ln118_1_mid2_v_fu_836         |    0    |    0    |    0    |
|          |                tmp_31_fu_1875               |    0    |    0    |    0    |
|partselect|              trunc_ln1_fu_1962              |    0    |    0    |    0    |
|          |                tmp_33_fu_2045               |    0    |    0    |    0    |
|          |             trunc_ln89_1_fu_2066            |    0    |    0    |    0    |
|----------|---------------------------------------------|---------|---------|---------|
|          |                tmp_10_fu_866                |    0    |    0    |    0    |
|          |                tmp_11_fu_879                |    0    |    0    |    0    |
|          |                tmp_12_fu_938                |    0    |    0    |    0    |
|          |                tmp_14_fu_950                |    0    |    0    |    0    |
|          |                tmp_15_fu_971                |    0    |    0    |    0    |
|          |                tmp_20_fu_988                |    0    |    0    |    0    |
|          |                tmp_21_fu_1018               |    0    |    0    |    0    |
|          |                tmp_25_fu_1038               |    0    |    0    |    0    |
|          |                tmp_18_fu_1059               |    0    |    0    |    0    |
|          |                tmp_28_fu_1074               |    0    |    0    |    0    |
|          |                tmp_s_fu_1089                |    0    |    0    |    0    |
|          |                tmp_29_fu_1103               |    0    |    0    |    0    |
|          |                tmp_4_fu_1161                |    0    |    0    |    0    |
|          |                tmp_5_fu_1172                |    0    |    0    |    0    |
|          |                tmp_6_fu_1201                |    0    |    0    |    0    |
|          |                tmp_8_fu_1212                |    0    |    0    |    0    |
|          |                tmp_9_fu_1236                |    0    |    0    |    0    |
|bitconcatenate|                tmp_13_fu_1247               |    0    |    0    |    0    |
|          |                tmp_16_fu_1278               |    0    |    0    |    0    |
|          |                tmp_26_fu_1289               |    0    |    0    |    0    |
|          |                tmp_17_fu_1315               |    0    |    0    |    0    |
|          |                tmp_22_fu_1326               |    0    |    0    |    0    |
|          |                tmp_23_fu_1376               |    0    |    0    |    0    |
|          |                tmp_27_fu_1387               |    0    |    0    |    0    |
|          |                tmp_19_fu_1431               |    0    |    0    |    0    |
|          |                tmp_24_fu_1442               |    0    |    0    |    0    |
|          |                tmp_7_fu_1479                |    0    |    0    |    0    |
|          |                tmp_1_fu_1486                |    0    |    0    |    0    |
|          |                tmp_2_fu_1542                |    0    |    0    |    0    |
|          |                tmp_3_fu_1549                |    0    |    0    |    0    |
|          |                p_shl2_fu_1790               |    0    |    0    |    0    |
|          |                 tmp_fu_1798                 |    0    |    0    |    0    |
|          |                shl_ln_fu_1841               |    0    |    0    |    0    |
|          |              shl_ln85_1_fu_1849             |    0    |    0    |    0    |
|          |              shl_ln85_2_fu_2011             |    0    |    0    |    0    |
|          |              shl_ln85_3_fu_2019             |    0    |    0    |    0    |
|----------|---------------------------------------------|---------|---------|---------|
| bitselect|                tmp_30_fu_1867               |    0    |    0    |    0    |
|          |                tmp_32_fu_2037               |    0    |    0    |    0    |
|----------|---------------------------------------------|---------|---------|---------|
|   Total  |                                             |    32   |    0    |   1623  |
|----------|---------------------------------------------|---------|---------|---------|

Memories:
N/A

* Register list:
+----------------------------------------+--------+
|                                        |   FF   |
+----------------------------------------+--------+
|LENET_C1_W_0_0_0_load_cast_cast_reg_2455|   15   |
|LENET_C1_W_0_0_1_load_cast_cast_reg_2419|   15   |
|LENET_C1_W_0_0_2_load_cast_cast_reg_2371|   16   |
|LENET_C1_W_0_0_3_load_cast_cast_reg_2401|   15   |
|LENET_C1_W_0_0_4_load_cast_cast_reg_2413|   16   |
|LENET_C1_W_0_1_0_load_cast_cast_reg_2431|   15   |
|LENET_C1_W_0_1_1_load_cast_cast_reg_2461|   14   |
|LENET_C1_W_0_1_2_load_cast_cast_reg_2485|   15   |
|LENET_C1_W_0_1_3_load_cast_cast_reg_2479|   16   |
|LENET_C1_W_0_1_4_load_cast_cast_reg_2449|   16   |
|LENET_C1_W_0_2_0_load_cast_cast_reg_2395|   15   |
|LENET_C1_W_0_2_1_load_cast_cast_reg_2437|   15   |
|LENET_C1_W_0_2_2_load_cast_cast_reg_2473|   16   |
|LENET_C1_W_0_2_3_load_cast_cast_reg_2497|   16   |
|LENET_C1_W_0_2_4_load_cast_cast_reg_2377|   16   |
|LENET_C1_W_0_3_0_load_cast_cast_reg_2389|   15   |
|LENET_C1_W_0_3_1_load_cast_cast_reg_2383|   16   |
|LENET_C1_W_0_3_2_load_cast_cast_reg_2365|   16   |
|LENET_C1_W_0_3_3_load_cast_cast_reg_2467|   16   |
|LENET_C1_W_0_3_4_load_cast_cast_reg_2407|   16   |
|LENET_C1_W_0_4_0_load_cast_cast_reg_2503|   16   |
|LENET_C1_W_0_4_1_load_cast_cast_reg_2425|   16   |
|LENET_C1_W_0_4_2_load_cast_cast_reg_2491|   15   |
|LENET_C1_W_0_4_3_load_cast_cast_reg_2443|   16   |
|          add_ln118_1_reg_2600          |    5   |
|          add_ln118_2_reg_2610          |    5   |
|           add_ln118_reg_2591           |    5   |
|          add_ln126_1_reg_2648          |    5   |
|          add_ln126_2_reg_2681          |    5   |
|           add_ln126_reg_2635           |    5   |
|          add_ln131_2_reg_3268          |   11   |
|          add_ln85_10_reg_3216          |   19   |
|          add_ln85_12_reg_2724          |   17   |
|          add_ln85_15_reg_2828          |   18   |
|          add_ln85_16_reg_2949          |   19   |
|          add_ln85_17_reg_3036          |   16   |
|          add_ln85_18_reg_3071          |   16   |
|          add_ln85_19_reg_2990          |   17   |
|          add_ln85_22_reg_3111          |   19   |
|          add_ln85_23_reg_3156          |   20   |
|          add_ln85_27_reg_3181          |   16   |
|           add_ln85_2_reg_2868          |   17   |
|          add_ln85_30_reg_3136          |   17   |
|          add_ln85_33_reg_2873          |   17   |
|          add_ln85_34_reg_3206          |   18   |
|          add_ln85_36_reg_3258          |   20   |
|          add_ln85_38_reg_2838          |   18   |
|           add_ln85_3_reg_3031          |   18   |
|          add_ln85_41_reg_2878          |   19   |
|          add_ln85_42_reg_3041          |   17   |
|          add_ln85_43_reg_3091          |   17   |
|          add_ln85_44_reg_3211          |   17   |
|          add_ln85_47_reg_3231          |   19   |
|          add_ln85_48_reg_3263          |   20   |
|           add_ln85_4_reg_3191          |   18   |
|           add_ln85_5_reg_3066          |   17   |
|           add_ln85_6_reg_3151          |   18   |
|           add_ln85_8_reg_2985          |   17   |
|           icmp_ln118_reg_2514          |    1   |
|           icmp_ln119_reg_2525          |    1   |
|          icmp_ln88_1_reg_3284          |    1   |
|         indvar_flatten_reg_2346        |    9   |
|       merge_i_cast_cast_reg_2353       |   17   |
|          mul_ln85_10_reg_3101          |   16   |
|          mul_ln85_23_reg_2783          |   16   |
|          mul_ln85_25_reg_2699          |   16   |
|          mul_ln85_37_reg_2661          |   15   |
|          mul_ln85_38_reg_3131          |   16   |
|           mul_ln85_4_reg_2745          |   16   |
|           mul_ln85_5_reg_3026          |   16   |
|            oh_load_reg_2518            |    5   |
|               oh_reg_2339              |    5   |
|            or_ln126_reg_2573           |    5   |
|               ow_reg_2332              |    5   |
|                 reg_637                |    8   |
|                 reg_642                |    8   |
|                 reg_647                |    8   |
|                 reg_652                |    8   |
|                 reg_656                |    8   |
|         select_ln118_1_reg_2546        |    5   |
|         select_ln118_2_reg_2564        |    5   |
|          select_ln118_reg_2532         |    5   |
|        sext_ln118_cast_reg_2359        |   16   |
|          sext_ln85_12_reg_2823         |   17   |
|          sext_ln85_14_reg_3146         |   17   |
|          sext_ln85_16_reg_2980         |   18   |
|          sext_ln85_18_reg_3106         |   18   |
|          sext_ln85_1_reg_3021          |   17   |
|          sext_ln85_25_reg_2908         |   18   |
|          sext_ln85_27_reg_2788         |   18   |
|          sext_ln85_36_reg_2833         |   17   |
|          sext_ln85_37_reg_3086         |   17   |
|          sext_ln85_39_reg_2995         |   17   |
|          sext_ln85_3_reg_2939          |   17   |
|          sext_ln85_40_reg_3171         |   17   |
|          sext_ln85_44_reg_3196         |   17   |
|          sext_ln85_48_reg_3176         |   17   |
|          sext_ln85_49_reg_3201         |   17   |
|          sext_ln85_4_reg_3186          |   17   |
|          sext_ln85_50_reg_3221         |   18   |
|          sext_ln85_52_reg_3226         |   17   |
|          sext_ln85_61_reg_2798         |   18   |
|          sext_ln85_6_reg_3061          |   17   |
|          sext_ln85_7_reg_2750          |   17   |
|          sext_ln85_9_reg_2944          |   17   |
|          sub_ln131_1_reg_3236          |   11   |
|         sub_ln131_cast_reg_2509        |    8   |
|           sub_ln85_1_reg_3273          |   26   |
|            sub_ln85_reg_3242           |   26   |
|             tmp_30_reg_3247            |    1   |
|             tmp_31_reg_3253            |    3   |
|             tmp_32_reg_3278            |    1   |
|          trunc_ln118_reg_2555          |    1   |
|           x_addr_10_reg_2803           |   10   |
|           x_addr_11_reg_2619           |   10   |
|           x_addr_12_reg_2913           |   10   |
|           x_addr_13_reg_2918           |   10   |
|           x_addr_14_reg_2959           |   10   |
|           x_addr_15_reg_2808           |   10   |
|           x_addr_16_reg_2853           |   10   |
|           x_addr_17_reg_2704           |   10   |
|           x_addr_18_reg_2954           |   10   |
|           x_addr_19_reg_2714           |   10   |
|            x_addr_1_reg_2581           |   10   |
|           x_addr_20_reg_2848           |   10   |
|           x_addr_21_reg_2624           |   10   |
|           x_addr_22_reg_3000           |   10   |
|           x_addr_23_reg_3005           |   10   |
|           x_addr_24_reg_2734           |   10   |
|           x_addr_25_reg_3076           |   10   |
|           x_addr_26_reg_2763           |   10   |
|           x_addr_27_reg_3081           |   10   |
|           x_addr_28_reg_3116           |   10   |
|           x_addr_29_reg_3121           |   10   |
|            x_addr_2_reg_2643           |   10   |
|            x_addr_3_reg_2656           |   10   |
|            x_addr_4_reg_2689           |   10   |
|            x_addr_5_reg_2773           |   10   |
|            x_addr_6_reg_2586           |   10   |
|            x_addr_7_reg_2883           |   10   |
|            x_addr_8_reg_2671           |   10   |
|            x_addr_9_reg_2888           |   10   |
|             x_addr_reg_2768            |   10   |
|            x_load_5_reg_2818           |    8   |
|      zext_ln118_1_mid2_v_reg_2559      |    4   |
|         zext_ln126_10_reg_2719         |   15   |
|         zext_ln126_12_reg_2923         |   15   |
|         zext_ln126_14_reg_2893         |   14   |
|         zext_ln126_15_reg_2928         |   14   |
|         zext_ln126_17_reg_2898         |   15   |
|         zext_ln126_19_reg_2964         |   16   |
|         zext_ln126_20_reg_2858         |   15   |
|         zext_ln126_21_reg_2933         |   15   |
|         zext_ln126_22_reg_3096         |   15   |
|         zext_ln126_24_reg_3010         |   16   |
|         zext_ln126_25_reg_3046         |   16   |
|         zext_ln126_26_reg_2863         |   15   |
|         zext_ln126_27_reg_3051         |   15   |
|         zext_ln126_29_reg_2778         |   16   |
|          zext_ln126_2_reg_2629         |   15   |
|         zext_ln126_30_reg_3015         |   16   |
|         zext_ln126_31_reg_2739         |   16   |
|         zext_ln126_32_reg_2903         |   16   |
|         zext_ln126_33_reg_2694         |   16   |
|         zext_ln126_35_reg_3056         |   15   |
|         zext_ln126_36_reg_3141         |   15   |
|         zext_ln126_39_reg_3161         |   16   |
|         zext_ln126_40_reg_3126         |   16   |
|         zext_ln126_41_reg_3166         |   16   |
|          zext_ln126_4_reg_2666         |   15   |
|          zext_ln126_5_reg_2709         |   16   |
|         zext_ln126_65_reg_2755         |   10   |
|          zext_ln126_7_reg_2729         |   16   |
|          zext_ln126_8_reg_2676         |   15   |
|           zext_ln126_reg_2813          |   15   |
|          zext_ln85_16_reg_2793         |   16   |
|          zext_ln85_1_reg_2975          |   16   |
|          zext_ln85_21_reg_2843         |   17   |
|           zext_ln85_reg_2969           |   16   |
+----------------------------------------+--------+
|                  Total                 |  2416  |
+----------------------------------------+--------+

* Multiplexer (MUX) list: 
|-------------------|------|------|------|--------||---------||---------|
|        Comp       |  Pin | Size |  BW  | S x BW ||  Delay  ||   LUT   |
|-------------------|------|------|------|--------||---------||---------|
| grp_access_fu_352 |  p0  |  30  |  10  |   300  ||   134   |
| grp_access_fu_352 |  p2  |  30  |   0  |    0   ||   134   |
| grp_access_fu_601 |  p2  |   2  |   0  |    0   ||    9    |
| grp_access_fu_601 |  p4  |   2  |  11  |   22   ||    9    |
| grp_access_fu_611 |  p2  |   2  |   0  |    0   ||    9    |
| grp_access_fu_611 |  p4  |   2  |  11  |   22   ||    9    |
|      reg_637      |  p0  |   2  |   8  |   16   ||    9    |
|      reg_642      |  p0  |   2  |   8  |   16   ||    9    |
|      reg_647      |  p0  |   2  |   8  |   16   ||    9    |
|    grp_fu_2102    |  p0  |   2  |   8  |   16   ||    9    |
|    grp_fu_2102    |  p1  |   2  |   7  |   14   ||    9    |
|    grp_fu_2108    |  p0  |   3  |   8  |   24   ||    14   |
|    grp_fu_2116    |  p0  |   2  |   8  |   16   ||    9    |
|    grp_fu_2116    |  p1  |   2  |   7  |   14   ||    9    |
|    grp_fu_2123    |  p0  |   3  |   8  |   24   ||    14   |
|    grp_fu_2130    |  p0  |   2  |   8  |   16   ||    9    |
|    grp_fu_2136    |  p0  |   3  |   8  |   24   ||    14   |
|    grp_fu_2144    |  p0  |   3  |   8  |   24   ||    14   |
|    grp_fu_2151    |  p0  |   3  |   8  |   24   ||    14   |
|    grp_fu_2158    |  p0  |   3  |   8  |   24   ||    14   |
|    grp_fu_2166    |  p0  |   3  |   8  |   24   ||    14   |
|    grp_fu_2174    |  p0  |   3  |   8  |   24   ||    14   |
|    grp_fu_2181    |  p0  |   3  |   8  |   24   ||    14   |
|    grp_fu_2188    |  p0  |   3  |   8  |   24   ||    14   |
|    grp_fu_2195    |  p0  |   3  |   8  |   24   ||    14   |
|    grp_fu_2202    |  p0  |   3  |   8  |   24   ||    14   |
|    grp_fu_2209    |  p0  |   2  |   8  |   16   ||    9    |
|    grp_fu_2209    |  p1  |   2  |   7  |   14   ||    9    |
|    grp_fu_2216    |  p0  |   3  |   8  |   24   ||    14   |
|    grp_fu_2223    |  p0  |   3  |   8  |   24   ||    14   |
|    grp_fu_2230    |  p0  |   3  |   8  |   24   ||    14   |
|    grp_fu_2238    |  p0  |   2  |   8  |   16   ||    9    |
|    grp_fu_2244    |  p0  |   3  |   8  |   24   ||    14   |
|    grp_fu_2251    |  p0  |   2  |   8  |   16   ||    9    |
|    grp_fu_2258    |  p0  |   2  |   8  |   16   ||    9    |
|    grp_fu_2264    |  p0  |   3  |   8  |   24   ||    14   |
|    grp_fu_2272    |  p1  |   2  |   7  |   14   ||    9    |
|    grp_fu_2278    |  p0  |   2  |   8  |   16   ||    9    |
|    grp_fu_2278    |  p1  |   2  |   7  |   14   ||    9    |
|    grp_fu_2286    |  p0  |   2  |   8  |   16   ||    9    |
|    grp_fu_2293    |  p0  |   3  |   8  |   24   ||    14   |
|    grp_fu_2301    |  p0  |   2  |   8  |   16   ||    9    |
|    grp_fu_2301    |  p1  |   2  |   7  |   14   ||    9    |
|    grp_fu_2309    |  p0  |   3  |   8  |   24   ||    14   |
|    grp_fu_2316    |  p0  |   3  |   8  |   24   ||    14   |
|    grp_fu_2324    |  p0  |   3  |   8  |   24   ||    14   |
|-------------------|------|------|------|--------||---------||---------|
|       Total       |      |      |      |  1140  || 78.7873 ||   769   |
|-------------------|------|------|------|--------||---------||---------|



* Summary:
+-----------+--------+--------+--------+--------+
|           |   DSP  |  Delay |   FF   |   LUT  |
+-----------+--------+--------+--------+--------+
|  Function |   32   |    -   |    0   |  1623  |
|   Memory  |    -   |    -   |    -   |    -   |
|Multiplexer|    -   |   78   |    -   |   769  |
|  Register |    -   |    -   |  2416  |    -   |
+-----------+--------+--------+--------+--------+
|   Total   |   32   |   78   |  2416  |  2392  |
+-----------+--------+--------+--------+--------+
