

================================================================
== Vitis HLS Report for 'conv1_pragma_Pipeline_VITIS_LOOP_118_2_VITIS_LOOP_119_3'
================================================================
* Date:           Mon Mar 16 13:32:03 2026

* Version:        2023.1 (Build 3854077 on May  4 2023)
* Project:        Lenet_RTL_test
* Solution:       solution1 (Vivado IP Flow Target)
* Product family: zynq
* Target device:  xc7z010-clg400-1


================================================================
== Performance Estimates
================================================================
+ Timing: 
    * Summary: 
    +--------+----------+----------+------------+
    |  Clock |  Target  | Estimated| Uncertainty|
    +--------+----------+----------+------------+
    |ap_clk  |  10.00 ns|  6.765 ns|     2.70 ns|
    +--------+----------+----------+------------+

+ Latency: 
    * Summary: 
    +---------+---------+-----------+-----------+------+------+---------+
    |  Latency (cycles) |   Latency (absolute)  |   Interval  | Pipeline|
    |   min   |   max   |    min    |    max    |  min |  max |   Type  |
    +---------+---------+-----------+-----------+------+------+---------+
    |     5887|     5887|  58.870 us|  58.870 us|  5887|  5887|       no|
    +---------+---------+-----------+-----------+------+------+---------+

    + Detail: 
        * Instance: 
        N/A

        * Loop: 
        +-------------------------------------+---------+---------+----------+-----------+-----------+------+----------+
        |                                     |  Latency (cycles) | Iteration|  Initiation Interval  | Trip |          |
        |              Loop Name              |   min   |   max   |  Latency |  achieved |   target  | Count| Pipelined|
        +-------------------------------------+---------+---------+----------+-----------+-----------+------+----------+
        |- VITIS_LOOP_118_2_VITIS_LOOP_119_3  |     5885|     5885|        21|         15|          2|   392|       yes|
        +-------------------------------------+---------+---------+----------+-----------+-----------+------+----------+

============================================================
+ Verbose Summary: Synthesis Manager
============================================================
InlineROM: 1
ExposeGlobal: 0
============================================================
+ Verbose Summary: CDFG Model
============================================================
IsTopModel: 0
ResetActiveHigh: 1
IsCombinational: 0
IsDatapathOnly: 0
HasWiredReturn: 1
HasMFsm: 2
HasVarLatency: 1
IsPipeline: 0
IsRtlPipelined: 0
IsInstanceOverlapped: 0
IsDontTouch: 0
HasImplIP: 0
IsGatedGlobalClock: 0

+ Individual pipeline summary: 
  * Pipeline-0: initiation interval (II) = 15, depth = 21


============================================================
+ Verbose Summary: Schedule
============================================================
* Number of FSM states : 21
* Pipeline : 1
  Pipeline-0 : II = 15, D = 21, States = { 1 2 3 4 5 6 7 8 9 10 11 12 13 14 15 16 17 18 19 20 21 }
* Dataflow Pipeline: 0

* FSM state transitions: 
1 --> 2 
2 --> 3 
3 --> 4 
4 --> 5 
5 --> 6 
6 --> 7 
7 --> 8 
8 --> 9 
9 --> 10 
10 --> 11 
11 --> 12 
12 --> 13 
13 --> 14 
14 --> 15 
15 --> 16 
16 --> 17 
17 --> 18 
18 --> 19 
19 --> 20 
20 --> 21 
21 --> 

* FSM state operations: 

State 1 <SV = 0> <Delay = 6.24>
ST_1 : Operation 24 [1/1] (0.00ns)   --->   "%ow = alloca i32 1"   --->   Operation 24 'alloca' 'ow' <Predicate = true> <Delay = 0.00>
ST_1 : Operation 25 [1/1] (0.00ns)   --->   "%oh = alloca i32 1"   --->   Operation 25 'alloca' 'oh' <Predicate = true> <Delay = 0.00>
ST_1 : Operation 26 [1/1] (0.00ns)   --->   "%indvar_flatten = alloca i32 1"   --->   Operation 26 'alloca' 'indvar_flatten' <Predicate = true> <Delay = 0.00>
ST_1 : Operation 27 [1/1] (0.00ns)   --->   "%merge_i_cast_read = read i15 @_ssdm_op_Read.ap_auto.i15, i15 %merge_i_cast"   --->   Operation 27 'read' 'merge_i_cast_read' <Predicate = true> <Delay = 0.00>
ST_1 : Operation 28 [1/1] (0.00ns)   --->   "%sext_ln118_read = read i8 @_ssdm_op_Read.ap_auto.i8, i8 %sext_ln118"   --->   Operation 28 'read' 'sext_ln118_read' <Predicate = true> <Delay = 0.00>
ST_1 : Operation 29 [1/1] (0.00ns)   --->   "%LENET_C1_W_0_3_2_load_cast_read = read i8 @_ssdm_op_Read.ap_auto.i8, i8 %LENET_C1_W_0_3_2_load_cast"   --->   Operation 29 'read' 'LENET_C1_W_0_3_2_load_cast_read' <Predicate = true> <Delay = 0.00>
ST_1 : Operation 30 [1/1] (0.00ns)   --->   "%LENET_C1_W_0_0_2_load_cast_read = read i8 @_ssdm_op_Read.ap_auto.i8, i8 %LENET_C1_W_0_0_2_load_cast"   --->   Operation 30 'read' 'LENET_C1_W_0_0_2_load_cast_read' <Predicate = true> <Delay = 0.00>
ST_1 : Operation 31 [1/1] (0.00ns)   --->   "%LENET_C1_W_0_2_4_load_cast_read = read i8 @_ssdm_op_Read.ap_auto.i8, i8 %LENET_C1_W_0_2_4_load_cast"   --->   Operation 31 'read' 'LENET_C1_W_0_2_4_load_cast_read' <Predicate = true> <Delay = 0.00>
ST_1 : Operation 32 [1/1] (0.00ns)   --->   "%LENET_C1_W_0_3_1_load_cast_read = read i8 @_ssdm_op_Read.ap_auto.i8, i8 %LENET_C1_W_0_3_1_load_cast"   --->   Operation 32 'read' 'LENET_C1_W_0_3_1_load_cast_read' <Predicate = true> <Delay = 0.00>
ST_1 : Operation 33 [1/1] (0.00ns)   --->   "%LENET_C1_W_0_3_0_load_cast_read = read i7 @_ssdm_op_Read.ap_auto.i7, i7 %LENET_C1_W_0_3_0_load_cast"   --->   Operation 33 'read' 'LENET_C1_W_0_3_0_load_cast_read' <Predicate = true> <Delay = 0.00>
ST_1 : Operation 34 [1/1] (0.00ns)   --->   "%LENET_C1_W_0_2_0_load_cast_read = read i7 @_ssdm_op_Read.ap_auto.i7, i7 %LENET_C1_W_0_2_0_load_cast"   --->   Operation 34 'read' 'LENET_C1_W_0_2_0_load_cast_read' <Predicate = true> <Delay = 0.00>
ST_1 : Operation 35 [1/1] (0.00ns)   --->   "%LENET_C1_W_0_0_3_load_cast_read = read i7 @_ssdm_op_Read.ap_auto.i7, i7 %LENET_C1_W_0_0_3_load_cast"   --->   Operation 35 'read' 'LENET_C1_W_0_0_3_load_cast_read' <Predicate = true> <Delay = 0.00>
ST_1 : Operation 36 [1/1] (0.00ns)   --->   "%LENET_C1_W_0_3_4_load_cast_read = read i8 @_ssdm_op_Read.ap_auto.i8, i8 %LENET_C1_W_0_3_4_load_cast"   --->   Operation 36 'read' 'LENET_C1_W_0_3_4_load_cast_read' <Predicate = true> <Delay = 0.00>
ST_1 : Operation 37 [1/1] (0.00ns)   --->   "%LENET_C1_W_0_0_4_load_cast_read = read i8 @_ssdm_op_Read.ap_auto.i8, i8 %LENET_C1_W_0_0_4_load_cast"   --->   Operation 37 'read' 'LENET_C1_W_0_0_4_load_cast_read' <Predicate = true> <Delay = 0.00>
ST_1 : Operation 38 [1/1] (0.00ns)   --->   "%LENET_C1_W_0_0_1_load_cast_read = read i7 @_ssdm_op_Read.ap_auto.i7, i7 %LENET_C1_W_0_0_1_load_cast"   --->   Operation 38 'read' 'LENET_C1_W_0_0_1_load_cast_read' <Predicate = true> <Delay = 0.00>
ST_1 : Operation 39 [1/1] (0.00ns)   --->   "%LENET_C1_W_0_4_1_load_cast_read = read i8 @_ssdm_op_Read.ap_auto.i8, i8 %LENET_C1_W_0_4_1_load_cast"   --->   Operation 39 'read' 'LENET_C1_W_0_4_1_load_cast_read' <Predicate = true> <Delay = 0.00>
ST_1 : Operation 40 [1/1] (0.00ns)   --->   "%LENET_C1_W_0_1_0_load_cast_read = read i7 @_ssdm_op_Read.ap_auto.i7, i7 %LENET_C1_W_0_1_0_load_cast"   --->   Operation 40 'read' 'LENET_C1_W_0_1_0_load_cast_read' <Predicate = true> <Delay = 0.00>
ST_1 : Operation 41 [1/1] (0.00ns)   --->   "%LENET_C1_W_0_2_1_load_cast_read = read i7 @_ssdm_op_Read.ap_auto.i7, i7 %LENET_C1_W_0_2_1_load_cast"   --->   Operation 41 'read' 'LENET_C1_W_0_2_1_load_cast_read' <Predicate = true> <Delay = 0.00>
ST_1 : Operation 42 [1/1] (0.00ns)   --->   "%LENET_C1_W_0_4_3_load_cast_read = read i8 @_ssdm_op_Read.ap_auto.i8, i8 %LENET_C1_W_0_4_3_load_cast"   --->   Operation 42 'read' 'LENET_C1_W_0_4_3_load_cast_read' <Predicate = true> <Delay = 0.00>
ST_1 : Operation 43 [1/1] (0.00ns)   --->   "%LENET_C1_W_0_1_4_load_cast_read = read i8 @_ssdm_op_Read.ap_auto.i8, i8 %LENET_C1_W_0_1_4_load_cast"   --->   Operation 43 'read' 'LENET_C1_W_0_1_4_load_cast_read' <Predicate = true> <Delay = 0.00>
ST_1 : Operation 44 [1/1] (0.00ns)   --->   "%LENET_C1_W_0_0_0_load_cast_read = read i7 @_ssdm_op_Read.ap_auto.i7, i7 %LENET_C1_W_0_0_0_load_cast"   --->   Operation 44 'read' 'LENET_C1_W_0_0_0_load_cast_read' <Predicate = true> <Delay = 0.00>
ST_1 : Operation 45 [1/1] (0.00ns)   --->   "%LENET_C1_W_0_1_1_load_cast_read = read i6 @_ssdm_op_Read.ap_auto.i6, i6 %LENET_C1_W_0_1_1_load_cast"   --->   Operation 45 'read' 'LENET_C1_W_0_1_1_load_cast_read' <Predicate = true> <Delay = 0.00>
ST_1 : Operation 46 [1/1] (0.00ns)   --->   "%LENET_C1_W_0_3_3_load_cast_read = read i8 @_ssdm_op_Read.ap_auto.i8, i8 %LENET_C1_W_0_3_3_load_cast"   --->   Operation 46 'read' 'LENET_C1_W_0_3_3_load_cast_read' <Predicate = true> <Delay = 0.00>
ST_1 : Operation 47 [1/1] (0.00ns)   --->   "%LENET_C1_W_0_2_2_load_cast_read = read i8 @_ssdm_op_Read.ap_auto.i8, i8 %LENET_C1_W_0_2_2_load_cast"   --->   Operation 47 'read' 'LENET_C1_W_0_2_2_load_cast_read' <Predicate = true> <Delay = 0.00>
ST_1 : Operation 48 [1/1] (0.00ns)   --->   "%LENET_C1_W_0_1_3_load_cast_read = read i8 @_ssdm_op_Read.ap_auto.i8, i8 %LENET_C1_W_0_1_3_load_cast"   --->   Operation 48 'read' 'LENET_C1_W_0_1_3_load_cast_read' <Predicate = true> <Delay = 0.00>
ST_1 : Operation 49 [1/1] (0.00ns)   --->   "%LENET_C1_W_0_1_2_load_cast_read = read i7 @_ssdm_op_Read.ap_auto.i7, i7 %LENET_C1_W_0_1_2_load_cast"   --->   Operation 49 'read' 'LENET_C1_W_0_1_2_load_cast_read' <Predicate = true> <Delay = 0.00>
ST_1 : Operation 50 [1/1] (0.00ns)   --->   "%LENET_C1_W_0_4_2_load_cast_read = read i7 @_ssdm_op_Read.ap_auto.i7, i7 %LENET_C1_W_0_4_2_load_cast"   --->   Operation 50 'read' 'LENET_C1_W_0_4_2_load_cast_read' <Predicate = true> <Delay = 0.00>
ST_1 : Operation 51 [1/1] (0.00ns)   --->   "%LENET_C1_W_0_2_3_load_cast_read = read i8 @_ssdm_op_Read.ap_auto.i8, i8 %LENET_C1_W_0_2_3_load_cast"   --->   Operation 51 'read' 'LENET_C1_W_0_2_3_load_cast_read' <Predicate = true> <Delay = 0.00>
ST_1 : Operation 52 [1/1] (0.00ns)   --->   "%LENET_C1_W_0_4_0_load_cast_read = read i8 @_ssdm_op_Read.ap_auto.i8, i8 %LENET_C1_W_0_4_0_load_cast"   --->   Operation 52 'read' 'LENET_C1_W_0_4_0_load_cast_read' <Predicate = true> <Delay = 0.00>
ST_1 : Operation 53 [1/1] (0.00ns)   --->   "%sub_ln131_read = read i7 @_ssdm_op_Read.ap_auto.i7, i7 %sub_ln131"   --->   Operation 53 'read' 'sub_ln131_read' <Predicate = true> <Delay = 0.00>
ST_1 : Operation 54 [1/1] (0.00ns)   --->   "%merge_i_cast_cast = sext i15 %merge_i_cast_read"   --->   Operation 54 'sext' 'merge_i_cast_cast' <Predicate = true> <Delay = 0.00>
ST_1 : Operation 55 [1/1] (0.00ns)   --->   "%sext_ln118_cast = sext i8 %sext_ln118_read"   --->   Operation 55 'sext' 'sext_ln118_cast' <Predicate = true> <Delay = 0.00>
ST_1 : Operation 56 [1/1] (0.00ns)   --->   "%LENET_C1_W_0_3_2_load_cast_cast = sext i8 %LENET_C1_W_0_3_2_load_cast_read"   --->   Operation 56 'sext' 'LENET_C1_W_0_3_2_load_cast_cast' <Predicate = true> <Delay = 0.00>
ST_1 : Operation 57 [1/1] (0.00ns)   --->   "%LENET_C1_W_0_0_2_load_cast_cast = sext i8 %LENET_C1_W_0_0_2_load_cast_read"   --->   Operation 57 'sext' 'LENET_C1_W_0_0_2_load_cast_cast' <Predicate = true> <Delay = 0.00>
ST_1 : Operation 58 [1/1] (0.00ns)   --->   "%LENET_C1_W_0_2_4_load_cast_cast = sext i8 %LENET_C1_W_0_2_4_load_cast_read"   --->   Operation 58 'sext' 'LENET_C1_W_0_2_4_load_cast_cast' <Predicate = true> <Delay = 0.00>
ST_1 : Operation 59 [1/1] (0.00ns)   --->   "%LENET_C1_W_0_3_1_load_cast_cast = sext i8 %LENET_C1_W_0_3_1_load_cast_read"   --->   Operation 59 'sext' 'LENET_C1_W_0_3_1_load_cast_cast' <Predicate = true> <Delay = 0.00>
ST_1 : Operation 60 [1/1] (0.00ns)   --->   "%LENET_C1_W_0_3_0_load_cast_cast = zext i7 %LENET_C1_W_0_3_0_load_cast_read"   --->   Operation 60 'zext' 'LENET_C1_W_0_3_0_load_cast_cast' <Predicate = true> <Delay = 0.00>
ST_1 : Operation 61 [1/1] (0.00ns)   --->   "%LENET_C1_W_0_2_0_load_cast_cast = zext i7 %LENET_C1_W_0_2_0_load_cast_read"   --->   Operation 61 'zext' 'LENET_C1_W_0_2_0_load_cast_cast' <Predicate = true> <Delay = 0.00>
ST_1 : Operation 62 [1/1] (0.00ns)   --->   "%LENET_C1_W_0_0_3_load_cast_cast = zext i7 %LENET_C1_W_0_0_3_load_cast_read"   --->   Operation 62 'zext' 'LENET_C1_W_0_0_3_load_cast_cast' <Predicate = true> <Delay = 0.00>
ST_1 : Operation 63 [1/1] (0.00ns)   --->   "%LENET_C1_W_0_3_4_load_cast_cast = sext i8 %LENET_C1_W_0_3_4_load_cast_read"   --->   Operation 63 'sext' 'LENET_C1_W_0_3_4_load_cast_cast' <Predicate = true> <Delay = 0.00>
ST_1 : Operation 64 [1/1] (0.00ns)   --->   "%LENET_C1_W_0_0_4_load_cast_cast = sext i8 %LENET_C1_W_0_0_4_load_cast_read"   --->   Operation 64 'sext' 'LENET_C1_W_0_0_4_load_cast_cast' <Predicate = true> <Delay = 0.00>
ST_1 : Operation 65 [1/1] (0.00ns)   --->   "%LENET_C1_W_0_0_1_load_cast_cast = zext i7 %LENET_C1_W_0_0_1_load_cast_read"   --->   Operation 65 'zext' 'LENET_C1_W_0_0_1_load_cast_cast' <Predicate = true> <Delay = 0.00>
ST_1 : Operation 66 [1/1] (0.00ns)   --->   "%LENET_C1_W_0_4_1_load_cast_cast = sext i8 %LENET_C1_W_0_4_1_load_cast_read"   --->   Operation 66 'sext' 'LENET_C1_W_0_4_1_load_cast_cast' <Predicate = true> <Delay = 0.00>
ST_1 : Operation 67 [1/1] (0.00ns)   --->   "%LENET_C1_W_0_1_0_load_cast_cast = zext i7 %LENET_C1_W_0_1_0_load_cast_read"   --->   Operation 67 'zext' 'LENET_C1_W_0_1_0_load_cast_cast' <Predicate = true> <Delay = 0.00>
ST_1 : Operation 68 [1/1] (0.00ns)   --->   "%LENET_C1_W_0_2_1_load_cast_cast = zext i7 %LENET_C1_W_0_2_1_load_cast_read"   --->   Operation 68 'zext' 'LENET_C1_W_0_2_1_load_cast_cast' <Predicate = true> <Delay = 0.00>
ST_1 : Operation 69 [1/1] (0.00ns)   --->   "%LENET_C1_W_0_4_3_load_cast_cast = sext i8 %LENET_C1_W_0_4_3_load_cast_read"   --->   Operation 69 'sext' 'LENET_C1_W_0_4_3_load_cast_cast' <Predicate = true> <Delay = 0.00>
ST_1 : Operation 70 [1/1] (0.00ns)   --->   "%LENET_C1_W_0_1_4_load_cast_cast = sext i8 %LENET_C1_W_0_1_4_load_cast_read"   --->   Operation 70 'sext' 'LENET_C1_W_0_1_4_load_cast_cast' <Predicate = true> <Delay = 0.00>
ST_1 : Operation 71 [1/1] (0.00ns)   --->   "%LENET_C1_W_0_0_0_load_cast_cast = zext i7 %LENET_C1_W_0_0_0_load_cast_read"   --->   Operation 71 'zext' 'LENET_C1_W_0_0_0_load_cast_cast' <Predicate = true> <Delay = 0.00>
ST_1 : Operation 72 [1/1] (0.00ns)   --->   "%LENET_C1_W_0_1_1_load_cast_cast = zext i6 %LENET_C1_W_0_1_1_load_cast_read"   --->   Operation 72 'zext' 'LENET_C1_W_0_1_1_load_cast_cast' <Predicate = true> <Delay = 0.00>
ST_1 : Operation 73 [1/1] (0.00ns)   --->   "%LENET_C1_W_0_3_3_load_cast_cast = sext i8 %LENET_C1_W_0_3_3_load_cast_read"   --->   Operation 73 'sext' 'LENET_C1_W_0_3_3_load_cast_cast' <Predicate = true> <Delay = 0.00>
ST_1 : Operation 74 [1/1] (0.00ns)   --->   "%LENET_C1_W_0_2_2_load_cast_cast = sext i8 %LENET_C1_W_0_2_2_load_cast_read"   --->   Operation 74 'sext' 'LENET_C1_W_0_2_2_load_cast_cast' <Predicate = true> <Delay = 0.00>
ST_1 : Operation 75 [1/1] (0.00ns)   --->   "%LENET_C1_W_0_1_3_load_cast_cast = sext i8 %LENET_C1_W_0_1_3_load_cast_read"   --->   Operation 75 'sext' 'LENET_C1_W_0_1_3_load_cast_cast' <Predicate = true> <Delay = 0.00>
ST_1 : Operation 76 [1/1] (0.00ns)   --->   "%LENET_C1_W_0_1_2_load_cast_cast = zext i7 %LENET_C1_W_0_1_2_load_cast_read"   --->   Operation 76 'zext' 'LENET_C1_W_0_1_2_load_cast_cast' <Predicate = true> <Delay = 0.00>
ST_1 : Operation 77 [1/1] (0.00ns)   --->   "%LENET_C1_W_0_4_2_load_cast_cast = sext i7 %LENET_C1_W_0_4_2_load_cast_read"   --->   Operation 77 'sext' 'LENET_C1_W_0_4_2_load_cast_cast' <Predicate = true> <Delay = 0.00>
ST_1 : Operation 78 [1/1] (0.00ns)   --->   "%LENET_C1_W_0_2_3_load_cast_cast = sext i8 %LENET_C1_W_0_2_3_load_cast_read"   --->   Operation 78 'sext' 'LENET_C1_W_0_2_3_load_cast_cast' <Predicate = true> <Delay = 0.00>
ST_1 : Operation 79 [1/1] (0.00ns)   --->   "%LENET_C1_W_0_4_0_load_cast_cast = sext i8 %LENET_C1_W_0_4_0_load_cast_read"   --->   Operation 79 'sext' 'LENET_C1_W_0_4_0_load_cast_cast' <Predicate = true> <Delay = 0.00>
ST_1 : Operation 80 [1/1] (0.00ns)   --->   "%sub_ln131_cast = sext i7 %sub_ln131_read"   --->   Operation 80 'sext' 'sub_ln131_cast' <Predicate = true> <Delay = 0.00>
ST_1 : Operation 81 [1/1] (0.00ns)   --->   "%specmemcore_ln0 = specmemcore void @_ssdm_op_SpecMemCore, i8 %y_1, i64 666, i64 22, i64 18446744073709551615"   --->   Operation 81 'specmemcore' 'specmemcore_ln0' <Predicate = true> <Delay = 0.00>
ST_1 : Operation 82 [1/1] (0.00ns)   --->   "%specmemcore_ln0 = specmemcore void @_ssdm_op_SpecMemCore, i8 %y_0, i64 666, i64 22, i64 18446744073709551615"   --->   Operation 82 'specmemcore' 'specmemcore_ln0' <Predicate = true> <Delay = 0.00>
ST_1 : Operation 83 [1/1] (0.00ns)   --->   "%specinterface_ln0 = specinterface void @_ssdm_op_SpecInterface, i8 %x, void @empty_3, i32 0, i32 0, void @empty_2, i32 4294967295, i32 0, void @empty_2, void @empty_2, void @empty_2, i32 0, i32 0, i32 0, i32 0, void @empty_2, void @empty_2, i32 4294967295, i32 0"   --->   Operation 83 'specinterface' 'specinterface_ln0' <Predicate = true> <Delay = 0.00>
ST_1 : Operation 84 [1/1] (1.58ns)   --->   "%store_ln0 = store i9 0, i9 %indvar_flatten"   --->   Operation 84 'store' 'store_ln0' <Predicate = true> <Delay = 1.58>
ST_1 : Operation 85 [1/1] (1.58ns)   --->   "%store_ln0 = store i5 0, i5 %oh"   --->   Operation 85 'store' 'store_ln0' <Predicate = true> <Delay = 1.58>
ST_1 : Operation 86 [1/1] (1.58ns)   --->   "%store_ln0 = store i5 0, i5 %ow"   --->   Operation 86 'store' 'store_ln0' <Predicate = true> <Delay = 1.58>
ST_1 : Operation 87 [1/1] (0.00ns)   --->   "%br_ln0 = br void %for.inc.4"   --->   Operation 87 'br' 'br_ln0' <Predicate = true> <Delay = 0.00>
ST_1 : Operation 88 [1/1] (0.00ns)   --->   "%indvar_flatten_load = load i9 %indvar_flatten" [Lenet_RTL_test/lenet_conv1_only.cpp:118]   --->   Operation 88 'load' 'indvar_flatten_load' <Predicate = true> <Delay = 0.00>
ST_1 : Operation 89 [1/1] (1.82ns)   --->   "%icmp_ln118 = icmp_eq  i9 %indvar_flatten_load, i9 392" [Lenet_RTL_test/lenet_conv1_only.cpp:118]   --->   Operation 89 'icmp' 'icmp_ln118' <Predicate = true> <Delay = 1.82> <CoreInst = "Cmp">   --->   Core 9 'Cmp' <Latency = 0> <II = 1> <Delay = 1.82> <FuncUnit> <Opcode : 'icmp'> <InPorts = 2> <OutPorts = 1>
ST_1 : Operation 90 [1/1] (1.82ns)   --->   "%add_ln118_3 = add i9 %indvar_flatten_load, i9 1" [Lenet_RTL_test/lenet_conv1_only.cpp:118]   --->   Operation 90 'add' 'add_ln118_3' <Predicate = true> <Delay = 1.82> <CoreInst = "Adder">   --->   Core 1 'Adder' <Latency = 0> <II = 1> <Delay = 1.82> <FuncUnit> <Opcode : 'add' 'sub'> <InPorts = 2> <OutPorts = 1>
ST_1 : Operation 91 [1/1] (0.00ns)   --->   "%br_ln118 = br i1 %icmp_ln118, void %for.inc45, void %for.inc48.exitStub" [Lenet_RTL_test/lenet_conv1_only.cpp:118]   --->   Operation 91 'br' 'br_ln118' <Predicate = true> <Delay = 0.00>
ST_1 : Operation 92 [1/1] (0.00ns)   --->   "%ow_load = load i5 %ow" [Lenet_RTL_test/lenet_conv1_only.cpp:119]   --->   Operation 92 'load' 'ow_load' <Predicate = (!icmp_ln118)> <Delay = 0.00>
ST_1 : Operation 93 [1/1] (0.00ns)   --->   "%oh_load = load i5 %oh"   --->   Operation 93 'load' 'oh_load' <Predicate = (!icmp_ln118)> <Delay = 0.00>
ST_1 : Operation 94 [1/1] (1.78ns)   --->   "%icmp_ln119 = icmp_ult  i5 %ow_load, i5 28" [Lenet_RTL_test/lenet_conv1_only.cpp:119]   --->   Operation 94 'icmp' 'icmp_ln119' <Predicate = (!icmp_ln118)> <Delay = 1.78> <CoreInst = "Cmp">   --->   Core 9 'Cmp' <Latency = 0> <II = 1> <Delay = 1.78> <FuncUnit> <Opcode : 'icmp'> <InPorts = 2> <OutPorts = 1>
ST_1 : Operation 95 [1/1] (1.21ns)   --->   "%select_ln118 = select i1 %icmp_ln119, i5 %ow_load, i5 0" [Lenet_RTL_test/lenet_conv1_only.cpp:118]   --->   Operation 95 'select' 'select_ln118' <Predicate = (!icmp_ln118)> <Delay = 1.21> <CoreInst = "Sel">   --->   Core 73 'Sel' <Latency = 0> <II = 1> <Delay = 1.21> <FuncUnit> <Opcode : 'select'> <InPorts = 3> <OutPorts = 1>
ST_1 : Operation 96 [1/1] (1.78ns)   --->   "%indvars_iv_next1324 = add i5 %oh_load, i5 1"   --->   Operation 96 'add' 'indvars_iv_next1324' <Predicate = (!icmp_ln118)> <Delay = 1.78> <CoreInst = "Adder">   --->   Core 1 'Adder' <Latency = 0> <II = 1> <Delay = 1.78> <FuncUnit> <Opcode : 'add' 'sub'> <InPorts = 2> <OutPorts = 1>
ST_1 : Operation 97 [1/1] (1.21ns)   --->   "%select_ln118_1 = select i1 %icmp_ln119, i5 %oh_load, i5 %indvars_iv_next1324" [Lenet_RTL_test/lenet_conv1_only.cpp:118]   --->   Operation 97 'select' 'select_ln118_1' <Predicate = (!icmp_ln118)> <Delay = 1.21> <CoreInst = "Sel">   --->   Core 73 'Sel' <Latency = 0> <II = 1> <Delay = 1.21> <FuncUnit> <Opcode : 'select'> <InPorts = 3> <OutPorts = 1>
ST_1 : Operation 98 [1/1] (0.00ns)   --->   "%trunc_ln118 = trunc i5 %select_ln118_1" [Lenet_RTL_test/lenet_conv1_only.cpp:118]   --->   Operation 98 'trunc' 'trunc_ln118' <Predicate = (!icmp_ln118)> <Delay = 0.00>
ST_1 : Operation 99 [1/1] (0.00ns)   --->   "%zext_ln118_1_mid2_v = partselect i4 @_ssdm_op_PartSelect.i4.i5.i32.i32, i5 %select_ln118_1, i32 1, i32 4" [Lenet_RTL_test/lenet_conv1_only.cpp:118]   --->   Operation 99 'partselect' 'zext_ln118_1_mid2_v' <Predicate = (!icmp_ln118)> <Delay = 0.00>
ST_1 : Operation 100 [1/1] (1.78ns)   --->   "%indvars_iv_next132_mid1 = add i5 %oh_load, i5 2"   --->   Operation 100 'add' 'indvars_iv_next132_mid1' <Predicate = (!icmp_ln118)> <Delay = 1.78> <CoreInst = "Adder">   --->   Core 1 'Adder' <Latency = 0> <II = 1> <Delay = 1.78> <FuncUnit> <Opcode : 'add' 'sub'> <InPorts = 2> <OutPorts = 1>
ST_1 : Operation 101 [1/1] (1.21ns)   --->   "%select_ln118_2 = select i1 %icmp_ln119, i5 %indvars_iv_next1324, i5 %indvars_iv_next132_mid1" [Lenet_RTL_test/lenet_conv1_only.cpp:118]   --->   Operation 101 'select' 'select_ln118_2' <Predicate = (!icmp_ln118)> <Delay = 1.21> <CoreInst = "Sel">   --->   Core 73 'Sel' <Latency = 0> <II = 1> <Delay = 1.21> <FuncUnit> <Opcode : 'select'> <InPorts = 3> <OutPorts = 1>
ST_1 : Operation 102 [1/1] (0.00ns)   --->   "%or_ln126 = or i5 %select_ln118, i5 1" [Lenet_RTL_test/lenet_conv1_only.cpp:126]   --->   Operation 102 'or' 'or_ln126' <Predicate = (!icmp_ln118)> <Delay = 0.00>
ST_1 : Operation 103 [1/1] (0.00ns)   --->   "%tmp_10 = bitconcatenate i10 @_ssdm_op_BitConcatenate.i10.i5.i5, i5 %select_ln118_1, i5 %or_ln126" [Lenet_RTL_test/lenet_conv1_only.cpp:126]   --->   Operation 103 'bitconcatenate' 'tmp_10' <Predicate = (!icmp_ln118)> <Delay = 0.00>
ST_1 : Operation 104 [1/1] (0.00ns)   --->   "%zext_ln126_45 = zext i10 %tmp_10" [Lenet_RTL_test/lenet_conv1_only.cpp:126]   --->   Operation 104 'zext' 'zext_ln126_45' <Predicate = (!icmp_ln118)> <Delay = 0.00>
ST_1 : Operation 105 [1/1] (0.00ns)   --->   "%x_addr_1 = getelementptr i8 %x, i64 0, i64 %zext_ln126_45" [Lenet_RTL_test/lenet_conv1_only.cpp:126]   --->   Operation 105 'getelementptr' 'x_addr_1' <Predicate = (!icmp_ln118)> <Delay = 0.00>
ST_1 : Operation 106 [1/1] (0.00ns)   --->   "%tmp_11 = bitconcatenate i10 @_ssdm_op_BitConcatenate.i10.i5.i5, i5 %select_ln118_2, i5 %or_ln126" [Lenet_RTL_test/lenet_conv1_only.cpp:126]   --->   Operation 106 'bitconcatenate' 'tmp_11' <Predicate = (!icmp_ln118)> <Delay = 0.00>
ST_1 : Operation 107 [1/1] (0.00ns)   --->   "%zext_ln126_46 = zext i10 %tmp_11" [Lenet_RTL_test/lenet_conv1_only.cpp:126]   --->   Operation 107 'zext' 'zext_ln126_46' <Predicate = (!icmp_ln118)> <Delay = 0.00>
ST_1 : Operation 108 [1/1] (0.00ns)   --->   "%x_addr_6 = getelementptr i8 %x, i64 0, i64 %zext_ln126_46" [Lenet_RTL_test/lenet_conv1_only.cpp:126]   --->   Operation 108 'getelementptr' 'x_addr_6' <Predicate = (!icmp_ln118)> <Delay = 0.00>
ST_1 : Operation 109 [2/2] (3.25ns)   --->   "%x_load_1 = load i10 %x_addr_1" [Lenet_RTL_test/lenet_conv1_only.cpp:126]   --->   Operation 109 'load' 'x_load_1' <Predicate = (!icmp_ln118)> <Delay = 3.25> <CoreInst = "RAM">   --->   Core 82 'RAM' <Latency = 1> <II = 1> <Delay = 3.25> <Storage> <Opcode : 'load' 'store'> <Ports = 2> <Width = 8> <Depth = 1024> <RAM>
ST_1 : Operation 110 [2/2] (3.25ns)   --->   "%x_load_6 = load i10 %x_addr_6" [Lenet_RTL_test/lenet_conv1_only.cpp:126]   --->   Operation 110 'load' 'x_load_6' <Predicate = (!icmp_ln118)> <Delay = 3.25> <CoreInst = "RAM">   --->   Core 82 'RAM' <Latency = 1> <II = 1> <Delay = 3.25> <Storage> <Opcode : 'load' 'store'> <Ports = 2> <Width = 8> <Depth = 1024> <RAM>
ST_1 : Operation 111 [1/1] (0.00ns)   --->   "%br_ln131 = br i1 %trunc_ln118, void %arrayidx412.132.case.0, void %arrayidx412.132.case.1" [Lenet_RTL_test/lenet_conv1_only.cpp:131]   --->   Operation 111 'br' 'br_ln131' <Predicate = (!icmp_ln118)> <Delay = 0.00>
ST_1 : Operation 112 [1/1] (1.58ns)   --->   "%store_ln119 = store i9 %add_ln118_3, i9 %indvar_flatten" [Lenet_RTL_test/lenet_conv1_only.cpp:119]   --->   Operation 112 'store' 'store_ln119' <Predicate = (!icmp_ln118)> <Delay = 1.58>
ST_1 : Operation 113 [1/1] (1.58ns)   --->   "%store_ln119 = store i5 %select_ln118_1, i5 %oh" [Lenet_RTL_test/lenet_conv1_only.cpp:119]   --->   Operation 113 'store' 'store_ln119' <Predicate = (!icmp_ln118)> <Delay = 1.58>

State 2 <SV = 1> <Delay = 5.03>
ST_2 : Operation 114 [1/1] (0.00ns) (grouped into LUT with out node add_ln118)   --->   "%select_ln118_3 = select i1 %icmp_ln119, i5 2, i5 3" [Lenet_RTL_test/lenet_conv1_only.cpp:118]   --->   Operation 114 'select' 'select_ln118_3' <Predicate = (!icmp_ln118)> <Delay = 0.00> <CoreInst = "Sel">   --->   Core 73 'Sel' <Latency = 0> <II = 1> <Delay = 0.98> <FuncUnit> <Opcode : 'select'> <InPorts = 3> <OutPorts = 1>
ST_2 : Operation 115 [1/1] (1.78ns) (out node of the LUT)   --->   "%add_ln118 = add i5 %oh_load, i5 %select_ln118_3" [Lenet_RTL_test/lenet_conv1_only.cpp:118]   --->   Operation 115 'add' 'add_ln118' <Predicate = (!icmp_ln118)> <Delay = 1.78> <CoreInst = "Adder">   --->   Core 1 'Adder' <Latency = 0> <II = 1> <Delay = 1.78> <FuncUnit> <Opcode : 'add' 'sub'> <InPorts = 2> <OutPorts = 1>
ST_2 : Operation 116 [1/1] (0.00ns) (grouped into LUT with out node add_ln118_1)   --->   "%select_ln118_4 = select i1 %icmp_ln119, i5 3, i5 4" [Lenet_RTL_test/lenet_conv1_only.cpp:118]   --->   Operation 116 'select' 'select_ln118_4' <Predicate = (!icmp_ln118)> <Delay = 0.00> <CoreInst = "Sel">   --->   Core 73 'Sel' <Latency = 0> <II = 1> <Delay = 1.02> <FuncUnit> <Opcode : 'select'> <InPorts = 3> <OutPorts = 1>
ST_2 : Operation 117 [1/1] (1.78ns) (out node of the LUT)   --->   "%add_ln118_1 = add i5 %oh_load, i5 %select_ln118_4" [Lenet_RTL_test/lenet_conv1_only.cpp:118]   --->   Operation 117 'add' 'add_ln118_1' <Predicate = (!icmp_ln118)> <Delay = 1.78> <CoreInst = "Adder">   --->   Core 1 'Adder' <Latency = 0> <II = 1> <Delay = 1.78> <FuncUnit> <Opcode : 'add' 'sub'> <InPorts = 2> <OutPorts = 1>
ST_2 : Operation 118 [1/1] (0.00ns) (grouped into LUT with out node add_ln118_2)   --->   "%select_ln118_5 = select i1 %icmp_ln119, i5 4, i5 5" [Lenet_RTL_test/lenet_conv1_only.cpp:118]   --->   Operation 118 'select' 'select_ln118_5' <Predicate = (!icmp_ln118)> <Delay = 0.00> <CoreInst = "Sel">   --->   Core 73 'Sel' <Latency = 0> <II = 1> <Delay = 1.02> <FuncUnit> <Opcode : 'select'> <InPorts = 3> <OutPorts = 1>
ST_2 : Operation 119 [1/1] (1.78ns) (out node of the LUT)   --->   "%add_ln118_2 = add i5 %oh_load, i5 %select_ln118_5" [Lenet_RTL_test/lenet_conv1_only.cpp:118]   --->   Operation 119 'add' 'add_ln118_2' <Predicate = (!icmp_ln118)> <Delay = 1.78> <CoreInst = "Adder">   --->   Core 1 'Adder' <Latency = 0> <II = 1> <Delay = 1.78> <FuncUnit> <Opcode : 'add' 'sub'> <InPorts = 2> <OutPorts = 1>
ST_2 : Operation 120 [1/1] (0.00ns)   --->   "%tmp_12 = bitconcatenate i10 @_ssdm_op_BitConcatenate.i10.i5.i5, i5 %add_ln118, i5 %or_ln126" [Lenet_RTL_test/lenet_conv1_only.cpp:126]   --->   Operation 120 'bitconcatenate' 'tmp_12' <Predicate = (!icmp_ln118)> <Delay = 0.00>
ST_2 : Operation 121 [1/1] (0.00ns)   --->   "%zext_ln126_47 = zext i10 %tmp_12" [Lenet_RTL_test/lenet_conv1_only.cpp:126]   --->   Operation 121 'zext' 'zext_ln126_47' <Predicate = (!icmp_ln118)> <Delay = 0.00>
ST_2 : Operation 122 [1/1] (0.00ns)   --->   "%x_addr_11 = getelementptr i8 %x, i64 0, i64 %zext_ln126_47" [Lenet_RTL_test/lenet_conv1_only.cpp:126]   --->   Operation 122 'getelementptr' 'x_addr_11' <Predicate = (!icmp_ln118)> <Delay = 0.00>
ST_2 : Operation 123 [1/1] (0.00ns)   --->   "%tmp_14 = bitconcatenate i10 @_ssdm_op_BitConcatenate.i10.i5.i5, i5 %add_ln118_2, i5 %or_ln126" [Lenet_RTL_test/lenet_conv1_only.cpp:126]   --->   Operation 123 'bitconcatenate' 'tmp_14' <Predicate = (!icmp_ln118)> <Delay = 0.00>
ST_2 : Operation 124 [1/1] (0.00ns)   --->   "%zext_ln126_49 = zext i10 %tmp_14" [Lenet_RTL_test/lenet_conv1_only.cpp:126]   --->   Operation 124 'zext' 'zext_ln126_49' <Predicate = (!icmp_ln118)> <Delay = 0.00>
ST_2 : Operation 125 [1/1] (0.00ns)   --->   "%x_addr_21 = getelementptr i8 %x, i64 0, i64 %zext_ln126_49" [Lenet_RTL_test/lenet_conv1_only.cpp:126]   --->   Operation 125 'getelementptr' 'x_addr_21' <Predicate = (!icmp_ln118)> <Delay = 0.00>
ST_2 : Operation 126 [1/2] (3.25ns)   --->   "%x_load_1 = load i10 %x_addr_1" [Lenet_RTL_test/lenet_conv1_only.cpp:126]   --->   Operation 126 'load' 'x_load_1' <Predicate = (!icmp_ln118)> <Delay = 3.25> <CoreInst = "RAM">   --->   Core 82 'RAM' <Latency = 1> <II = 1> <Delay = 3.25> <Storage> <Opcode : 'load' 'store'> <Ports = 2> <Width = 8> <Depth = 1024> <RAM>
ST_2 : Operation 127 [1/1] (0.00ns)   --->   "%zext_ln126_2 = zext i8 %x_load_1" [Lenet_RTL_test/lenet_conv1_only.cpp:126]   --->   Operation 127 'zext' 'zext_ln126_2' <Predicate = (!icmp_ln118)> <Delay = 0.00>
ST_2 : Operation 128 [1/2] (3.25ns)   --->   "%x_load_6 = load i10 %x_addr_6" [Lenet_RTL_test/lenet_conv1_only.cpp:126]   --->   Operation 128 'load' 'x_load_6' <Predicate = (!icmp_ln118)> <Delay = 3.25> <CoreInst = "RAM">   --->   Core 82 'RAM' <Latency = 1> <II = 1> <Delay = 3.25> <Storage> <Opcode : 'load' 'store'> <Ports = 2> <Width = 8> <Depth = 1024> <RAM>
ST_2 : Operation 129 [2/2] (3.25ns)   --->   "%x_load_11 = load i10 %x_addr_11" [Lenet_RTL_test/lenet_conv1_only.cpp:126]   --->   Operation 129 'load' 'x_load_11' <Predicate = (!icmp_ln118)> <Delay = 3.25> <CoreInst = "RAM">   --->   Core 82 'RAM' <Latency = 1> <II = 1> <Delay = 3.25> <Storage> <Opcode : 'load' 'store'> <Ports = 2> <Width = 8> <Depth = 1024> <RAM>
ST_2 : Operation 130 [2/2] (3.25ns)   --->   "%x_load_21 = load i10 %x_addr_21" [Lenet_RTL_test/lenet_conv1_only.cpp:126]   --->   Operation 130 'load' 'x_load_21' <Predicate = (!icmp_ln118)> <Delay = 3.25> <CoreInst = "RAM">   --->   Core 82 'RAM' <Latency = 1> <II = 1> <Delay = 3.25> <Storage> <Opcode : 'load' 'store'> <Ports = 2> <Width = 8> <Depth = 1024> <RAM>
ST_2 : Operation 131 [3/3] (1.05ns) (grouped into DSP with root node add_ln85_12)   --->   "%mul_ln85_14 = mul i15 %zext_ln126_2, i15 %LENET_C1_W_0_0_1_load_cast_cast" [Lenet_RTL_test/lenet_conv1_only.cpp:85->Lenet_RTL_test/lenet_conv1_only.cpp:131]   --->   Operation 131 'mul' 'mul_ln85_14' <Predicate = (!icmp_ln118)> <Delay = 1.05> <CoreInst = "DSP48">   --->   Core 119 'DSP48' <Latency = 3> <II = 1> <Delay = 2.15> <IPBlock> <Opcode : '<invalid operator> ' 'mul' 'add' 'sub' 'select'> <InPorts = 0> <OutPorts = 1> <Sync> <CReg>

State 3 <SV = 2> <Delay = 5.03>
ST_3 : Operation 132 [1/1] (1.78ns)   --->   "%add_ln126 = add i5 %select_ln118, i5 2" [Lenet_RTL_test/lenet_conv1_only.cpp:126]   --->   Operation 132 'add' 'add_ln126' <Predicate = (!icmp_ln118)> <Delay = 1.78> <CoreInst = "Adder">   --->   Core 1 'Adder' <Latency = 0> <II = 1> <Delay = 1.78> <FuncUnit> <Opcode : 'add' 'sub'> <InPorts = 2> <OutPorts = 1>
ST_3 : Operation 133 [1/1] (0.00ns)   --->   "%tmp_15 = bitconcatenate i10 @_ssdm_op_BitConcatenate.i10.i5.i5, i5 %select_ln118_1, i5 %add_ln126" [Lenet_RTL_test/lenet_conv1_only.cpp:126]   --->   Operation 133 'bitconcatenate' 'tmp_15' <Predicate = (!icmp_ln118)> <Delay = 0.00>
ST_3 : Operation 134 [1/1] (0.00ns)   --->   "%zext_ln126_50 = zext i10 %tmp_15" [Lenet_RTL_test/lenet_conv1_only.cpp:126]   --->   Operation 134 'zext' 'zext_ln126_50' <Predicate = (!icmp_ln118)> <Delay = 0.00>
ST_3 : Operation 135 [1/1] (0.00ns)   --->   "%x_addr_2 = getelementptr i8 %x, i64 0, i64 %zext_ln126_50" [Lenet_RTL_test/lenet_conv1_only.cpp:126]   --->   Operation 135 'getelementptr' 'x_addr_2' <Predicate = (!icmp_ln118)> <Delay = 0.00>
ST_3 : Operation 136 [2/2] (3.25ns)   --->   "%x_load_2 = load i10 %x_addr_2" [Lenet_RTL_test/lenet_conv1_only.cpp:126]   --->   Operation 136 'load' 'x_load_2' <Predicate = (!icmp_ln118)> <Delay = 3.25> <CoreInst = "RAM">   --->   Core 82 'RAM' <Latency = 1> <II = 1> <Delay = 3.25> <Storage> <Opcode : 'load' 'store'> <Ports = 2> <Width = 8> <Depth = 1024> <RAM>
ST_3 : Operation 137 [1/1] (1.78ns)   --->   "%add_ln126_1 = add i5 %select_ln118, i5 3" [Lenet_RTL_test/lenet_conv1_only.cpp:126]   --->   Operation 137 'add' 'add_ln126_1' <Predicate = (!icmp_ln118)> <Delay = 1.78> <CoreInst = "Adder">   --->   Core 1 'Adder' <Latency = 0> <II = 1> <Delay = 1.78> <FuncUnit> <Opcode : 'add' 'sub'> <InPorts = 2> <OutPorts = 1>
ST_3 : Operation 138 [1/1] (0.00ns)   --->   "%tmp_20 = bitconcatenate i10 @_ssdm_op_BitConcatenate.i10.i5.i5, i5 %select_ln118_1, i5 %add_ln126_1" [Lenet_RTL_test/lenet_conv1_only.cpp:126]   --->   Operation 138 'bitconcatenate' 'tmp_20' <Predicate = (!icmp_ln118)> <Delay = 0.00>
ST_3 : Operation 139 [1/1] (0.00ns)   --->   "%zext_ln126_55 = zext i10 %tmp_20" [Lenet_RTL_test/lenet_conv1_only.cpp:126]   --->   Operation 139 'zext' 'zext_ln126_55' <Predicate = (!icmp_ln118)> <Delay = 0.00>
ST_3 : Operation 140 [1/1] (0.00ns)   --->   "%x_addr_3 = getelementptr i8 %x, i64 0, i64 %zext_ln126_55" [Lenet_RTL_test/lenet_conv1_only.cpp:126]   --->   Operation 140 'getelementptr' 'x_addr_3' <Predicate = (!icmp_ln118)> <Delay = 0.00>
ST_3 : Operation 141 [2/2] (3.25ns)   --->   "%x_load_3 = load i10 %x_addr_3" [Lenet_RTL_test/lenet_conv1_only.cpp:126]   --->   Operation 141 'load' 'x_load_3' <Predicate = (!icmp_ln118)> <Delay = 3.25> <CoreInst = "RAM">   --->   Core 82 'RAM' <Latency = 1> <II = 1> <Delay = 3.25> <Storage> <Opcode : 'load' 'store'> <Ports = 2> <Width = 8> <Depth = 1024> <RAM>
ST_3 : Operation 142 [1/1] (0.00ns)   --->   "%zext_ln126_13 = zext i8 %x_load_6" [Lenet_RTL_test/lenet_conv1_only.cpp:126]   --->   Operation 142 'zext' 'zext_ln126_13' <Predicate = (!icmp_ln118)> <Delay = 0.00>
ST_3 : Operation 143 [1/2] (3.25ns)   --->   "%x_load_11 = load i10 %x_addr_11" [Lenet_RTL_test/lenet_conv1_only.cpp:126]   --->   Operation 143 'load' 'x_load_11' <Predicate = (!icmp_ln118)> <Delay = 3.25> <CoreInst = "RAM">   --->   Core 82 'RAM' <Latency = 1> <II = 1> <Delay = 3.25> <Storage> <Opcode : 'load' 'store'> <Ports = 2> <Width = 8> <Depth = 1024> <RAM>
ST_3 : Operation 144 [1/2] (3.25ns)   --->   "%x_load_21 = load i10 %x_addr_21" [Lenet_RTL_test/lenet_conv1_only.cpp:126]   --->   Operation 144 'load' 'x_load_21' <Predicate = (!icmp_ln118)> <Delay = 3.25> <CoreInst = "RAM">   --->   Core 82 'RAM' <Latency = 1> <II = 1> <Delay = 3.25> <Storage> <Opcode : 'load' 'store'> <Ports = 2> <Width = 8> <Depth = 1024> <RAM>
ST_3 : Operation 145 [2/3] (1.05ns) (grouped into DSP with root node add_ln85_12)   --->   "%mul_ln85_14 = mul i15 %zext_ln126_2, i15 %LENET_C1_W_0_0_1_load_cast_cast" [Lenet_RTL_test/lenet_conv1_only.cpp:85->Lenet_RTL_test/lenet_conv1_only.cpp:131]   --->   Operation 145 'mul' 'mul_ln85_14' <Predicate = (!icmp_ln118)> <Delay = 1.05> <CoreInst = "DSP48">   --->   Core 119 'DSP48' <Latency = 3> <II = 1> <Delay = 2.15> <IPBlock> <Opcode : '<invalid operator> ' 'mul' 'add' 'sub' 'select'> <InPorts = 0> <OutPorts = 1> <Sync> <CReg>
ST_3 : Operation 146 [1/1] (4.17ns)   --->   "%mul_ln85_37 = mul i15 %zext_ln126_13, i15 %LENET_C1_W_0_1_0_load_cast_cast" [Lenet_RTL_test/lenet_conv1_only.cpp:85->Lenet_RTL_test/lenet_conv1_only.cpp:131]   --->   Operation 146 'mul' 'mul_ln85_37' <Predicate = (!icmp_ln118)> <Delay = 4.17> <CoreInst = "Multiplier">   --->   Core 3 'Multiplier' <Latency = 0> <II = 1> <Delay = 4.17> <FuncUnit> <Opcode : 'mul'> <InPorts = 2> <OutPorts = 1>
ST_3 : Operation 147 [1/1] (1.58ns)   --->   "%store_ln119 = store i5 %add_ln126, i5 %ow" [Lenet_RTL_test/lenet_conv1_only.cpp:119]   --->   Operation 147 'store' 'store_ln119' <Predicate = (!icmp_ln118)> <Delay = 1.58>
ST_3 : Operation 148 [1/1] (0.00ns)   --->   "%br_ln119 = br void %for.inc.4" [Lenet_RTL_test/lenet_conv1_only.cpp:119]   --->   Operation 148 'br' 'br_ln119' <Predicate = (!icmp_ln118)> <Delay = 0.00>

State 4 <SV = 3> <Delay = 5.03>
ST_4 : Operation 149 [1/2] (3.25ns)   --->   "%x_load_2 = load i10 %x_addr_2" [Lenet_RTL_test/lenet_conv1_only.cpp:126]   --->   Operation 149 'load' 'x_load_2' <Predicate = (!icmp_ln118)> <Delay = 3.25> <CoreInst = "RAM">   --->   Core 82 'RAM' <Latency = 1> <II = 1> <Delay = 3.25> <Storage> <Opcode : 'load' 'store'> <Ports = 2> <Width = 8> <Depth = 1024> <RAM>
ST_4 : Operation 150 [1/1] (0.00ns)   --->   "%zext_ln126_4 = zext i8 %x_load_2" [Lenet_RTL_test/lenet_conv1_only.cpp:126]   --->   Operation 150 'zext' 'zext_ln126_4' <Predicate = (!icmp_ln118)> <Delay = 0.00>
ST_4 : Operation 151 [1/1] (0.00ns)   --->   "%tmp_21 = bitconcatenate i10 @_ssdm_op_BitConcatenate.i10.i5.i5, i5 %select_ln118_2, i5 %add_ln126_1" [Lenet_RTL_test/lenet_conv1_only.cpp:126]   --->   Operation 151 'bitconcatenate' 'tmp_21' <Predicate = (!icmp_ln118)> <Delay = 0.00>
ST_4 : Operation 152 [1/1] (0.00ns)   --->   "%zext_ln126_56 = zext i10 %tmp_21" [Lenet_RTL_test/lenet_conv1_only.cpp:126]   --->   Operation 152 'zext' 'zext_ln126_56' <Predicate = (!icmp_ln118)> <Delay = 0.00>
ST_4 : Operation 153 [1/1] (0.00ns)   --->   "%x_addr_8 = getelementptr i8 %x, i64 0, i64 %zext_ln126_56" [Lenet_RTL_test/lenet_conv1_only.cpp:126]   --->   Operation 153 'getelementptr' 'x_addr_8' <Predicate = (!icmp_ln118)> <Delay = 0.00>
ST_4 : Operation 154 [1/2] (3.25ns)   --->   "%x_load_3 = load i10 %x_addr_3" [Lenet_RTL_test/lenet_conv1_only.cpp:126]   --->   Operation 154 'load' 'x_load_3' <Predicate = (!icmp_ln118)> <Delay = 3.25> <CoreInst = "RAM">   --->   Core 82 'RAM' <Latency = 1> <II = 1> <Delay = 3.25> <Storage> <Opcode : 'load' 'store'> <Ports = 2> <Width = 8> <Depth = 1024> <RAM>
ST_4 : Operation 155 [1/1] (0.00ns)   --->   "%zext_ln126_8 = zext i8 %x_load_3" [Lenet_RTL_test/lenet_conv1_only.cpp:126]   --->   Operation 155 'zext' 'zext_ln126_8' <Predicate = (!icmp_ln118)> <Delay = 0.00>
ST_4 : Operation 156 [1/1] (1.78ns)   --->   "%add_ln126_2 = add i5 %select_ln118, i5 4" [Lenet_RTL_test/lenet_conv1_only.cpp:126]   --->   Operation 156 'add' 'add_ln126_2' <Predicate = (!icmp_ln118)> <Delay = 1.78> <CoreInst = "Adder">   --->   Core 1 'Adder' <Latency = 0> <II = 1> <Delay = 1.78> <FuncUnit> <Opcode : 'add' 'sub'> <InPorts = 2> <OutPorts = 1>
ST_4 : Operation 157 [1/1] (0.00ns)   --->   "%tmp_25 = bitconcatenate i10 @_ssdm_op_BitConcatenate.i10.i5.i5, i5 %select_ln118_1, i5 %add_ln126_2" [Lenet_RTL_test/lenet_conv1_only.cpp:126]   --->   Operation 157 'bitconcatenate' 'tmp_25' <Predicate = (!icmp_ln118)> <Delay = 0.00>
ST_4 : Operation 158 [1/1] (0.00ns)   --->   "%zext_ln126_60 = zext i10 %tmp_25" [Lenet_RTL_test/lenet_conv1_only.cpp:126]   --->   Operation 158 'zext' 'zext_ln126_60' <Predicate = (!icmp_ln118)> <Delay = 0.00>
ST_4 : Operation 159 [1/1] (0.00ns)   --->   "%x_addr_4 = getelementptr i8 %x, i64 0, i64 %zext_ln126_60" [Lenet_RTL_test/lenet_conv1_only.cpp:126]   --->   Operation 159 'getelementptr' 'x_addr_4' <Predicate = (!icmp_ln118)> <Delay = 0.00>
ST_4 : Operation 160 [2/2] (3.25ns)   --->   "%x_load_4 = load i10 %x_addr_4" [Lenet_RTL_test/lenet_conv1_only.cpp:126]   --->   Operation 160 'load' 'x_load_4' <Predicate = (!icmp_ln118)> <Delay = 3.25> <CoreInst = "RAM">   --->   Core 82 'RAM' <Latency = 1> <II = 1> <Delay = 3.25> <Storage> <Opcode : 'load' 'store'> <Ports = 2> <Width = 8> <Depth = 1024> <RAM>
ST_4 : Operation 161 [2/2] (3.25ns)   --->   "%x_load_8 = load i10 %x_addr_8" [Lenet_RTL_test/lenet_conv1_only.cpp:126]   --->   Operation 161 'load' 'x_load_8' <Predicate = (!icmp_ln118)> <Delay = 3.25> <CoreInst = "RAM">   --->   Core 82 'RAM' <Latency = 1> <II = 1> <Delay = 3.25> <Storage> <Opcode : 'load' 'store'> <Ports = 2> <Width = 8> <Depth = 1024> <RAM>
ST_4 : Operation 162 [1/1] (0.00ns)   --->   "%zext_ln126_33 = zext i8 %x_load_21" [Lenet_RTL_test/lenet_conv1_only.cpp:126]   --->   Operation 162 'zext' 'zext_ln126_33' <Predicate = (!icmp_ln118)> <Delay = 0.00>
ST_4 : Operation 163 [1/3] (0.00ns) (grouped into DSP with root node add_ln85_12)   --->   "%mul_ln85_14 = mul i15 %zext_ln126_2, i15 %LENET_C1_W_0_0_1_load_cast_cast" [Lenet_RTL_test/lenet_conv1_only.cpp:85->Lenet_RTL_test/lenet_conv1_only.cpp:131]   --->   Operation 163 'mul' 'mul_ln85_14' <Predicate = (!icmp_ln118)> <Delay = 0.00> <CoreInst = "DSP48">   --->   Core 119 'DSP48' <Latency = 3> <II = 1> <Delay = 2.15> <IPBlock> <Opcode : '<invalid operator> ' 'mul' 'add' 'sub' 'select'> <InPorts = 0> <OutPorts = 1> <Sync> <CReg>
ST_4 : Operation 164 [1/1] (0.00ns) (grouped into DSP with root node add_ln85_12)   --->   "%zext_ln85_6 = zext i15 %mul_ln85_14" [Lenet_RTL_test/lenet_conv1_only.cpp:85->Lenet_RTL_test/lenet_conv1_only.cpp:131]   --->   Operation 164 'zext' 'zext_ln85_6' <Predicate = (!icmp_ln118)> <Delay = 0.00>
ST_4 : Operation 165 [3/3] (1.05ns) (grouped into DSP with root node add_ln85_14)   --->   "%mul_ln85_17 = mul i15 %zext_ln126_8, i15 %LENET_C1_W_0_0_3_load_cast_cast" [Lenet_RTL_test/lenet_conv1_only.cpp:85->Lenet_RTL_test/lenet_conv1_only.cpp:131]   --->   Operation 165 'mul' 'mul_ln85_17' <Predicate = (!icmp_ln118)> <Delay = 1.05> <CoreInst = "DSP48">   --->   Core 119 'DSP48' <Latency = 3> <II = 1> <Delay = 2.15> <IPBlock> <Opcode : '<invalid operator> ' 'mul' 'add' 'sub' 'select'> <InPorts = 0> <OutPorts = 1> <Sync> <CReg>
ST_4 : Operation 166 [2/2] (2.10ns) (root node of the DSP)   --->   "%add_ln85_12 = add i17 %zext_ln85_6, i17 %merge_i_cast_cast" [Lenet_RTL_test/lenet_conv1_only.cpp:85->Lenet_RTL_test/lenet_conv1_only.cpp:131]   --->   Operation 166 'add' 'add_ln85_12' <Predicate = (!icmp_ln118)> <Delay = 2.10> <CoreInst = "DSP48">   --->   Core 119 'DSP48' <Latency = 3> <II = 1> <Delay = 2.15> <IPBlock> <Opcode : '<invalid operator> ' 'mul' 'add' 'sub' 'select'> <InPorts = 0> <OutPorts = 1> <Sync> <CReg>
ST_4 : Operation 167 [1/1] (4.17ns)   --->   "%mul_ln85_25 = mul i16 %zext_ln126_33, i16 %LENET_C1_W_0_4_0_load_cast_cast" [Lenet_RTL_test/lenet_conv1_only.cpp:85->Lenet_RTL_test/lenet_conv1_only.cpp:131]   --->   Operation 167 'mul' 'mul_ln85_25' <Predicate = (!icmp_ln118)> <Delay = 4.17> <CoreInst = "Multiplier">   --->   Core 3 'Multiplier' <Latency = 0> <II = 1> <Delay = 4.17> <FuncUnit> <Opcode : 'mul'> <InPorts = 2> <OutPorts = 1>
ST_4 : Operation 168 [3/3] (1.05ns) (grouped into DSP with root node add_ln85_37)   --->   "%mul_ln85_39 = mul i15 %zext_ln126_4, i15 %LENET_C1_W_0_0_1_load_cast_cast" [Lenet_RTL_test/lenet_conv1_only.cpp:85->Lenet_RTL_test/lenet_conv1_only.cpp:131]   --->   Operation 168 'mul' 'mul_ln85_39' <Predicate = (!icmp_ln118)> <Delay = 1.05> <CoreInst = "DSP48">   --->   Core 119 'DSP48' <Latency = 3> <II = 1> <Delay = 2.15> <IPBlock> <Opcode : '<invalid operator> ' 'mul' 'add' 'sub' 'select'> <InPorts = 0> <OutPorts = 1> <Sync> <CReg>

State 5 <SV = 4> <Delay = 4.30>
ST_5 : Operation 169 [1/1] (0.00ns)   --->   "%tmp_18 = bitconcatenate i10 @_ssdm_op_BitConcatenate.i10.i5.i5, i5 %add_ln118_1, i5 %add_ln126" [Lenet_RTL_test/lenet_conv1_only.cpp:126]   --->   Operation 169 'bitconcatenate' 'tmp_18' <Predicate = (!icmp_ln118)> <Delay = 0.00>
ST_5 : Operation 170 [1/1] (0.00ns)   --->   "%zext_ln126_53 = zext i10 %tmp_18" [Lenet_RTL_test/lenet_conv1_only.cpp:126]   --->   Operation 170 'zext' 'zext_ln126_53' <Predicate = (!icmp_ln118)> <Delay = 0.00>
ST_5 : Operation 171 [1/1] (0.00ns)   --->   "%x_addr_17 = getelementptr i8 %x, i64 0, i64 %zext_ln126_53" [Lenet_RTL_test/lenet_conv1_only.cpp:126]   --->   Operation 171 'getelementptr' 'x_addr_17' <Predicate = (!icmp_ln118)> <Delay = 0.00>
ST_5 : Operation 172 [1/1] (0.00ns)   --->   "%zext_ln126_5 = zext i8 %x_load_2" [Lenet_RTL_test/lenet_conv1_only.cpp:126]   --->   Operation 172 'zext' 'zext_ln126_5' <Predicate = (!icmp_ln118)> <Delay = 0.00>
ST_5 : Operation 173 [1/1] (0.00ns)   --->   "%tmp_28 = bitconcatenate i10 @_ssdm_op_BitConcatenate.i10.i5.i5, i5 %add_ln118_1, i5 %add_ln126_2" [Lenet_RTL_test/lenet_conv1_only.cpp:126]   --->   Operation 173 'bitconcatenate' 'tmp_28' <Predicate = (!icmp_ln118)> <Delay = 0.00>
ST_5 : Operation 174 [1/1] (0.00ns)   --->   "%zext_ln126_63 = zext i10 %tmp_28" [Lenet_RTL_test/lenet_conv1_only.cpp:126]   --->   Operation 174 'zext' 'zext_ln126_63' <Predicate = (!icmp_ln118)> <Delay = 0.00>
ST_5 : Operation 175 [1/1] (0.00ns)   --->   "%x_addr_19 = getelementptr i8 %x, i64 0, i64 %zext_ln126_63" [Lenet_RTL_test/lenet_conv1_only.cpp:126]   --->   Operation 175 'getelementptr' 'x_addr_19' <Predicate = (!icmp_ln118)> <Delay = 0.00>
ST_5 : Operation 176 [1/2] (3.25ns)   --->   "%x_load_4 = load i10 %x_addr_4" [Lenet_RTL_test/lenet_conv1_only.cpp:126]   --->   Operation 176 'load' 'x_load_4' <Predicate = (!icmp_ln118)> <Delay = 3.25> <CoreInst = "RAM">   --->   Core 82 'RAM' <Latency = 1> <II = 1> <Delay = 3.25> <Storage> <Opcode : 'load' 'store'> <Ports = 2> <Width = 8> <Depth = 1024> <RAM>
ST_5 : Operation 177 [1/1] (0.00ns)   --->   "%zext_ln126_10 = zext i8 %x_load_4" [Lenet_RTL_test/lenet_conv1_only.cpp:126]   --->   Operation 177 'zext' 'zext_ln126_10' <Predicate = (!icmp_ln118)> <Delay = 0.00>
ST_5 : Operation 178 [1/2] (3.25ns)   --->   "%x_load_8 = load i10 %x_addr_8" [Lenet_RTL_test/lenet_conv1_only.cpp:126]   --->   Operation 178 'load' 'x_load_8' <Predicate = (!icmp_ln118)> <Delay = 3.25> <CoreInst = "RAM">   --->   Core 82 'RAM' <Latency = 1> <II = 1> <Delay = 3.25> <Storage> <Opcode : 'load' 'store'> <Ports = 2> <Width = 8> <Depth = 1024> <RAM>
ST_5 : Operation 179 [2/2] (3.25ns)   --->   "%x_load_17 = load i10 %x_addr_17" [Lenet_RTL_test/lenet_conv1_only.cpp:126]   --->   Operation 179 'load' 'x_load_17' <Predicate = (!icmp_ln118)> <Delay = 3.25> <CoreInst = "RAM">   --->   Core 82 'RAM' <Latency = 1> <II = 1> <Delay = 3.25> <Storage> <Opcode : 'load' 'store'> <Ports = 2> <Width = 8> <Depth = 1024> <RAM>
ST_5 : Operation 180 [2/2] (3.25ns)   --->   "%x_load_19 = load i10 %x_addr_19" [Lenet_RTL_test/lenet_conv1_only.cpp:126]   --->   Operation 180 'load' 'x_load_19' <Predicate = (!icmp_ln118)> <Delay = 3.25> <CoreInst = "RAM">   --->   Core 82 'RAM' <Latency = 1> <II = 1> <Delay = 3.25> <Storage> <Opcode : 'load' 'store'> <Ports = 2> <Width = 8> <Depth = 1024> <RAM>
ST_5 : Operation 181 [2/3] (1.05ns) (grouped into DSP with root node add_ln85_14)   --->   "%mul_ln85_17 = mul i15 %zext_ln126_8, i15 %LENET_C1_W_0_0_3_load_cast_cast" [Lenet_RTL_test/lenet_conv1_only.cpp:85->Lenet_RTL_test/lenet_conv1_only.cpp:131]   --->   Operation 181 'mul' 'mul_ln85_17' <Predicate = (!icmp_ln118)> <Delay = 1.05> <CoreInst = "DSP48">   --->   Core 119 'DSP48' <Latency = 3> <II = 1> <Delay = 2.15> <IPBlock> <Opcode : '<invalid operator> ' 'mul' 'add' 'sub' 'select'> <InPorts = 0> <OutPorts = 1> <Sync> <CReg>
ST_5 : Operation 182 [3/3] (1.05ns) (grouped into DSP with root node add_ln85_15)   --->   "%mul_ln85_22 = mul i16 %zext_ln126_5, i16 %LENET_C1_W_0_0_2_load_cast_cast" [Lenet_RTL_test/lenet_conv1_only.cpp:85->Lenet_RTL_test/lenet_conv1_only.cpp:131]   --->   Operation 182 'mul' 'mul_ln85_22' <Predicate = (!icmp_ln118)> <Delay = 1.05> <CoreInst = "DSP48">   --->   Core 119 'DSP48' <Latency = 3> <II = 1> <Delay = 2.15> <IPBlock> <Opcode : '<invalid operator> ' 'mul' 'add' 'sub' 'select'> <InPorts = 0> <OutPorts = 1> <Sync> <CReg>
ST_5 : Operation 183 [1/2] (2.10ns) (root node of the DSP)   --->   "%add_ln85_12 = add i17 %zext_ln85_6, i17 %merge_i_cast_cast" [Lenet_RTL_test/lenet_conv1_only.cpp:85->Lenet_RTL_test/lenet_conv1_only.cpp:131]   --->   Operation 183 'add' 'add_ln85_12' <Predicate = (!icmp_ln118)> <Delay = 2.10> <CoreInst = "DSP48">   --->   Core 119 'DSP48' <Latency = 3> <II = 1> <Delay = 2.15> <IPBlock> <Opcode : '<invalid operator> ' 'mul' 'add' 'sub' 'select'> <InPorts = 0> <OutPorts = 1> <Sync> <CReg>
ST_5 : Operation 184 [3/3] (1.05ns) (grouped into DSP with root node add_ln85_38)   --->   "%mul_ln85_33 = mul i15 %zext_ln126_2, i15 %LENET_C1_W_0_0_0_load_cast_cast" [Lenet_RTL_test/lenet_conv1_only.cpp:85->Lenet_RTL_test/lenet_conv1_only.cpp:131]   --->   Operation 184 'mul' 'mul_ln85_33' <Predicate = (!icmp_ln118)> <Delay = 1.05> <CoreInst = "DSP48">   --->   Core 119 'DSP48' <Latency = 3> <II = 1> <Delay = 2.15> <IPBlock> <Opcode : '<invalid operator> ' 'mul' 'add' 'sub' 'select'> <InPorts = 0> <OutPorts = 1> <Sync> <CReg>
ST_5 : Operation 185 [2/3] (1.05ns) (grouped into DSP with root node add_ln85_37)   --->   "%mul_ln85_39 = mul i15 %zext_ln126_4, i15 %LENET_C1_W_0_0_1_load_cast_cast" [Lenet_RTL_test/lenet_conv1_only.cpp:85->Lenet_RTL_test/lenet_conv1_only.cpp:131]   --->   Operation 185 'mul' 'mul_ln85_39' <Predicate = (!icmp_ln118)> <Delay = 1.05> <CoreInst = "DSP48">   --->   Core 119 'DSP48' <Latency = 3> <II = 1> <Delay = 2.15> <IPBlock> <Opcode : '<invalid operator> ' 'mul' 'add' 'sub' 'select'> <InPorts = 0> <OutPorts = 1> <Sync> <CReg>
ST_5 : Operation 186 [3/3] (1.05ns) (grouped into DSP with root node add_ln85_39)   --->   "%mul_ln85_42 = mul i15 %zext_ln126_10, i15 %LENET_C1_W_0_0_3_load_cast_cast" [Lenet_RTL_test/lenet_conv1_only.cpp:85->Lenet_RTL_test/lenet_conv1_only.cpp:131]   --->   Operation 186 'mul' 'mul_ln85_42' <Predicate = (!icmp_ln118)> <Delay = 1.05> <CoreInst = "DSP48">   --->   Core 119 'DSP48' <Latency = 3> <II = 1> <Delay = 2.15> <IPBlock> <Opcode : '<invalid operator> ' 'mul' 'add' 'sub' 'select'> <InPorts = 0> <OutPorts = 1> <Sync> <CReg>

State 6 <SV = 5> <Delay = 6.76>
ST_6 : Operation 187 [1/1] (0.00ns)   --->   "%tmp_s = bitconcatenate i10 @_ssdm_op_BitConcatenate.i10.i5.i5, i5 %select_ln118_2, i5 0" [Lenet_RTL_test/lenet_conv1_only.cpp:126]   --->   Operation 187 'bitconcatenate' 'tmp_s' <Predicate = (!icmp_ln118)> <Delay = 0.00>
ST_6 : Operation 188 [1/1] (0.00ns)   --->   "%zext_ln119 = zext i5 %select_ln118" [Lenet_RTL_test/lenet_conv1_only.cpp:119]   --->   Operation 188 'zext' 'zext_ln119' <Predicate = (!icmp_ln118)> <Delay = 0.00>
ST_6 : Operation 189 [1/1] (0.00ns)   --->   "%zext_ln126_7 = zext i8 %x_load_3" [Lenet_RTL_test/lenet_conv1_only.cpp:126]   --->   Operation 189 'zext' 'zext_ln126_7' <Predicate = (!icmp_ln118)> <Delay = 0.00>
ST_6 : Operation 190 [1/1] (0.00ns)   --->   "%tmp_29 = bitconcatenate i10 @_ssdm_op_BitConcatenate.i10.i5.i5, i5 %add_ln118_2, i5 %add_ln126_2" [Lenet_RTL_test/lenet_conv1_only.cpp:126]   --->   Operation 190 'bitconcatenate' 'tmp_29' <Predicate = (!icmp_ln118)> <Delay = 0.00>
ST_6 : Operation 191 [1/1] (0.00ns)   --->   "%zext_ln126_64 = zext i10 %tmp_29" [Lenet_RTL_test/lenet_conv1_only.cpp:126]   --->   Operation 191 'zext' 'zext_ln126_64' <Predicate = (!icmp_ln118)> <Delay = 0.00>
ST_6 : Operation 192 [1/1] (0.00ns)   --->   "%x_addr_24 = getelementptr i8 %x, i64 0, i64 %zext_ln126_64" [Lenet_RTL_test/lenet_conv1_only.cpp:126]   --->   Operation 192 'getelementptr' 'x_addr_24' <Predicate = (!icmp_ln118)> <Delay = 0.00>
ST_6 : Operation 193 [1/1] (0.00ns)   --->   "%zext_ln126_11 = zext i8 %x_load_4" [Lenet_RTL_test/lenet_conv1_only.cpp:126]   --->   Operation 193 'zext' 'zext_ln126_11' <Predicate = (!icmp_ln118)> <Delay = 0.00>
ST_6 : Operation 194 [1/1] (0.00ns)   --->   "%zext_ln126_18 = zext i8 %x_load_8" [Lenet_RTL_test/lenet_conv1_only.cpp:126]   --->   Operation 194 'zext' 'zext_ln126_18' <Predicate = (!icmp_ln118)> <Delay = 0.00>
ST_6 : Operation 195 [1/2] (3.25ns)   --->   "%x_load_17 = load i10 %x_addr_17" [Lenet_RTL_test/lenet_conv1_only.cpp:126]   --->   Operation 195 'load' 'x_load_17' <Predicate = (!icmp_ln118)> <Delay = 3.25> <CoreInst = "RAM">   --->   Core 82 'RAM' <Latency = 1> <II = 1> <Delay = 3.25> <Storage> <Opcode : 'load' 'store'> <Ports = 2> <Width = 8> <Depth = 1024> <RAM>
ST_6 : Operation 196 [1/2] (3.25ns)   --->   "%x_load_19 = load i10 %x_addr_19" [Lenet_RTL_test/lenet_conv1_only.cpp:126]   --->   Operation 196 'load' 'x_load_19' <Predicate = (!icmp_ln118)> <Delay = 3.25> <CoreInst = "RAM">   --->   Core 82 'RAM' <Latency = 1> <II = 1> <Delay = 3.25> <Storage> <Opcode : 'load' 'store'> <Ports = 2> <Width = 8> <Depth = 1024> <RAM>
ST_6 : Operation 197 [1/1] (0.00ns)   --->   "%zext_ln126_31 = zext i8 %x_load_19" [Lenet_RTL_test/lenet_conv1_only.cpp:126]   --->   Operation 197 'zext' 'zext_ln126_31' <Predicate = (!icmp_ln118)> <Delay = 0.00>
ST_6 : Operation 198 [2/2] (3.25ns)   --->   "%x_load_24 = load i10 %x_addr_24" [Lenet_RTL_test/lenet_conv1_only.cpp:126]   --->   Operation 198 'load' 'x_load_24' <Predicate = (!icmp_ln118)> <Delay = 3.25> <CoreInst = "RAM">   --->   Core 82 'RAM' <Latency = 1> <II = 1> <Delay = 3.25> <Storage> <Opcode : 'load' 'store'> <Ports = 2> <Width = 8> <Depth = 1024> <RAM>
ST_6 : Operation 199 [1/1] (4.17ns)   --->   "%mul_ln85_4 = mul i16 %zext_ln126_18, i16 %LENET_C1_W_0_1_3_load_cast_cast" [Lenet_RTL_test/lenet_conv1_only.cpp:85->Lenet_RTL_test/lenet_conv1_only.cpp:131]   --->   Operation 199 'mul' 'mul_ln85_4' <Predicate = (!icmp_ln118)> <Delay = 4.17> <CoreInst = "Multiplier">   --->   Core 3 'Multiplier' <Latency = 0> <II = 1> <Delay = 4.17> <FuncUnit> <Opcode : 'mul'> <InPorts = 2> <OutPorts = 1>
ST_6 : Operation 200 [1/1] (4.17ns)   --->   "%mul_ln85_15 = mul i16 %zext_ln126_11, i16 %LENET_C1_W_0_0_4_load_cast_cast" [Lenet_RTL_test/lenet_conv1_only.cpp:85->Lenet_RTL_test/lenet_conv1_only.cpp:131]   --->   Operation 200 'mul' 'mul_ln85_15' <Predicate = (!icmp_ln118)> <Delay = 4.17> <CoreInst = "Multiplier">   --->   Core 3 'Multiplier' <Latency = 0> <II = 1> <Delay = 4.17> <FuncUnit> <Opcode : 'mul'> <InPorts = 2> <OutPorts = 1>
ST_6 : Operation 201 [1/1] (0.00ns)   --->   "%sext_ln85_7 = sext i16 %mul_ln85_15" [Lenet_RTL_test/lenet_conv1_only.cpp:85->Lenet_RTL_test/lenet_conv1_only.cpp:131]   --->   Operation 201 'sext' 'sext_ln85_7' <Predicate = (!icmp_ln118)> <Delay = 0.00>
ST_6 : Operation 202 [3/3] (1.05ns) (grouped into DSP with root node add_ln85_2)   --->   "%mul_ln85_16 = mul i16 %zext_ln126_31, i16 %LENET_C1_W_0_3_4_load_cast_cast" [Lenet_RTL_test/lenet_conv1_only.cpp:85->Lenet_RTL_test/lenet_conv1_only.cpp:131]   --->   Operation 202 'mul' 'mul_ln85_16' <Predicate = (!icmp_ln118)> <Delay = 1.05> <CoreInst = "DSP48">   --->   Core 119 'DSP48' <Latency = 3> <II = 1> <Delay = 2.15> <IPBlock> <Opcode : '<invalid operator> ' 'mul' 'add' 'sub' 'select'> <InPorts = 0> <OutPorts = 1> <Sync> <CReg>
ST_6 : Operation 203 [1/3] (0.00ns) (grouped into DSP with root node add_ln85_14)   --->   "%mul_ln85_17 = mul i15 %zext_ln126_8, i15 %LENET_C1_W_0_0_3_load_cast_cast" [Lenet_RTL_test/lenet_conv1_only.cpp:85->Lenet_RTL_test/lenet_conv1_only.cpp:131]   --->   Operation 203 'mul' 'mul_ln85_17' <Predicate = (!icmp_ln118)> <Delay = 0.00> <CoreInst = "DSP48">   --->   Core 119 'DSP48' <Latency = 3> <II = 1> <Delay = 2.15> <IPBlock> <Opcode : '<invalid operator> ' 'mul' 'add' 'sub' 'select'> <InPorts = 0> <OutPorts = 1> <Sync> <CReg>
ST_6 : Operation 204 [1/1] (0.00ns) (grouped into DSP with root node add_ln85_14)   --->   "%zext_ln85_7 = zext i15 %mul_ln85_17" [Lenet_RTL_test/lenet_conv1_only.cpp:85->Lenet_RTL_test/lenet_conv1_only.cpp:131]   --->   Operation 204 'zext' 'zext_ln85_7' <Predicate = (!icmp_ln118)> <Delay = 0.00>
ST_6 : Operation 205 [2/3] (1.05ns) (grouped into DSP with root node add_ln85_15)   --->   "%mul_ln85_22 = mul i16 %zext_ln126_5, i16 %LENET_C1_W_0_0_2_load_cast_cast" [Lenet_RTL_test/lenet_conv1_only.cpp:85->Lenet_RTL_test/lenet_conv1_only.cpp:131]   --->   Operation 205 'mul' 'mul_ln85_22' <Predicate = (!icmp_ln118)> <Delay = 1.05> <CoreInst = "DSP48">   --->   Core 119 'DSP48' <Latency = 3> <II = 1> <Delay = 2.15> <IPBlock> <Opcode : '<invalid operator> ' 'mul' 'add' 'sub' 'select'> <InPorts = 0> <OutPorts = 1> <Sync> <CReg>
ST_6 : Operation 206 [2/2] (2.10ns) (root node of the DSP)   --->   "%add_ln85_14 = add i17 %sext_ln85_7, i17 %zext_ln85_7" [Lenet_RTL_test/lenet_conv1_only.cpp:85->Lenet_RTL_test/lenet_conv1_only.cpp:131]   --->   Operation 206 'add' 'add_ln85_14' <Predicate = (!icmp_ln118)> <Delay = 2.10> <CoreInst = "DSP48">   --->   Core 119 'DSP48' <Latency = 3> <II = 1> <Delay = 2.15> <IPBlock> <Opcode : '<invalid operator> ' 'mul' 'add' 'sub' 'select'> <InPorts = 0> <OutPorts = 1> <Sync> <CReg>
ST_6 : Operation 207 [1/1] (1.78ns)   --->   "%add_ln126_3 = add i6 %zext_ln119, i6 5" [Lenet_RTL_test/lenet_conv1_only.cpp:126]   --->   Operation 207 'add' 'add_ln126_3' <Predicate = (!icmp_ln118)> <Delay = 1.78> <CoreInst = "Adder">   --->   Core 1 'Adder' <Latency = 0> <II = 1> <Delay = 1.78> <FuncUnit> <Opcode : 'add' 'sub'> <InPorts = 2> <OutPorts = 1>
ST_6 : Operation 208 [1/1] (0.00ns)   --->   "%zext_ln126_65 = zext i6 %add_ln126_3" [Lenet_RTL_test/lenet_conv1_only.cpp:126]   --->   Operation 208 'zext' 'zext_ln126_65' <Predicate = (!icmp_ln118)> <Delay = 0.00>
ST_6 : Operation 209 [1/1] (1.73ns)   --->   "%add_ln126_5 = add i10 %tmp_s, i10 %zext_ln126_65" [Lenet_RTL_test/lenet_conv1_only.cpp:126]   --->   Operation 209 'add' 'add_ln126_5' <Predicate = (!icmp_ln118)> <Delay = 1.73> <CoreInst = "Adder">   --->   Core 1 'Adder' <Latency = 0> <II = 1> <Delay = 1.73> <FuncUnit> <Opcode : 'add' 'sub'> <InPorts = 2> <OutPorts = 1>
ST_6 : Operation 210 [1/1] (0.00ns)   --->   "%zext_ln126_67 = zext i10 %add_ln126_5" [Lenet_RTL_test/lenet_conv1_only.cpp:126]   --->   Operation 210 'zext' 'zext_ln126_67' <Predicate = (!icmp_ln118)> <Delay = 0.00>
ST_6 : Operation 211 [1/1] (0.00ns)   --->   "%x_addr_26 = getelementptr i8 %x, i64 0, i64 %zext_ln126_67" [Lenet_RTL_test/lenet_conv1_only.cpp:126]   --->   Operation 211 'getelementptr' 'x_addr_26' <Predicate = (!icmp_ln118)> <Delay = 0.00>
ST_6 : Operation 212 [2/2] (3.25ns)   --->   "%x_load_26 = load i10 %x_addr_26" [Lenet_RTL_test/lenet_conv1_only.cpp:126]   --->   Operation 212 'load' 'x_load_26' <Predicate = (!icmp_ln118)> <Delay = 3.25> <CoreInst = "RAM">   --->   Core 82 'RAM' <Latency = 1> <II = 1> <Delay = 3.25> <Storage> <Opcode : 'load' 'store'> <Ports = 2> <Width = 8> <Depth = 1024> <RAM>
ST_6 : Operation 213 [3/3] (1.05ns) (grouped into DSP with root node add_ln85_33)   --->   "%mul_ln85_31 = mul i16 %zext_ln126_31, i16 %LENET_C1_W_0_3_3_load_cast_cast" [Lenet_RTL_test/lenet_conv1_only.cpp:85->Lenet_RTL_test/lenet_conv1_only.cpp:131]   --->   Operation 213 'mul' 'mul_ln85_31' <Predicate = (!icmp_ln118)> <Delay = 1.05> <CoreInst = "DSP48">   --->   Core 119 'DSP48' <Latency = 3> <II = 1> <Delay = 2.15> <IPBlock> <Opcode : '<invalid operator> ' 'mul' 'add' 'sub' 'select'> <InPorts = 0> <OutPorts = 1> <Sync> <CReg>
ST_6 : Operation 214 [2/3] (1.05ns) (grouped into DSP with root node add_ln85_38)   --->   "%mul_ln85_33 = mul i15 %zext_ln126_2, i15 %LENET_C1_W_0_0_0_load_cast_cast" [Lenet_RTL_test/lenet_conv1_only.cpp:85->Lenet_RTL_test/lenet_conv1_only.cpp:131]   --->   Operation 214 'mul' 'mul_ln85_33' <Predicate = (!icmp_ln118)> <Delay = 1.05> <CoreInst = "DSP48">   --->   Core 119 'DSP48' <Latency = 3> <II = 1> <Delay = 2.15> <IPBlock> <Opcode : '<invalid operator> ' 'mul' 'add' 'sub' 'select'> <InPorts = 0> <OutPorts = 1> <Sync> <CReg>
ST_6 : Operation 215 [1/3] (0.00ns) (grouped into DSP with root node add_ln85_37)   --->   "%mul_ln85_39 = mul i15 %zext_ln126_4, i15 %LENET_C1_W_0_0_1_load_cast_cast" [Lenet_RTL_test/lenet_conv1_only.cpp:85->Lenet_RTL_test/lenet_conv1_only.cpp:131]   --->   Operation 215 'mul' 'mul_ln85_39' <Predicate = (!icmp_ln118)> <Delay = 0.00> <CoreInst = "DSP48">   --->   Core 119 'DSP48' <Latency = 3> <II = 1> <Delay = 2.15> <IPBlock> <Opcode : '<invalid operator> ' 'mul' 'add' 'sub' 'select'> <InPorts = 0> <OutPorts = 1> <Sync> <CReg>
ST_6 : Operation 216 [1/1] (0.00ns) (grouped into DSP with root node add_ln85_37)   --->   "%zext_ln85_17 = zext i15 %mul_ln85_39" [Lenet_RTL_test/lenet_conv1_only.cpp:85->Lenet_RTL_test/lenet_conv1_only.cpp:131]   --->   Operation 216 'zext' 'zext_ln85_17' <Predicate = (!icmp_ln118)> <Delay = 0.00>
ST_6 : Operation 217 [2/3] (1.05ns) (grouped into DSP with root node add_ln85_39)   --->   "%mul_ln85_42 = mul i15 %zext_ln126_10, i15 %LENET_C1_W_0_0_3_load_cast_cast" [Lenet_RTL_test/lenet_conv1_only.cpp:85->Lenet_RTL_test/lenet_conv1_only.cpp:131]   --->   Operation 217 'mul' 'mul_ln85_42' <Predicate = (!icmp_ln118)> <Delay = 1.05> <CoreInst = "DSP48">   --->   Core 119 'DSP48' <Latency = 3> <II = 1> <Delay = 2.15> <IPBlock> <Opcode : '<invalid operator> ' 'mul' 'add' 'sub' 'select'> <InPorts = 0> <OutPorts = 1> <Sync> <CReg>
ST_6 : Operation 218 [3/3] (1.05ns) (grouped into DSP with root node add_ln85_40)   --->   "%mul_ln85_47 = mul i16 %zext_ln126_7, i16 %LENET_C1_W_0_0_2_load_cast_cast" [Lenet_RTL_test/lenet_conv1_only.cpp:85->Lenet_RTL_test/lenet_conv1_only.cpp:131]   --->   Operation 218 'mul' 'mul_ln85_47' <Predicate = (!icmp_ln118)> <Delay = 1.05> <CoreInst = "DSP48">   --->   Core 119 'DSP48' <Latency = 3> <II = 1> <Delay = 2.15> <IPBlock> <Opcode : '<invalid operator> ' 'mul' 'add' 'sub' 'select'> <InPorts = 0> <OutPorts = 1> <Sync> <CReg>
ST_6 : Operation 219 [2/2] (2.10ns) (root node of the DSP)   --->   "%add_ln85_37 = add i17 %zext_ln85_17, i17 %merge_i_cast_cast" [Lenet_RTL_test/lenet_conv1_only.cpp:85->Lenet_RTL_test/lenet_conv1_only.cpp:131]   --->   Operation 219 'add' 'add_ln85_37' <Predicate = (!icmp_ln118)> <Delay = 2.10> <CoreInst = "DSP48">   --->   Core 119 'DSP48' <Latency = 3> <II = 1> <Delay = 2.15> <IPBlock> <Opcode : '<invalid operator> ' 'mul' 'add' 'sub' 'select'> <InPorts = 0> <OutPorts = 1> <Sync> <CReg>
ST_6 : Operation 652 [1/1] (0.00ns)   --->   "%ret_ln0 = ret"   --->   Operation 652 'ret' 'ret_ln0' <Predicate = (icmp_ln118)> <Delay = 0.00>

State 7 <SV = 6> <Delay = 4.20>
ST_7 : Operation 220 [1/1] (0.00ns)   --->   "%tmp_4 = bitconcatenate i10 @_ssdm_op_BitConcatenate.i10.i5.i5, i5 %select_ln118_1, i5 %select_ln118" [Lenet_RTL_test/lenet_conv1_only.cpp:126]   --->   Operation 220 'bitconcatenate' 'tmp_4' <Predicate = (!icmp_ln118)> <Delay = 0.00>
ST_7 : Operation 221 [1/1] (0.00ns)   --->   "%zext_ln126_3 = zext i10 %tmp_4" [Lenet_RTL_test/lenet_conv1_only.cpp:126]   --->   Operation 221 'zext' 'zext_ln126_3' <Predicate = (!icmp_ln118)> <Delay = 0.00>
ST_7 : Operation 222 [1/1] (0.00ns)   --->   "%x_addr = getelementptr i8 %x, i64 0, i64 %zext_ln126_3" [Lenet_RTL_test/lenet_conv1_only.cpp:126]   --->   Operation 222 'getelementptr' 'x_addr' <Predicate = (!icmp_ln118)> <Delay = 0.00>
ST_7 : Operation 223 [1/1] (0.00ns)   --->   "%tmp_5 = bitconcatenate i10 @_ssdm_op_BitConcatenate.i10.i5.i5, i5 %select_ln118_2, i5 %select_ln118" [Lenet_RTL_test/lenet_conv1_only.cpp:126]   --->   Operation 223 'bitconcatenate' 'tmp_5' <Predicate = (!icmp_ln118)> <Delay = 0.00>
ST_7 : Operation 224 [1/1] (0.00ns)   --->   "%zext_ln126_6 = zext i10 %tmp_5" [Lenet_RTL_test/lenet_conv1_only.cpp:126]   --->   Operation 224 'zext' 'zext_ln126_6' <Predicate = (!icmp_ln118)> <Delay = 0.00>
ST_7 : Operation 225 [1/1] (0.00ns)   --->   "%x_addr_5 = getelementptr i8 %x, i64 0, i64 %zext_ln126_6" [Lenet_RTL_test/lenet_conv1_only.cpp:126]   --->   Operation 225 'getelementptr' 'x_addr_5' <Predicate = (!icmp_ln118)> <Delay = 0.00>
ST_7 : Operation 226 [2/2] (3.25ns)   --->   "%x_load = load i10 %x_addr" [Lenet_RTL_test/lenet_conv1_only.cpp:126]   --->   Operation 226 'load' 'x_load' <Predicate = (!icmp_ln118)> <Delay = 3.25> <CoreInst = "RAM">   --->   Core 82 'RAM' <Latency = 1> <II = 1> <Delay = 3.25> <Storage> <Opcode : 'load' 'store'> <Ports = 2> <Width = 8> <Depth = 1024> <RAM>
ST_7 : Operation 227 [2/2] (3.25ns)   --->   "%x_load_5 = load i10 %x_addr_5" [Lenet_RTL_test/lenet_conv1_only.cpp:126]   --->   Operation 227 'load' 'x_load_5' <Predicate = (!icmp_ln118)> <Delay = 3.25> <CoreInst = "RAM">   --->   Core 82 'RAM' <Latency = 1> <II = 1> <Delay = 3.25> <Storage> <Opcode : 'load' 'store'> <Ports = 2> <Width = 8> <Depth = 1024> <RAM>
ST_7 : Operation 228 [1/1] (0.00ns)   --->   "%zext_ln126_29 = zext i8 %x_load_17" [Lenet_RTL_test/lenet_conv1_only.cpp:126]   --->   Operation 228 'zext' 'zext_ln126_29' <Predicate = (!icmp_ln118)> <Delay = 0.00>
ST_7 : Operation 229 [1/2] (3.25ns)   --->   "%x_load_24 = load i10 %x_addr_24" [Lenet_RTL_test/lenet_conv1_only.cpp:126]   --->   Operation 229 'load' 'x_load_24' <Predicate = (!icmp_ln118)> <Delay = 3.25> <CoreInst = "RAM">   --->   Core 82 'RAM' <Latency = 1> <II = 1> <Delay = 3.25> <Storage> <Opcode : 'load' 'store'> <Ports = 2> <Width = 8> <Depth = 1024> <RAM>
ST_7 : Operation 230 [2/3] (1.05ns) (grouped into DSP with root node add_ln85_2)   --->   "%mul_ln85_16 = mul i16 %zext_ln126_31, i16 %LENET_C1_W_0_3_4_load_cast_cast" [Lenet_RTL_test/lenet_conv1_only.cpp:85->Lenet_RTL_test/lenet_conv1_only.cpp:131]   --->   Operation 230 'mul' 'mul_ln85_16' <Predicate = (!icmp_ln118)> <Delay = 1.05> <CoreInst = "DSP48">   --->   Core 119 'DSP48' <Latency = 3> <II = 1> <Delay = 2.15> <IPBlock> <Opcode : '<invalid operator> ' 'mul' 'add' 'sub' 'select'> <InPorts = 0> <OutPorts = 1> <Sync> <CReg>
ST_7 : Operation 231 [1/3] (0.00ns) (grouped into DSP with root node add_ln85_15)   --->   "%mul_ln85_22 = mul i16 %zext_ln126_5, i16 %LENET_C1_W_0_0_2_load_cast_cast" [Lenet_RTL_test/lenet_conv1_only.cpp:85->Lenet_RTL_test/lenet_conv1_only.cpp:131]   --->   Operation 231 'mul' 'mul_ln85_22' <Predicate = (!icmp_ln118)> <Delay = 0.00> <CoreInst = "DSP48">   --->   Core 119 'DSP48' <Latency = 3> <II = 1> <Delay = 2.15> <IPBlock> <Opcode : '<invalid operator> ' 'mul' 'add' 'sub' 'select'> <InPorts = 0> <OutPorts = 1> <Sync> <CReg>
ST_7 : Operation 232 [1/1] (0.00ns) (grouped into DSP with root node add_ln85_15)   --->   "%sext_ln85_11 = sext i16 %mul_ln85_22" [Lenet_RTL_test/lenet_conv1_only.cpp:85->Lenet_RTL_test/lenet_conv1_only.cpp:131]   --->   Operation 232 'sext' 'sext_ln85_11' <Predicate = (!icmp_ln118)> <Delay = 0.00>
ST_7 : Operation 233 [1/1] (4.17ns)   --->   "%mul_ln85_23 = mul i16 %zext_ln126_29, i16 %LENET_C1_W_0_3_2_load_cast_cast" [Lenet_RTL_test/lenet_conv1_only.cpp:85->Lenet_RTL_test/lenet_conv1_only.cpp:131]   --->   Operation 233 'mul' 'mul_ln85_23' <Predicate = (!icmp_ln118)> <Delay = 4.17> <CoreInst = "Multiplier">   --->   Core 3 'Multiplier' <Latency = 0> <II = 1> <Delay = 4.17> <FuncUnit> <Opcode : 'mul'> <InPorts = 2> <OutPorts = 1>
ST_7 : Operation 234 [1/2] (2.10ns) (root node of the DSP)   --->   "%add_ln85_14 = add i17 %sext_ln85_7, i17 %zext_ln85_7" [Lenet_RTL_test/lenet_conv1_only.cpp:85->Lenet_RTL_test/lenet_conv1_only.cpp:131]   --->   Operation 234 'add' 'add_ln85_14' <Predicate = (!icmp_ln118)> <Delay = 2.10> <CoreInst = "DSP48">   --->   Core 119 'DSP48' <Latency = 3> <II = 1> <Delay = 2.15> <IPBlock> <Opcode : '<invalid operator> ' 'mul' 'add' 'sub' 'select'> <InPorts = 0> <OutPorts = 1> <Sync> <CReg>
ST_7 : Operation 235 [1/1] (0.00ns)   --->   "%sext_ln85_27 = sext i17 %add_ln85_14" [Lenet_RTL_test/lenet_conv1_only.cpp:85->Lenet_RTL_test/lenet_conv1_only.cpp:131]   --->   Operation 235 'sext' 'sext_ln85_27' <Predicate = (!icmp_ln118)> <Delay = 0.00>
ST_7 : Operation 236 [2/2] (2.10ns) (root node of the DSP)   --->   "%add_ln85_15 = add i18 %sext_ln85_27, i18 %sext_ln85_11" [Lenet_RTL_test/lenet_conv1_only.cpp:85->Lenet_RTL_test/lenet_conv1_only.cpp:131]   --->   Operation 236 'add' 'add_ln85_15' <Predicate = (!icmp_ln118)> <Delay = 2.10> <CoreInst = "DSP48">   --->   Core 119 'DSP48' <Latency = 3> <II = 1> <Delay = 2.15> <IPBlock> <Opcode : '<invalid operator> ' 'mul' 'add' 'sub' 'select'> <InPorts = 0> <OutPorts = 1> <Sync> <CReg>
ST_7 : Operation 237 [1/2] (3.25ns)   --->   "%x_load_26 = load i10 %x_addr_26" [Lenet_RTL_test/lenet_conv1_only.cpp:126]   --->   Operation 237 'load' 'x_load_26' <Predicate = (!icmp_ln118)> <Delay = 3.25> <CoreInst = "RAM">   --->   Core 82 'RAM' <Latency = 1> <II = 1> <Delay = 3.25> <Storage> <Opcode : 'load' 'store'> <Ports = 2> <Width = 8> <Depth = 1024> <RAM>
ST_7 : Operation 238 [2/3] (1.05ns) (grouped into DSP with root node add_ln85_33)   --->   "%mul_ln85_31 = mul i16 %zext_ln126_31, i16 %LENET_C1_W_0_3_3_load_cast_cast" [Lenet_RTL_test/lenet_conv1_only.cpp:85->Lenet_RTL_test/lenet_conv1_only.cpp:131]   --->   Operation 238 'mul' 'mul_ln85_31' <Predicate = (!icmp_ln118)> <Delay = 1.05> <CoreInst = "DSP48">   --->   Core 119 'DSP48' <Latency = 3> <II = 1> <Delay = 2.15> <IPBlock> <Opcode : '<invalid operator> ' 'mul' 'add' 'sub' 'select'> <InPorts = 0> <OutPorts = 1> <Sync> <CReg>
ST_7 : Operation 239 [1/3] (0.00ns) (grouped into DSP with root node add_ln85_38)   --->   "%mul_ln85_33 = mul i15 %zext_ln126_2, i15 %LENET_C1_W_0_0_0_load_cast_cast" [Lenet_RTL_test/lenet_conv1_only.cpp:85->Lenet_RTL_test/lenet_conv1_only.cpp:131]   --->   Operation 239 'mul' 'mul_ln85_33' <Predicate = (!icmp_ln118)> <Delay = 0.00> <CoreInst = "DSP48">   --->   Core 119 'DSP48' <Latency = 3> <II = 1> <Delay = 2.15> <IPBlock> <Opcode : '<invalid operator> ' 'mul' 'add' 'sub' 'select'> <InPorts = 0> <OutPorts = 1> <Sync> <CReg>
ST_7 : Operation 240 [1/1] (0.00ns) (grouped into DSP with root node add_ln85_38)   --->   "%zext_ln85_14 = zext i15 %mul_ln85_33" [Lenet_RTL_test/lenet_conv1_only.cpp:85->Lenet_RTL_test/lenet_conv1_only.cpp:131]   --->   Operation 240 'zext' 'zext_ln85_14' <Predicate = (!icmp_ln118)> <Delay = 0.00>
ST_7 : Operation 241 [1/1] (0.00ns)   --->   "%zext_ln85_16 = zext i15 %mul_ln85_37" [Lenet_RTL_test/lenet_conv1_only.cpp:85->Lenet_RTL_test/lenet_conv1_only.cpp:131]   --->   Operation 241 'zext' 'zext_ln85_16' <Predicate = (!icmp_ln118)> <Delay = 0.00>
ST_7 : Operation 242 [1/3] (0.00ns) (grouped into DSP with root node add_ln85_39)   --->   "%mul_ln85_42 = mul i15 %zext_ln126_10, i15 %LENET_C1_W_0_0_3_load_cast_cast" [Lenet_RTL_test/lenet_conv1_only.cpp:85->Lenet_RTL_test/lenet_conv1_only.cpp:131]   --->   Operation 242 'mul' 'mul_ln85_42' <Predicate = (!icmp_ln118)> <Delay = 0.00> <CoreInst = "DSP48">   --->   Core 119 'DSP48' <Latency = 3> <II = 1> <Delay = 2.15> <IPBlock> <Opcode : '<invalid operator> ' 'mul' 'add' 'sub' 'select'> <InPorts = 0> <OutPorts = 1> <Sync> <CReg>
ST_7 : Operation 243 [1/1] (0.00ns) (grouped into DSP with root node add_ln85_39)   --->   "%zext_ln85_18 = zext i15 %mul_ln85_42" [Lenet_RTL_test/lenet_conv1_only.cpp:85->Lenet_RTL_test/lenet_conv1_only.cpp:131]   --->   Operation 243 'zext' 'zext_ln85_18' <Predicate = (!icmp_ln118)> <Delay = 0.00>
ST_7 : Operation 244 [2/3] (1.05ns) (grouped into DSP with root node add_ln85_40)   --->   "%mul_ln85_47 = mul i16 %zext_ln126_7, i16 %LENET_C1_W_0_0_2_load_cast_cast" [Lenet_RTL_test/lenet_conv1_only.cpp:85->Lenet_RTL_test/lenet_conv1_only.cpp:131]   --->   Operation 244 'mul' 'mul_ln85_47' <Predicate = (!icmp_ln118)> <Delay = 1.05> <CoreInst = "DSP48">   --->   Core 119 'DSP48' <Latency = 3> <II = 1> <Delay = 2.15> <IPBlock> <Opcode : '<invalid operator> ' 'mul' 'add' 'sub' 'select'> <InPorts = 0> <OutPorts = 1> <Sync> <CReg>
ST_7 : Operation 245 [1/2] (2.10ns) (root node of the DSP)   --->   "%add_ln85_37 = add i17 %zext_ln85_17, i17 %merge_i_cast_cast" [Lenet_RTL_test/lenet_conv1_only.cpp:85->Lenet_RTL_test/lenet_conv1_only.cpp:131]   --->   Operation 245 'add' 'add_ln85_37' <Predicate = (!icmp_ln118)> <Delay = 2.10> <CoreInst = "DSP48">   --->   Core 119 'DSP48' <Latency = 3> <II = 1> <Delay = 2.15> <IPBlock> <Opcode : '<invalid operator> ' 'mul' 'add' 'sub' 'select'> <InPorts = 0> <OutPorts = 1> <Sync> <CReg>
ST_7 : Operation 246 [1/1] (0.00ns)   --->   "%sext_ln85_61 = sext i17 %add_ln85_37" [Lenet_RTL_test/lenet_conv1_only.cpp:85->Lenet_RTL_test/lenet_conv1_only.cpp:131]   --->   Operation 246 'sext' 'sext_ln85_61' <Predicate = (!icmp_ln118)> <Delay = 0.00>
ST_7 : Operation 247 [2/2] (2.10ns) (root node of the DSP)   --->   "%add_ln85_38 = add i18 %sext_ln85_61, i18 %zext_ln85_14" [Lenet_RTL_test/lenet_conv1_only.cpp:85->Lenet_RTL_test/lenet_conv1_only.cpp:131]   --->   Operation 247 'add' 'add_ln85_38' <Predicate = (!icmp_ln118)> <Delay = 2.10> <CoreInst = "DSP48">   --->   Core 119 'DSP48' <Latency = 3> <II = 1> <Delay = 2.15> <IPBlock> <Opcode : '<invalid operator> ' 'mul' 'add' 'sub' 'select'> <InPorts = 0> <OutPorts = 1> <Sync> <CReg>
ST_7 : Operation 248 [2/2] (2.10ns) (root node of the DSP)   --->   "%add_ln85_39 = add i16 %zext_ln85_16, i16 %zext_ln85_18" [Lenet_RTL_test/lenet_conv1_only.cpp:85->Lenet_RTL_test/lenet_conv1_only.cpp:131]   --->   Operation 248 'add' 'add_ln85_39' <Predicate = (!icmp_ln118)> <Delay = 2.10> <CoreInst = "DSP48">   --->   Core 119 'DSP48' <Latency = 3> <II = 1> <Delay = 2.15> <IPBlock> <Opcode : '<invalid operator> ' 'mul' 'add' 'sub' 'select'> <InPorts = 0> <OutPorts = 1> <Sync> <CReg>

State 8 <SV = 7> <Delay = 4.30>
ST_8 : Operation 249 [1/1] (0.00ns)   --->   "%tmp_6 = bitconcatenate i10 @_ssdm_op_BitConcatenate.i10.i5.i5, i5 %add_ln118, i5 %select_ln118" [Lenet_RTL_test/lenet_conv1_only.cpp:126]   --->   Operation 249 'bitconcatenate' 'tmp_6' <Predicate = (!icmp_ln118)> <Delay = 0.00>
ST_8 : Operation 250 [1/1] (0.00ns)   --->   "%zext_ln126_9 = zext i10 %tmp_6" [Lenet_RTL_test/lenet_conv1_only.cpp:126]   --->   Operation 250 'zext' 'zext_ln126_9' <Predicate = (!icmp_ln118)> <Delay = 0.00>
ST_8 : Operation 251 [1/1] (0.00ns)   --->   "%x_addr_10 = getelementptr i8 %x, i64 0, i64 %zext_ln126_9" [Lenet_RTL_test/lenet_conv1_only.cpp:126]   --->   Operation 251 'getelementptr' 'x_addr_10' <Predicate = (!icmp_ln118)> <Delay = 0.00>
ST_8 : Operation 252 [1/1] (0.00ns)   --->   "%tmp_8 = bitconcatenate i10 @_ssdm_op_BitConcatenate.i10.i5.i5, i5 %add_ln118_1, i5 %select_ln118" [Lenet_RTL_test/lenet_conv1_only.cpp:126]   --->   Operation 252 'bitconcatenate' 'tmp_8' <Predicate = (!icmp_ln118)> <Delay = 0.00>
ST_8 : Operation 253 [1/1] (0.00ns)   --->   "%zext_ln126_38 = zext i10 %tmp_8" [Lenet_RTL_test/lenet_conv1_only.cpp:126]   --->   Operation 253 'zext' 'zext_ln126_38' <Predicate = (!icmp_ln118)> <Delay = 0.00>
ST_8 : Operation 254 [1/1] (0.00ns)   --->   "%x_addr_15 = getelementptr i8 %x, i64 0, i64 %zext_ln126_38" [Lenet_RTL_test/lenet_conv1_only.cpp:126]   --->   Operation 254 'getelementptr' 'x_addr_15' <Predicate = (!icmp_ln118)> <Delay = 0.00>
ST_8 : Operation 255 [1/2] (3.25ns)   --->   "%x_load = load i10 %x_addr" [Lenet_RTL_test/lenet_conv1_only.cpp:126]   --->   Operation 255 'load' 'x_load' <Predicate = (!icmp_ln118)> <Delay = 3.25> <CoreInst = "RAM">   --->   Core 82 'RAM' <Latency = 1> <II = 1> <Delay = 3.25> <Storage> <Opcode : 'load' 'store'> <Ports = 2> <Width = 8> <Depth = 1024> <RAM>
ST_8 : Operation 256 [1/1] (0.00ns)   --->   "%zext_ln126 = zext i8 %x_load" [Lenet_RTL_test/lenet_conv1_only.cpp:126]   --->   Operation 256 'zext' 'zext_ln126' <Predicate = (!icmp_ln118)> <Delay = 0.00>
ST_8 : Operation 257 [1/2] (3.25ns)   --->   "%x_load_5 = load i10 %x_addr_5" [Lenet_RTL_test/lenet_conv1_only.cpp:126]   --->   Operation 257 'load' 'x_load_5' <Predicate = (!icmp_ln118)> <Delay = 3.25> <CoreInst = "RAM">   --->   Core 82 'RAM' <Latency = 1> <II = 1> <Delay = 3.25> <Storage> <Opcode : 'load' 'store'> <Ports = 2> <Width = 8> <Depth = 1024> <RAM>
ST_8 : Operation 258 [2/2] (3.25ns)   --->   "%x_load_10 = load i10 %x_addr_10" [Lenet_RTL_test/lenet_conv1_only.cpp:126]   --->   Operation 258 'load' 'x_load_10' <Predicate = (!icmp_ln118)> <Delay = 3.25> <CoreInst = "RAM">   --->   Core 82 'RAM' <Latency = 1> <II = 1> <Delay = 3.25> <Storage> <Opcode : 'load' 'store'> <Ports = 2> <Width = 8> <Depth = 1024> <RAM>
ST_8 : Operation 259 [2/2] (3.25ns)   --->   "%x_load_15 = load i10 %x_addr_15" [Lenet_RTL_test/lenet_conv1_only.cpp:126]   --->   Operation 259 'load' 'x_load_15' <Predicate = (!icmp_ln118)> <Delay = 3.25> <CoreInst = "RAM">   --->   Core 82 'RAM' <Latency = 1> <II = 1> <Delay = 3.25> <Storage> <Opcode : 'load' 'store'> <Ports = 2> <Width = 8> <Depth = 1024> <RAM>
ST_8 : Operation 260 [3/3] (1.05ns) (grouped into DSP with root node add_ln85_13)   --->   "%mul_ln85_8 = mul i15 %zext_ln126, i15 %LENET_C1_W_0_0_0_load_cast_cast" [Lenet_RTL_test/lenet_conv1_only.cpp:85->Lenet_RTL_test/lenet_conv1_only.cpp:131]   --->   Operation 260 'mul' 'mul_ln85_8' <Predicate = (!icmp_ln118)> <Delay = 1.05> <CoreInst = "DSP48">   --->   Core 119 'DSP48' <Latency = 3> <II = 1> <Delay = 2.15> <IPBlock> <Opcode : '<invalid operator> ' 'mul' 'add' 'sub' 'select'> <InPorts = 0> <OutPorts = 1> <Sync> <CReg>
ST_8 : Operation 261 [1/3] (0.00ns) (grouped into DSP with root node add_ln85_2)   --->   "%mul_ln85_16 = mul i16 %zext_ln126_31, i16 %LENET_C1_W_0_3_4_load_cast_cast" [Lenet_RTL_test/lenet_conv1_only.cpp:85->Lenet_RTL_test/lenet_conv1_only.cpp:131]   --->   Operation 261 'mul' 'mul_ln85_16' <Predicate = (!icmp_ln118)> <Delay = 0.00> <CoreInst = "DSP48">   --->   Core 119 'DSP48' <Latency = 3> <II = 1> <Delay = 2.15> <IPBlock> <Opcode : '<invalid operator> ' 'mul' 'add' 'sub' 'select'> <InPorts = 0> <OutPorts = 1> <Sync> <CReg>
ST_8 : Operation 262 [1/1] (0.00ns) (grouped into DSP with root node add_ln85_2)   --->   "%sext_ln85_8 = sext i16 %mul_ln85_16" [Lenet_RTL_test/lenet_conv1_only.cpp:85->Lenet_RTL_test/lenet_conv1_only.cpp:131]   --->   Operation 262 'sext' 'sext_ln85_8' <Predicate = (!icmp_ln118)> <Delay = 0.00>
ST_8 : Operation 263 [1/1] (0.00ns)   --->   "%sext_ln85_12 = sext i16 %mul_ln85_23" [Lenet_RTL_test/lenet_conv1_only.cpp:85->Lenet_RTL_test/lenet_conv1_only.cpp:131]   --->   Operation 263 'sext' 'sext_ln85_12' <Predicate = (!icmp_ln118)> <Delay = 0.00>
ST_8 : Operation 264 [2/2] (2.10ns) (root node of the DSP)   --->   "%add_ln85_2 = add i17 %sext_ln85_12, i17 %sext_ln85_8" [Lenet_RTL_test/lenet_conv1_only.cpp:85->Lenet_RTL_test/lenet_conv1_only.cpp:131]   --->   Operation 264 'add' 'add_ln85_2' <Predicate = (!icmp_ln118)> <Delay = 2.10> <CoreInst = "DSP48">   --->   Core 119 'DSP48' <Latency = 3> <II = 1> <Delay = 2.15> <IPBlock> <Opcode : '<invalid operator> ' 'mul' 'add' 'sub' 'select'> <InPorts = 0> <OutPorts = 1> <Sync> <CReg>
ST_8 : Operation 265 [1/2] (2.10ns) (root node of the DSP)   --->   "%add_ln85_15 = add i18 %sext_ln85_27, i18 %sext_ln85_11" [Lenet_RTL_test/lenet_conv1_only.cpp:85->Lenet_RTL_test/lenet_conv1_only.cpp:131]   --->   Operation 265 'add' 'add_ln85_15' <Predicate = (!icmp_ln118)> <Delay = 2.10> <CoreInst = "DSP48">   --->   Core 119 'DSP48' <Latency = 3> <II = 1> <Delay = 2.15> <IPBlock> <Opcode : '<invalid operator> ' 'mul' 'add' 'sub' 'select'> <InPorts = 0> <OutPorts = 1> <Sync> <CReg>
ST_8 : Operation 266 [1/1] (0.00ns)   --->   "%sext_ln85_36 = sext i16 %mul_ln85_25" [Lenet_RTL_test/lenet_conv1_only.cpp:85->Lenet_RTL_test/lenet_conv1_only.cpp:131]   --->   Operation 266 'sext' 'sext_ln85_36' <Predicate = (!icmp_ln118)> <Delay = 0.00>
ST_8 : Operation 267 [1/3] (0.00ns) (grouped into DSP with root node add_ln85_33)   --->   "%mul_ln85_31 = mul i16 %zext_ln126_31, i16 %LENET_C1_W_0_3_3_load_cast_cast" [Lenet_RTL_test/lenet_conv1_only.cpp:85->Lenet_RTL_test/lenet_conv1_only.cpp:131]   --->   Operation 267 'mul' 'mul_ln85_31' <Predicate = (!icmp_ln118)> <Delay = 0.00> <CoreInst = "DSP48">   --->   Core 119 'DSP48' <Latency = 3> <II = 1> <Delay = 2.15> <IPBlock> <Opcode : '<invalid operator> ' 'mul' 'add' 'sub' 'select'> <InPorts = 0> <OutPorts = 1> <Sync> <CReg>
ST_8 : Operation 268 [1/1] (0.00ns) (grouped into DSP with root node add_ln85_33)   --->   "%sext_ln85_41 = sext i16 %mul_ln85_31" [Lenet_RTL_test/lenet_conv1_only.cpp:85->Lenet_RTL_test/lenet_conv1_only.cpp:131]   --->   Operation 268 'sext' 'sext_ln85_41' <Predicate = (!icmp_ln118)> <Delay = 0.00>
ST_8 : Operation 269 [1/3] (0.00ns) (grouped into DSP with root node add_ln85_40)   --->   "%mul_ln85_47 = mul i16 %zext_ln126_7, i16 %LENET_C1_W_0_0_2_load_cast_cast" [Lenet_RTL_test/lenet_conv1_only.cpp:85->Lenet_RTL_test/lenet_conv1_only.cpp:131]   --->   Operation 269 'mul' 'mul_ln85_47' <Predicate = (!icmp_ln118)> <Delay = 0.00> <CoreInst = "DSP48">   --->   Core 119 'DSP48' <Latency = 3> <II = 1> <Delay = 2.15> <IPBlock> <Opcode : '<invalid operator> ' 'mul' 'add' 'sub' 'select'> <InPorts = 0> <OutPorts = 1> <Sync> <CReg>
ST_8 : Operation 270 [1/1] (0.00ns) (grouped into DSP with root node add_ln85_40)   --->   "%sext_ln85_47 = sext i16 %mul_ln85_47" [Lenet_RTL_test/lenet_conv1_only.cpp:85->Lenet_RTL_test/lenet_conv1_only.cpp:131]   --->   Operation 270 'sext' 'sext_ln85_47' <Predicate = (!icmp_ln118)> <Delay = 0.00>
ST_8 : Operation 271 [2/2] (2.10ns) (root node of the DSP)   --->   "%add_ln85_33 = add i17 %sext_ln85_36, i17 %sext_ln85_41" [Lenet_RTL_test/lenet_conv1_only.cpp:85->Lenet_RTL_test/lenet_conv1_only.cpp:131]   --->   Operation 271 'add' 'add_ln85_33' <Predicate = (!icmp_ln118)> <Delay = 2.10> <CoreInst = "DSP48">   --->   Core 119 'DSP48' <Latency = 3> <II = 1> <Delay = 2.15> <IPBlock> <Opcode : '<invalid operator> ' 'mul' 'add' 'sub' 'select'> <InPorts = 0> <OutPorts = 1> <Sync> <CReg>
ST_8 : Operation 272 [1/2] (2.10ns) (root node of the DSP)   --->   "%add_ln85_38 = add i18 %sext_ln85_61, i18 %zext_ln85_14" [Lenet_RTL_test/lenet_conv1_only.cpp:85->Lenet_RTL_test/lenet_conv1_only.cpp:131]   --->   Operation 272 'add' 'add_ln85_38' <Predicate = (!icmp_ln118)> <Delay = 2.10> <CoreInst = "DSP48">   --->   Core 119 'DSP48' <Latency = 3> <II = 1> <Delay = 2.15> <IPBlock> <Opcode : '<invalid operator> ' 'mul' 'add' 'sub' 'select'> <InPorts = 0> <OutPorts = 1> <Sync> <CReg>
ST_8 : Operation 273 [1/2] (2.10ns) (root node of the DSP)   --->   "%add_ln85_39 = add i16 %zext_ln85_16, i16 %zext_ln85_18" [Lenet_RTL_test/lenet_conv1_only.cpp:85->Lenet_RTL_test/lenet_conv1_only.cpp:131]   --->   Operation 273 'add' 'add_ln85_39' <Predicate = (!icmp_ln118)> <Delay = 2.10> <CoreInst = "DSP48">   --->   Core 119 'DSP48' <Latency = 3> <II = 1> <Delay = 2.15> <IPBlock> <Opcode : '<invalid operator> ' 'mul' 'add' 'sub' 'select'> <InPorts = 0> <OutPorts = 1> <Sync> <CReg>
ST_8 : Operation 274 [1/1] (0.00ns)   --->   "%zext_ln85_21 = zext i16 %add_ln85_39" [Lenet_RTL_test/lenet_conv1_only.cpp:85->Lenet_RTL_test/lenet_conv1_only.cpp:131]   --->   Operation 274 'zext' 'zext_ln85_21' <Predicate = (!icmp_ln118)> <Delay = 0.00>
ST_8 : Operation 275 [2/2] (2.10ns) (root node of the DSP)   --->   "%add_ln85_40 = add i17 %zext_ln85_21, i17 %sext_ln85_47" [Lenet_RTL_test/lenet_conv1_only.cpp:85->Lenet_RTL_test/lenet_conv1_only.cpp:131]   --->   Operation 275 'add' 'add_ln85_40' <Predicate = (!icmp_ln118)> <Delay = 2.10> <CoreInst = "DSP48">   --->   Core 119 'DSP48' <Latency = 3> <II = 1> <Delay = 2.15> <IPBlock> <Opcode : '<invalid operator> ' 'mul' 'add' 'sub' 'select'> <InPorts = 0> <OutPorts = 1> <Sync> <CReg>

State 9 <SV = 8> <Delay = 4.30>
ST_9 : Operation 276 [1/1] (0.00ns)   --->   "%tmp_9 = bitconcatenate i10 @_ssdm_op_BitConcatenate.i10.i5.i5, i5 %add_ln118_2, i5 %select_ln118" [Lenet_RTL_test/lenet_conv1_only.cpp:126]   --->   Operation 276 'bitconcatenate' 'tmp_9' <Predicate = (!icmp_ln118)> <Delay = 0.00>
ST_9 : Operation 277 [1/1] (0.00ns)   --->   "%zext_ln126_43 = zext i10 %tmp_9" [Lenet_RTL_test/lenet_conv1_only.cpp:126]   --->   Operation 277 'zext' 'zext_ln126_43' <Predicate = (!icmp_ln118)> <Delay = 0.00>
ST_9 : Operation 278 [1/1] (0.00ns)   --->   "%x_addr_20 = getelementptr i8 %x, i64 0, i64 %zext_ln126_43" [Lenet_RTL_test/lenet_conv1_only.cpp:126]   --->   Operation 278 'getelementptr' 'x_addr_20' <Predicate = (!icmp_ln118)> <Delay = 0.00>
ST_9 : Operation 279 [1/1] (0.00ns)   --->   "%tmp_13 = bitconcatenate i10 @_ssdm_op_BitConcatenate.i10.i5.i5, i5 %add_ln118_1, i5 %or_ln126" [Lenet_RTL_test/lenet_conv1_only.cpp:126]   --->   Operation 279 'bitconcatenate' 'tmp_13' <Predicate = (!icmp_ln118)> <Delay = 0.00>
ST_9 : Operation 280 [1/1] (0.00ns)   --->   "%zext_ln126_48 = zext i10 %tmp_13" [Lenet_RTL_test/lenet_conv1_only.cpp:126]   --->   Operation 280 'zext' 'zext_ln126_48' <Predicate = (!icmp_ln118)> <Delay = 0.00>
ST_9 : Operation 281 [1/1] (0.00ns)   --->   "%x_addr_16 = getelementptr i8 %x, i64 0, i64 %zext_ln126_48" [Lenet_RTL_test/lenet_conv1_only.cpp:126]   --->   Operation 281 'getelementptr' 'x_addr_16' <Predicate = (!icmp_ln118)> <Delay = 0.00>
ST_9 : Operation 282 [1/2] (3.25ns)   --->   "%x_load_10 = load i10 %x_addr_10" [Lenet_RTL_test/lenet_conv1_only.cpp:126]   --->   Operation 282 'load' 'x_load_10' <Predicate = (!icmp_ln118)> <Delay = 3.25> <CoreInst = "RAM">   --->   Core 82 'RAM' <Latency = 1> <II = 1> <Delay = 3.25> <Storage> <Opcode : 'load' 'store'> <Ports = 2> <Width = 8> <Depth = 1024> <RAM>
ST_9 : Operation 283 [1/1] (0.00ns)   --->   "%zext_ln126_20 = zext i8 %x_load_10" [Lenet_RTL_test/lenet_conv1_only.cpp:126]   --->   Operation 283 'zext' 'zext_ln126_20' <Predicate = (!icmp_ln118)> <Delay = 0.00>
ST_9 : Operation 284 [1/2] (3.25ns)   --->   "%x_load_15 = load i10 %x_addr_15" [Lenet_RTL_test/lenet_conv1_only.cpp:126]   --->   Operation 284 'load' 'x_load_15' <Predicate = (!icmp_ln118)> <Delay = 3.25> <CoreInst = "RAM">   --->   Core 82 'RAM' <Latency = 1> <II = 1> <Delay = 3.25> <Storage> <Opcode : 'load' 'store'> <Ports = 2> <Width = 8> <Depth = 1024> <RAM>
ST_9 : Operation 285 [1/1] (0.00ns)   --->   "%zext_ln126_26 = zext i8 %x_load_15" [Lenet_RTL_test/lenet_conv1_only.cpp:126]   --->   Operation 285 'zext' 'zext_ln126_26' <Predicate = (!icmp_ln118)> <Delay = 0.00>
ST_9 : Operation 286 [2/2] (3.25ns)   --->   "%x_load_16 = load i10 %x_addr_16" [Lenet_RTL_test/lenet_conv1_only.cpp:126]   --->   Operation 286 'load' 'x_load_16' <Predicate = (!icmp_ln118)> <Delay = 3.25> <CoreInst = "RAM">   --->   Core 82 'RAM' <Latency = 1> <II = 1> <Delay = 3.25> <Storage> <Opcode : 'load' 'store'> <Ports = 2> <Width = 8> <Depth = 1024> <RAM>
ST_9 : Operation 287 [2/2] (3.25ns)   --->   "%x_load_20 = load i10 %x_addr_20" [Lenet_RTL_test/lenet_conv1_only.cpp:126]   --->   Operation 287 'load' 'x_load_20' <Predicate = (!icmp_ln118)> <Delay = 3.25> <CoreInst = "RAM">   --->   Core 82 'RAM' <Latency = 1> <II = 1> <Delay = 3.25> <Storage> <Opcode : 'load' 'store'> <Ports = 2> <Width = 8> <Depth = 1024> <RAM>
ST_9 : Operation 288 [2/3] (1.05ns) (grouped into DSP with root node add_ln85_13)   --->   "%mul_ln85_8 = mul i15 %zext_ln126, i15 %LENET_C1_W_0_0_0_load_cast_cast" [Lenet_RTL_test/lenet_conv1_only.cpp:85->Lenet_RTL_test/lenet_conv1_only.cpp:131]   --->   Operation 288 'mul' 'mul_ln85_8' <Predicate = (!icmp_ln118)> <Delay = 1.05> <CoreInst = "DSP48">   --->   Core 119 'DSP48' <Latency = 3> <II = 1> <Delay = 2.15> <IPBlock> <Opcode : '<invalid operator> ' 'mul' 'add' 'sub' 'select'> <InPorts = 0> <OutPorts = 1> <Sync> <CReg>
ST_9 : Operation 289 [3/3] (1.05ns) (grouped into DSP with root node add_ln85_19)   --->   "%mul_ln85_18 = mul i15 %zext_ln126_20, i15 %LENET_C1_W_0_2_0_load_cast_cast" [Lenet_RTL_test/lenet_conv1_only.cpp:85->Lenet_RTL_test/lenet_conv1_only.cpp:131]   --->   Operation 289 'mul' 'mul_ln85_18' <Predicate = (!icmp_ln118)> <Delay = 1.05> <CoreInst = "DSP48">   --->   Core 119 'DSP48' <Latency = 3> <II = 1> <Delay = 2.15> <IPBlock> <Opcode : '<invalid operator> ' 'mul' 'add' 'sub' 'select'> <InPorts = 0> <OutPorts = 1> <Sync> <CReg>
ST_9 : Operation 290 [3/3] (1.05ns) (grouped into DSP with root node add_ln85_8)   --->   "%mul_ln85_19 = mul i15 %zext_ln126_26, i15 %LENET_C1_W_0_3_0_load_cast_cast" [Lenet_RTL_test/lenet_conv1_only.cpp:85->Lenet_RTL_test/lenet_conv1_only.cpp:131]   --->   Operation 290 'mul' 'mul_ln85_19' <Predicate = (!icmp_ln118)> <Delay = 1.05> <CoreInst = "DSP48">   --->   Core 119 'DSP48' <Latency = 3> <II = 1> <Delay = 2.15> <IPBlock> <Opcode : '<invalid operator> ' 'mul' 'add' 'sub' 'select'> <InPorts = 0> <OutPorts = 1> <Sync> <CReg>
ST_9 : Operation 291 [1/2] (2.10ns) (root node of the DSP)   --->   "%add_ln85_2 = add i17 %sext_ln85_12, i17 %sext_ln85_8" [Lenet_RTL_test/lenet_conv1_only.cpp:85->Lenet_RTL_test/lenet_conv1_only.cpp:131]   --->   Operation 291 'add' 'add_ln85_2' <Predicate = (!icmp_ln118)> <Delay = 2.10> <CoreInst = "DSP48">   --->   Core 119 'DSP48' <Latency = 3> <II = 1> <Delay = 2.15> <IPBlock> <Opcode : '<invalid operator> ' 'mul' 'add' 'sub' 'select'> <InPorts = 0> <OutPorts = 1> <Sync> <CReg>
ST_9 : Operation 292 [1/2] (2.10ns) (root node of the DSP)   --->   "%add_ln85_33 = add i17 %sext_ln85_36, i17 %sext_ln85_41" [Lenet_RTL_test/lenet_conv1_only.cpp:85->Lenet_RTL_test/lenet_conv1_only.cpp:131]   --->   Operation 292 'add' 'add_ln85_33' <Predicate = (!icmp_ln118)> <Delay = 2.10> <CoreInst = "DSP48">   --->   Core 119 'DSP48' <Latency = 3> <II = 1> <Delay = 2.15> <IPBlock> <Opcode : '<invalid operator> ' 'mul' 'add' 'sub' 'select'> <InPorts = 0> <OutPorts = 1> <Sync> <CReg>
ST_9 : Operation 293 [1/1] (0.00ns)   --->   "%sext_ln85_62 = sext i18 %add_ln85_38" [Lenet_RTL_test/lenet_conv1_only.cpp:85->Lenet_RTL_test/lenet_conv1_only.cpp:131]   --->   Operation 293 'sext' 'sext_ln85_62' <Predicate = (!icmp_ln118)> <Delay = 0.00>
ST_9 : Operation 294 [1/2] (2.10ns) (root node of the DSP)   --->   "%add_ln85_40 = add i17 %zext_ln85_21, i17 %sext_ln85_47" [Lenet_RTL_test/lenet_conv1_only.cpp:85->Lenet_RTL_test/lenet_conv1_only.cpp:131]   --->   Operation 294 'add' 'add_ln85_40' <Predicate = (!icmp_ln118)> <Delay = 2.10> <CoreInst = "DSP48">   --->   Core 119 'DSP48' <Latency = 3> <II = 1> <Delay = 2.15> <IPBlock> <Opcode : '<invalid operator> ' 'mul' 'add' 'sub' 'select'> <InPorts = 0> <OutPorts = 1> <Sync> <CReg>
ST_9 : Operation 295 [1/1] (0.00ns)   --->   "%sext_ln85_63 = sext i17 %add_ln85_40" [Lenet_RTL_test/lenet_conv1_only.cpp:85->Lenet_RTL_test/lenet_conv1_only.cpp:131]   --->   Operation 295 'sext' 'sext_ln85_63' <Predicate = (!icmp_ln118)> <Delay = 0.00>
ST_9 : Operation 296 [1/1] (2.13ns)   --->   "%add_ln85_41 = add i19 %sext_ln85_63, i19 %sext_ln85_62" [Lenet_RTL_test/lenet_conv1_only.cpp:85->Lenet_RTL_test/lenet_conv1_only.cpp:131]   --->   Operation 296 'add' 'add_ln85_41' <Predicate = (!icmp_ln118)> <Delay = 2.13> <CoreInst = "Adder">   --->   Core 1 'Adder' <Latency = 0> <II = 1> <Delay = 2.13> <FuncUnit> <Opcode : 'add' 'sub'> <InPorts = 2> <OutPorts = 1>

State 10 <SV = 9> <Delay = 4.30>
ST_10 : Operation 297 [1/1] (0.00ns)   --->   "%tmp_16 = bitconcatenate i10 @_ssdm_op_BitConcatenate.i10.i5.i5, i5 %select_ln118_2, i5 %add_ln126" [Lenet_RTL_test/lenet_conv1_only.cpp:126]   --->   Operation 297 'bitconcatenate' 'tmp_16' <Predicate = (!icmp_ln118)> <Delay = 0.00>
ST_10 : Operation 298 [1/1] (0.00ns)   --->   "%zext_ln126_51 = zext i10 %tmp_16" [Lenet_RTL_test/lenet_conv1_only.cpp:126]   --->   Operation 298 'zext' 'zext_ln126_51' <Predicate = (!icmp_ln118)> <Delay = 0.00>
ST_10 : Operation 299 [1/1] (0.00ns)   --->   "%x_addr_7 = getelementptr i8 %x, i64 0, i64 %zext_ln126_51" [Lenet_RTL_test/lenet_conv1_only.cpp:126]   --->   Operation 299 'getelementptr' 'x_addr_7' <Predicate = (!icmp_ln118)> <Delay = 0.00>
ST_10 : Operation 300 [1/1] (0.00ns)   --->   "%tmp_26 = bitconcatenate i10 @_ssdm_op_BitConcatenate.i10.i5.i5, i5 %select_ln118_2, i5 %add_ln126_2" [Lenet_RTL_test/lenet_conv1_only.cpp:126]   --->   Operation 300 'bitconcatenate' 'tmp_26' <Predicate = (!icmp_ln118)> <Delay = 0.00>
ST_10 : Operation 301 [1/1] (0.00ns)   --->   "%zext_ln126_61 = zext i10 %tmp_26" [Lenet_RTL_test/lenet_conv1_only.cpp:126]   --->   Operation 301 'zext' 'zext_ln126_61' <Predicate = (!icmp_ln118)> <Delay = 0.00>
ST_10 : Operation 302 [1/1] (0.00ns)   --->   "%x_addr_9 = getelementptr i8 %x, i64 0, i64 %zext_ln126_61" [Lenet_RTL_test/lenet_conv1_only.cpp:126]   --->   Operation 302 'getelementptr' 'x_addr_9' <Predicate = (!icmp_ln118)> <Delay = 0.00>
ST_10 : Operation 303 [1/1] (0.00ns)   --->   "%zext_ln126_14 = zext i8 %x_load_6" [Lenet_RTL_test/lenet_conv1_only.cpp:126]   --->   Operation 303 'zext' 'zext_ln126_14' <Predicate = (!icmp_ln118)> <Delay = 0.00>
ST_10 : Operation 304 [2/2] (3.25ns)   --->   "%x_load_7 = load i10 %x_addr_7" [Lenet_RTL_test/lenet_conv1_only.cpp:126]   --->   Operation 304 'load' 'x_load_7' <Predicate = (!icmp_ln118)> <Delay = 3.25> <CoreInst = "RAM">   --->   Core 82 'RAM' <Latency = 1> <II = 1> <Delay = 3.25> <Storage> <Opcode : 'load' 'store'> <Ports = 2> <Width = 8> <Depth = 1024> <RAM>
ST_10 : Operation 305 [1/1] (0.00ns)   --->   "%zext_ln126_17 = zext i8 %x_load_8" [Lenet_RTL_test/lenet_conv1_only.cpp:126]   --->   Operation 305 'zext' 'zext_ln126_17' <Predicate = (!icmp_ln118)> <Delay = 0.00>
ST_10 : Operation 306 [2/2] (3.25ns)   --->   "%x_load_9 = load i10 %x_addr_9" [Lenet_RTL_test/lenet_conv1_only.cpp:126]   --->   Operation 306 'load' 'x_load_9' <Predicate = (!icmp_ln118)> <Delay = 3.25> <CoreInst = "RAM">   --->   Core 82 'RAM' <Latency = 1> <II = 1> <Delay = 3.25> <Storage> <Opcode : 'load' 'store'> <Ports = 2> <Width = 8> <Depth = 1024> <RAM>
ST_10 : Operation 307 [1/2] (3.25ns)   --->   "%x_load_16 = load i10 %x_addr_16" [Lenet_RTL_test/lenet_conv1_only.cpp:126]   --->   Operation 307 'load' 'x_load_16' <Predicate = (!icmp_ln118)> <Delay = 3.25> <CoreInst = "RAM">   --->   Core 82 'RAM' <Latency = 1> <II = 1> <Delay = 3.25> <Storage> <Opcode : 'load' 'store'> <Ports = 2> <Width = 8> <Depth = 1024> <RAM>
ST_10 : Operation 308 [1/2] (3.25ns)   --->   "%x_load_20 = load i10 %x_addr_20" [Lenet_RTL_test/lenet_conv1_only.cpp:126]   --->   Operation 308 'load' 'x_load_20' <Predicate = (!icmp_ln118)> <Delay = 3.25> <CoreInst = "RAM">   --->   Core 82 'RAM' <Latency = 1> <II = 1> <Delay = 3.25> <Storage> <Opcode : 'load' 'store'> <Ports = 2> <Width = 8> <Depth = 1024> <RAM>
ST_10 : Operation 309 [1/1] (0.00ns)   --->   "%zext_ln126_32 = zext i8 %x_load_20" [Lenet_RTL_test/lenet_conv1_only.cpp:126]   --->   Operation 309 'zext' 'zext_ln126_32' <Predicate = (!icmp_ln118)> <Delay = 0.00>
ST_10 : Operation 310 [3/3] (1.05ns) (grouped into DSP with root node add_ln85_3)   --->   "%mul_ln85 = mul i16 %zext_ln126_32, i16 %LENET_C1_W_0_4_0_load_cast_cast" [Lenet_RTL_test/lenet_conv1_only.cpp:85->Lenet_RTL_test/lenet_conv1_only.cpp:131]   --->   Operation 310 'mul' 'mul_ln85' <Predicate = (!icmp_ln118)> <Delay = 1.05> <CoreInst = "DSP48">   --->   Core 119 'DSP48' <Latency = 3> <II = 1> <Delay = 2.15> <IPBlock> <Opcode : '<invalid operator> ' 'mul' 'add' 'sub' 'select'> <InPorts = 0> <OutPorts = 1> <Sync> <CReg>
ST_10 : Operation 311 [3/3] (1.05ns) (grouped into DSP with root node add_ln85_17)   --->   "%mul_ln85_7 = mul i14 %zext_ln126_14, i14 %LENET_C1_W_0_1_1_load_cast_cast" [Lenet_RTL_test/lenet_conv1_only.cpp:85->Lenet_RTL_test/lenet_conv1_only.cpp:131]   --->   Operation 311 'mul' 'mul_ln85_7' <Predicate = (!icmp_ln118)> <Delay = 1.05> <CoreInst = "DSP48">   --->   Core 119 'DSP48' <Latency = 3> <II = 1> <Delay = 2.15> <IPBlock> <Opcode : '<invalid operator> ' 'mul' 'add' 'sub' 'select'> <InPorts = 0> <OutPorts = 1> <Sync> <CReg>
ST_10 : Operation 312 [1/3] (0.00ns) (grouped into DSP with root node add_ln85_13)   --->   "%mul_ln85_8 = mul i15 %zext_ln126, i15 %LENET_C1_W_0_0_0_load_cast_cast" [Lenet_RTL_test/lenet_conv1_only.cpp:85->Lenet_RTL_test/lenet_conv1_only.cpp:131]   --->   Operation 312 'mul' 'mul_ln85_8' <Predicate = (!icmp_ln118)> <Delay = 0.00> <CoreInst = "DSP48">   --->   Core 119 'DSP48' <Latency = 3> <II = 1> <Delay = 2.15> <IPBlock> <Opcode : '<invalid operator> ' 'mul' 'add' 'sub' 'select'> <InPorts = 0> <OutPorts = 1> <Sync> <CReg>
ST_10 : Operation 313 [1/1] (0.00ns) (grouped into DSP with root node add_ln85_13)   --->   "%zext_ln85_3 = zext i15 %mul_ln85_8" [Lenet_RTL_test/lenet_conv1_only.cpp:85->Lenet_RTL_test/lenet_conv1_only.cpp:131]   --->   Operation 313 'zext' 'zext_ln85_3' <Predicate = (!icmp_ln118)> <Delay = 0.00>
ST_10 : Operation 314 [2/3] (1.05ns) (grouped into DSP with root node add_ln85_19)   --->   "%mul_ln85_18 = mul i15 %zext_ln126_20, i15 %LENET_C1_W_0_2_0_load_cast_cast" [Lenet_RTL_test/lenet_conv1_only.cpp:85->Lenet_RTL_test/lenet_conv1_only.cpp:131]   --->   Operation 314 'mul' 'mul_ln85_18' <Predicate = (!icmp_ln118)> <Delay = 1.05> <CoreInst = "DSP48">   --->   Core 119 'DSP48' <Latency = 3> <II = 1> <Delay = 2.15> <IPBlock> <Opcode : '<invalid operator> ' 'mul' 'add' 'sub' 'select'> <InPorts = 0> <OutPorts = 1> <Sync> <CReg>
ST_10 : Operation 315 [2/3] (1.05ns) (grouped into DSP with root node add_ln85_8)   --->   "%mul_ln85_19 = mul i15 %zext_ln126_26, i15 %LENET_C1_W_0_3_0_load_cast_cast" [Lenet_RTL_test/lenet_conv1_only.cpp:85->Lenet_RTL_test/lenet_conv1_only.cpp:131]   --->   Operation 315 'mul' 'mul_ln85_19' <Predicate = (!icmp_ln118)> <Delay = 1.05> <CoreInst = "DSP48">   --->   Core 119 'DSP48' <Latency = 3> <II = 1> <Delay = 2.15> <IPBlock> <Opcode : '<invalid operator> ' 'mul' 'add' 'sub' 'select'> <InPorts = 0> <OutPorts = 1> <Sync> <CReg>
ST_10 : Operation 316 [1/1] (0.00ns)   --->   "%sext_ln85_25 = sext i17 %add_ln85_12" [Lenet_RTL_test/lenet_conv1_only.cpp:85->Lenet_RTL_test/lenet_conv1_only.cpp:131]   --->   Operation 316 'sext' 'sext_ln85_25' <Predicate = (!icmp_ln118)> <Delay = 0.00>
ST_10 : Operation 317 [2/2] (2.10ns) (root node of the DSP)   --->   "%add_ln85_13 = add i18 %sext_ln85_25, i18 %zext_ln85_3" [Lenet_RTL_test/lenet_conv1_only.cpp:85->Lenet_RTL_test/lenet_conv1_only.cpp:131]   --->   Operation 317 'add' 'add_ln85_13' <Predicate = (!icmp_ln118)> <Delay = 2.10> <CoreInst = "DSP48">   --->   Core 119 'DSP48' <Latency = 3> <II = 1> <Delay = 2.15> <IPBlock> <Opcode : '<invalid operator> ' 'mul' 'add' 'sub' 'select'> <InPorts = 0> <OutPorts = 1> <Sync> <CReg>
ST_10 : Operation 318 [3/3] (1.05ns) (grouped into DSP with root node add_ln85_42)   --->   "%mul_ln85_28 = mul i15 %zext_ln126_17, i15 %LENET_C1_W_0_1_2_load_cast_cast" [Lenet_RTL_test/lenet_conv1_only.cpp:85->Lenet_RTL_test/lenet_conv1_only.cpp:131]   --->   Operation 318 'mul' 'mul_ln85_28' <Predicate = (!icmp_ln118)> <Delay = 1.05> <CoreInst = "DSP48">   --->   Core 119 'DSP48' <Latency = 3> <II = 1> <Delay = 2.15> <IPBlock> <Opcode : '<invalid operator> ' 'mul' 'add' 'sub' 'select'> <InPorts = 0> <OutPorts = 1> <Sync> <CReg>

State 11 <SV = 10> <Delay = 6.27>
ST_11 : Operation 319 [1/1] (0.00ns)   --->   "%tmp_17 = bitconcatenate i10 @_ssdm_op_BitConcatenate.i10.i5.i5, i5 %add_ln118, i5 %add_ln126" [Lenet_RTL_test/lenet_conv1_only.cpp:126]   --->   Operation 319 'bitconcatenate' 'tmp_17' <Predicate = (!icmp_ln118)> <Delay = 0.00>
ST_11 : Operation 320 [1/1] (0.00ns)   --->   "%zext_ln126_52 = zext i10 %tmp_17" [Lenet_RTL_test/lenet_conv1_only.cpp:126]   --->   Operation 320 'zext' 'zext_ln126_52' <Predicate = (!icmp_ln118)> <Delay = 0.00>
ST_11 : Operation 321 [1/1] (0.00ns)   --->   "%x_addr_12 = getelementptr i8 %x, i64 0, i64 %zext_ln126_52" [Lenet_RTL_test/lenet_conv1_only.cpp:126]   --->   Operation 321 'getelementptr' 'x_addr_12' <Predicate = (!icmp_ln118)> <Delay = 0.00>
ST_11 : Operation 322 [1/1] (0.00ns)   --->   "%tmp_22 = bitconcatenate i10 @_ssdm_op_BitConcatenate.i10.i5.i5, i5 %add_ln118, i5 %add_ln126_1" [Lenet_RTL_test/lenet_conv1_only.cpp:126]   --->   Operation 322 'bitconcatenate' 'tmp_22' <Predicate = (!icmp_ln118)> <Delay = 0.00>
ST_11 : Operation 323 [1/1] (0.00ns)   --->   "%zext_ln126_57 = zext i10 %tmp_22" [Lenet_RTL_test/lenet_conv1_only.cpp:126]   --->   Operation 323 'zext' 'zext_ln126_57' <Predicate = (!icmp_ln118)> <Delay = 0.00>
ST_11 : Operation 324 [1/1] (0.00ns)   --->   "%x_addr_13 = getelementptr i8 %x, i64 0, i64 %zext_ln126_57" [Lenet_RTL_test/lenet_conv1_only.cpp:126]   --->   Operation 324 'getelementptr' 'x_addr_13' <Predicate = (!icmp_ln118)> <Delay = 0.00>
ST_11 : Operation 325 [1/1] (0.00ns)   --->   "%zext_ln126_12 = zext i8 %x_load_5" [Lenet_RTL_test/lenet_conv1_only.cpp:126]   --->   Operation 325 'zext' 'zext_ln126_12' <Predicate = (!icmp_ln118)> <Delay = 0.00>
ST_11 : Operation 326 [1/2] (3.25ns)   --->   "%x_load_7 = load i10 %x_addr_7" [Lenet_RTL_test/lenet_conv1_only.cpp:126]   --->   Operation 326 'load' 'x_load_7' <Predicate = (!icmp_ln118)> <Delay = 3.25> <CoreInst = "RAM">   --->   Core 82 'RAM' <Latency = 1> <II = 1> <Delay = 3.25> <Storage> <Opcode : 'load' 'store'> <Ports = 2> <Width = 8> <Depth = 1024> <RAM>
ST_11 : Operation 327 [1/1] (0.00ns)   --->   "%zext_ln126_15 = zext i8 %x_load_7" [Lenet_RTL_test/lenet_conv1_only.cpp:126]   --->   Operation 327 'zext' 'zext_ln126_15' <Predicate = (!icmp_ln118)> <Delay = 0.00>
ST_11 : Operation 328 [1/2] (3.25ns)   --->   "%x_load_9 = load i10 %x_addr_9" [Lenet_RTL_test/lenet_conv1_only.cpp:126]   --->   Operation 328 'load' 'x_load_9' <Predicate = (!icmp_ln118)> <Delay = 3.25> <CoreInst = "RAM">   --->   Core 82 'RAM' <Latency = 1> <II = 1> <Delay = 3.25> <Storage> <Opcode : 'load' 'store'> <Ports = 2> <Width = 8> <Depth = 1024> <RAM>
ST_11 : Operation 329 [1/1] (0.00ns)   --->   "%zext_ln126_21 = zext i8 %x_load_11" [Lenet_RTL_test/lenet_conv1_only.cpp:126]   --->   Operation 329 'zext' 'zext_ln126_21' <Predicate = (!icmp_ln118)> <Delay = 0.00>
ST_11 : Operation 330 [2/2] (3.25ns)   --->   "%x_load_12 = load i10 %x_addr_12" [Lenet_RTL_test/lenet_conv1_only.cpp:126]   --->   Operation 330 'load' 'x_load_12' <Predicate = (!icmp_ln118)> <Delay = 3.25> <CoreInst = "RAM">   --->   Core 82 'RAM' <Latency = 1> <II = 1> <Delay = 3.25> <Storage> <Opcode : 'load' 'store'> <Ports = 2> <Width = 8> <Depth = 1024> <RAM>
ST_11 : Operation 331 [2/2] (3.25ns)   --->   "%x_load_13 = load i10 %x_addr_13" [Lenet_RTL_test/lenet_conv1_only.cpp:126]   --->   Operation 331 'load' 'x_load_13' <Predicate = (!icmp_ln118)> <Delay = 3.25> <CoreInst = "RAM">   --->   Core 82 'RAM' <Latency = 1> <II = 1> <Delay = 3.25> <Storage> <Opcode : 'load' 'store'> <Ports = 2> <Width = 8> <Depth = 1024> <RAM>
ST_11 : Operation 332 [1/1] (0.00ns)   --->   "%zext_ln126_28 = zext i8 %x_load_16" [Lenet_RTL_test/lenet_conv1_only.cpp:126]   --->   Operation 332 'zext' 'zext_ln126_28' <Predicate = (!icmp_ln118)> <Delay = 0.00>
ST_11 : Operation 333 [2/3] (1.05ns) (grouped into DSP with root node add_ln85_3)   --->   "%mul_ln85 = mul i16 %zext_ln126_32, i16 %LENET_C1_W_0_4_0_load_cast_cast" [Lenet_RTL_test/lenet_conv1_only.cpp:85->Lenet_RTL_test/lenet_conv1_only.cpp:131]   --->   Operation 333 'mul' 'mul_ln85' <Predicate = (!icmp_ln118)> <Delay = 1.05> <CoreInst = "DSP48">   --->   Core 119 'DSP48' <Latency = 3> <II = 1> <Delay = 2.15> <IPBlock> <Opcode : '<invalid operator> ' 'mul' 'add' 'sub' 'select'> <InPorts = 0> <OutPorts = 1> <Sync> <CReg>
ST_11 : Operation 334 [1/1] (0.00ns)   --->   "%sext_ln85_3 = sext i16 %mul_ln85_4" [Lenet_RTL_test/lenet_conv1_only.cpp:85->Lenet_RTL_test/lenet_conv1_only.cpp:131]   --->   Operation 334 'sext' 'sext_ln85_3' <Predicate = (!icmp_ln118)> <Delay = 0.00>
ST_11 : Operation 335 [2/3] (1.05ns) (grouped into DSP with root node add_ln85_17)   --->   "%mul_ln85_7 = mul i14 %zext_ln126_14, i14 %LENET_C1_W_0_1_1_load_cast_cast" [Lenet_RTL_test/lenet_conv1_only.cpp:85->Lenet_RTL_test/lenet_conv1_only.cpp:131]   --->   Operation 335 'mul' 'mul_ln85_7' <Predicate = (!icmp_ln118)> <Delay = 1.05> <CoreInst = "DSP48">   --->   Core 119 'DSP48' <Latency = 3> <II = 1> <Delay = 2.15> <IPBlock> <Opcode : '<invalid operator> ' 'mul' 'add' 'sub' 'select'> <InPorts = 0> <OutPorts = 1> <Sync> <CReg>
ST_11 : Operation 336 [3/3] (1.05ns) (grouped into DSP with root node add_ln85_5)   --->   "%mul_ln85_11 = mul i15 %zext_ln126_21, i15 %LENET_C1_W_0_2_1_load_cast_cast" [Lenet_RTL_test/lenet_conv1_only.cpp:85->Lenet_RTL_test/lenet_conv1_only.cpp:131]   --->   Operation 336 'mul' 'mul_ln85_11' <Predicate = (!icmp_ln118)> <Delay = 1.05> <CoreInst = "DSP48">   --->   Core 119 'DSP48' <Latency = 3> <II = 1> <Delay = 2.15> <IPBlock> <Opcode : '<invalid operator> ' 'mul' 'add' 'sub' 'select'> <InPorts = 0> <OutPorts = 1> <Sync> <CReg>
ST_11 : Operation 337 [3/3] (1.05ns) (grouped into DSP with root node add_ln85_18)   --->   "%mul_ln85_12 = mul i15 %zext_ln126_12, i15 %LENET_C1_W_0_1_0_load_cast_cast" [Lenet_RTL_test/lenet_conv1_only.cpp:85->Lenet_RTL_test/lenet_conv1_only.cpp:131]   --->   Operation 337 'mul' 'mul_ln85_12' <Predicate = (!icmp_ln118)> <Delay = 1.05> <CoreInst = "DSP48">   --->   Core 119 'DSP48' <Latency = 3> <II = 1> <Delay = 2.15> <IPBlock> <Opcode : '<invalid operator> ' 'mul' 'add' 'sub' 'select'> <InPorts = 0> <OutPorts = 1> <Sync> <CReg>
ST_11 : Operation 338 [1/3] (0.00ns) (grouped into DSP with root node add_ln85_19)   --->   "%mul_ln85_18 = mul i15 %zext_ln126_20, i15 %LENET_C1_W_0_2_0_load_cast_cast" [Lenet_RTL_test/lenet_conv1_only.cpp:85->Lenet_RTL_test/lenet_conv1_only.cpp:131]   --->   Operation 338 'mul' 'mul_ln85_18' <Predicate = (!icmp_ln118)> <Delay = 0.00> <CoreInst = "DSP48">   --->   Core 119 'DSP48' <Latency = 3> <II = 1> <Delay = 2.15> <IPBlock> <Opcode : '<invalid operator> ' 'mul' 'add' 'sub' 'select'> <InPorts = 0> <OutPorts = 1> <Sync> <CReg>
ST_11 : Operation 339 [1/1] (0.00ns) (grouped into DSP with root node add_ln85_19)   --->   "%zext_ln85_8 = zext i15 %mul_ln85_18" [Lenet_RTL_test/lenet_conv1_only.cpp:85->Lenet_RTL_test/lenet_conv1_only.cpp:131]   --->   Operation 339 'zext' 'zext_ln85_8' <Predicate = (!icmp_ln118)> <Delay = 0.00>
ST_11 : Operation 340 [1/3] (0.00ns) (grouped into DSP with root node add_ln85_8)   --->   "%mul_ln85_19 = mul i15 %zext_ln126_26, i15 %LENET_C1_W_0_3_0_load_cast_cast" [Lenet_RTL_test/lenet_conv1_only.cpp:85->Lenet_RTL_test/lenet_conv1_only.cpp:131]   --->   Operation 340 'mul' 'mul_ln85_19' <Predicate = (!icmp_ln118)> <Delay = 0.00> <CoreInst = "DSP48">   --->   Core 119 'DSP48' <Latency = 3> <II = 1> <Delay = 2.15> <IPBlock> <Opcode : '<invalid operator> ' 'mul' 'add' 'sub' 'select'> <InPorts = 0> <OutPorts = 1> <Sync> <CReg>
ST_11 : Operation 341 [1/1] (0.00ns) (grouped into DSP with root node add_ln85_8)   --->   "%zext_ln85_9 = zext i15 %mul_ln85_19" [Lenet_RTL_test/lenet_conv1_only.cpp:85->Lenet_RTL_test/lenet_conv1_only.cpp:131]   --->   Operation 341 'zext' 'zext_ln85_9' <Predicate = (!icmp_ln118)> <Delay = 0.00>
ST_11 : Operation 342 [1/1] (4.17ns)   --->   "%mul_ln85_20 = mul i16 %zext_ln126_28, i16 %LENET_C1_W_0_3_1_load_cast_cast" [Lenet_RTL_test/lenet_conv1_only.cpp:85->Lenet_RTL_test/lenet_conv1_only.cpp:131]   --->   Operation 342 'mul' 'mul_ln85_20' <Predicate = (!icmp_ln118)> <Delay = 4.17> <CoreInst = "Multiplier">   --->   Core 3 'Multiplier' <Latency = 0> <II = 1> <Delay = 4.17> <FuncUnit> <Opcode : 'mul'> <InPorts = 2> <OutPorts = 1>
ST_11 : Operation 343 [1/1] (0.00ns)   --->   "%sext_ln85_9 = sext i16 %mul_ln85_20" [Lenet_RTL_test/lenet_conv1_only.cpp:85->Lenet_RTL_test/lenet_conv1_only.cpp:131]   --->   Operation 343 'sext' 'sext_ln85_9' <Predicate = (!icmp_ln118)> <Delay = 0.00>
ST_11 : Operation 344 [2/2] (2.10ns) (root node of the DSP)   --->   "%add_ln85_8 = add i17 %sext_ln85_9, i17 %zext_ln85_9" [Lenet_RTL_test/lenet_conv1_only.cpp:85->Lenet_RTL_test/lenet_conv1_only.cpp:131]   --->   Operation 344 'add' 'add_ln85_8' <Predicate = (!icmp_ln118)> <Delay = 2.10> <CoreInst = "DSP48">   --->   Core 119 'DSP48' <Latency = 3> <II = 1> <Delay = 2.15> <IPBlock> <Opcode : '<invalid operator> ' 'mul' 'add' 'sub' 'select'> <InPorts = 0> <OutPorts = 1> <Sync> <CReg>
ST_11 : Operation 345 [1/2] (2.10ns) (root node of the DSP)   --->   "%add_ln85_13 = add i18 %sext_ln85_25, i18 %zext_ln85_3" [Lenet_RTL_test/lenet_conv1_only.cpp:85->Lenet_RTL_test/lenet_conv1_only.cpp:131]   --->   Operation 345 'add' 'add_ln85_13' <Predicate = (!icmp_ln118)> <Delay = 2.10> <CoreInst = "DSP48">   --->   Core 119 'DSP48' <Latency = 3> <II = 1> <Delay = 2.15> <IPBlock> <Opcode : '<invalid operator> ' 'mul' 'add' 'sub' 'select'> <InPorts = 0> <OutPorts = 1> <Sync> <CReg>
ST_11 : Operation 346 [1/1] (0.00ns)   --->   "%sext_ln85_26 = sext i18 %add_ln85_13" [Lenet_RTL_test/lenet_conv1_only.cpp:85->Lenet_RTL_test/lenet_conv1_only.cpp:131]   --->   Operation 346 'sext' 'sext_ln85_26' <Predicate = (!icmp_ln118)> <Delay = 0.00>
ST_11 : Operation 347 [1/1] (0.00ns)   --->   "%sext_ln85_28 = sext i18 %add_ln85_15" [Lenet_RTL_test/lenet_conv1_only.cpp:85->Lenet_RTL_test/lenet_conv1_only.cpp:131]   --->   Operation 347 'sext' 'sext_ln85_28' <Predicate = (!icmp_ln118)> <Delay = 0.00>
ST_11 : Operation 348 [1/1] (2.13ns)   --->   "%add_ln85_16 = add i19 %sext_ln85_28, i19 %sext_ln85_26" [Lenet_RTL_test/lenet_conv1_only.cpp:85->Lenet_RTL_test/lenet_conv1_only.cpp:131]   --->   Operation 348 'add' 'add_ln85_16' <Predicate = (!icmp_ln118)> <Delay = 2.13> <CoreInst = "Adder">   --->   Core 1 'Adder' <Latency = 0> <II = 1> <Delay = 2.13> <FuncUnit> <Opcode : 'add' 'sub'> <InPorts = 2> <OutPorts = 1>
ST_11 : Operation 349 [2/2] (2.10ns) (root node of the DSP)   --->   "%add_ln85_19 = add i17 %sext_ln85_3, i17 %zext_ln85_8" [Lenet_RTL_test/lenet_conv1_only.cpp:85->Lenet_RTL_test/lenet_conv1_only.cpp:131]   --->   Operation 349 'add' 'add_ln85_19' <Predicate = (!icmp_ln118)> <Delay = 2.10> <CoreInst = "DSP48">   --->   Core 119 'DSP48' <Latency = 3> <II = 1> <Delay = 2.15> <IPBlock> <Opcode : '<invalid operator> ' 'mul' 'add' 'sub' 'select'> <InPorts = 0> <OutPorts = 1> <Sync> <CReg>
ST_11 : Operation 350 [2/3] (1.05ns) (grouped into DSP with root node add_ln85_42)   --->   "%mul_ln85_28 = mul i15 %zext_ln126_17, i15 %LENET_C1_W_0_1_2_load_cast_cast" [Lenet_RTL_test/lenet_conv1_only.cpp:85->Lenet_RTL_test/lenet_conv1_only.cpp:131]   --->   Operation 350 'mul' 'mul_ln85_28' <Predicate = (!icmp_ln118)> <Delay = 1.05> <CoreInst = "DSP48">   --->   Core 119 'DSP48' <Latency = 3> <II = 1> <Delay = 2.15> <IPBlock> <Opcode : '<invalid operator> ' 'mul' 'add' 'sub' 'select'> <InPorts = 0> <OutPorts = 1> <Sync> <CReg>
ST_11 : Operation 351 [3/3] (1.05ns) (grouped into DSP with root node add_ln85_43)   --->   "%mul_ln85_32 = mul i14 %zext_ln126_15, i14 %LENET_C1_W_0_1_1_load_cast_cast" [Lenet_RTL_test/lenet_conv1_only.cpp:85->Lenet_RTL_test/lenet_conv1_only.cpp:131]   --->   Operation 351 'mul' 'mul_ln85_32' <Predicate = (!icmp_ln118)> <Delay = 1.05> <CoreInst = "DSP48">   --->   Core 119 'DSP48' <Latency = 3> <II = 1> <Delay = 2.15> <IPBlock> <Opcode : '<invalid operator> ' 'mul' 'add' 'sub' 'select'> <InPorts = 0> <OutPorts = 1> <Sync> <CReg>

State 12 <SV = 11> <Delay = 6.27>
ST_12 : Operation 352 [1/1] (0.00ns)   --->   "%tmp_23 = bitconcatenate i10 @_ssdm_op_BitConcatenate.i10.i5.i5, i5 %add_ln118_1, i5 %add_ln126_1" [Lenet_RTL_test/lenet_conv1_only.cpp:126]   --->   Operation 352 'bitconcatenate' 'tmp_23' <Predicate = (!icmp_ln118)> <Delay = 0.00>
ST_12 : Operation 353 [1/1] (0.00ns)   --->   "%zext_ln126_58 = zext i10 %tmp_23" [Lenet_RTL_test/lenet_conv1_only.cpp:126]   --->   Operation 353 'zext' 'zext_ln126_58' <Predicate = (!icmp_ln118)> <Delay = 0.00>
ST_12 : Operation 354 [1/1] (0.00ns)   --->   "%x_addr_18 = getelementptr i8 %x, i64 0, i64 %zext_ln126_58" [Lenet_RTL_test/lenet_conv1_only.cpp:126]   --->   Operation 354 'getelementptr' 'x_addr_18' <Predicate = (!icmp_ln118)> <Delay = 0.00>
ST_12 : Operation 355 [1/1] (0.00ns)   --->   "%tmp_27 = bitconcatenate i10 @_ssdm_op_BitConcatenate.i10.i5.i5, i5 %add_ln118, i5 %add_ln126_2" [Lenet_RTL_test/lenet_conv1_only.cpp:126]   --->   Operation 355 'bitconcatenate' 'tmp_27' <Predicate = (!icmp_ln118)> <Delay = 0.00>
ST_12 : Operation 356 [1/1] (0.00ns)   --->   "%zext_ln126_62 = zext i10 %tmp_27" [Lenet_RTL_test/lenet_conv1_only.cpp:126]   --->   Operation 356 'zext' 'zext_ln126_62' <Predicate = (!icmp_ln118)> <Delay = 0.00>
ST_12 : Operation 357 [1/1] (0.00ns)   --->   "%x_addr_14 = getelementptr i8 %x, i64 0, i64 %zext_ln126_62" [Lenet_RTL_test/lenet_conv1_only.cpp:126]   --->   Operation 357 'getelementptr' 'x_addr_14' <Predicate = (!icmp_ln118)> <Delay = 0.00>
ST_12 : Operation 358 [1/1] (0.00ns)   --->   "%zext_ln126_16 = zext i8 %x_load_7" [Lenet_RTL_test/lenet_conv1_only.cpp:126]   --->   Operation 358 'zext' 'zext_ln126_16' <Predicate = (!icmp_ln118)> <Delay = 0.00>
ST_12 : Operation 359 [1/1] (0.00ns)   --->   "%zext_ln126_19 = zext i8 %x_load_9" [Lenet_RTL_test/lenet_conv1_only.cpp:126]   --->   Operation 359 'zext' 'zext_ln126_19' <Predicate = (!icmp_ln118)> <Delay = 0.00>
ST_12 : Operation 360 [1/2] (3.25ns)   --->   "%x_load_12 = load i10 %x_addr_12" [Lenet_RTL_test/lenet_conv1_only.cpp:126]   --->   Operation 360 'load' 'x_load_12' <Predicate = (!icmp_ln118)> <Delay = 3.25> <CoreInst = "RAM">   --->   Core 82 'RAM' <Latency = 1> <II = 1> <Delay = 3.25> <Storage> <Opcode : 'load' 'store'> <Ports = 2> <Width = 8> <Depth = 1024> <RAM>
ST_12 : Operation 361 [1/2] (3.25ns)   --->   "%x_load_13 = load i10 %x_addr_13" [Lenet_RTL_test/lenet_conv1_only.cpp:126]   --->   Operation 361 'load' 'x_load_13' <Predicate = (!icmp_ln118)> <Delay = 3.25> <CoreInst = "RAM">   --->   Core 82 'RAM' <Latency = 1> <II = 1> <Delay = 3.25> <Storage> <Opcode : 'load' 'store'> <Ports = 2> <Width = 8> <Depth = 1024> <RAM>
ST_12 : Operation 362 [2/2] (3.25ns)   --->   "%x_load_14 = load i10 %x_addr_14" [Lenet_RTL_test/lenet_conv1_only.cpp:126]   --->   Operation 362 'load' 'x_load_14' <Predicate = (!icmp_ln118)> <Delay = 3.25> <CoreInst = "RAM">   --->   Core 82 'RAM' <Latency = 1> <II = 1> <Delay = 3.25> <Storage> <Opcode : 'load' 'store'> <Ports = 2> <Width = 8> <Depth = 1024> <RAM>
ST_12 : Operation 363 [2/2] (3.25ns)   --->   "%x_load_18 = load i10 %x_addr_18" [Lenet_RTL_test/lenet_conv1_only.cpp:126]   --->   Operation 363 'load' 'x_load_18' <Predicate = (!icmp_ln118)> <Delay = 3.25> <CoreInst = "RAM">   --->   Core 82 'RAM' <Latency = 1> <II = 1> <Delay = 3.25> <Storage> <Opcode : 'load' 'store'> <Ports = 2> <Width = 8> <Depth = 1024> <RAM>
ST_12 : Operation 364 [1/1] (0.00ns)   --->   "%zext_ln85 = zext i8 %x_load_24" [Lenet_RTL_test/lenet_conv1_only.cpp:85->Lenet_RTL_test/lenet_conv1_only.cpp:131]   --->   Operation 364 'zext' 'zext_ln85' <Predicate = (!icmp_ln118)> <Delay = 0.00>
ST_12 : Operation 365 [1/3] (0.00ns) (grouped into DSP with root node add_ln85_3)   --->   "%mul_ln85 = mul i16 %zext_ln126_32, i16 %LENET_C1_W_0_4_0_load_cast_cast" [Lenet_RTL_test/lenet_conv1_only.cpp:85->Lenet_RTL_test/lenet_conv1_only.cpp:131]   --->   Operation 365 'mul' 'mul_ln85' <Predicate = (!icmp_ln118)> <Delay = 0.00> <CoreInst = "DSP48">   --->   Core 119 'DSP48' <Latency = 3> <II = 1> <Delay = 2.15> <IPBlock> <Opcode : '<invalid operator> ' 'mul' 'add' 'sub' 'select'> <InPorts = 0> <OutPorts = 1> <Sync> <CReg>
ST_12 : Operation 366 [1/1] (0.00ns) (grouped into DSP with root node add_ln85_3)   --->   "%sext_ln85 = sext i16 %mul_ln85" [Lenet_RTL_test/lenet_conv1_only.cpp:85->Lenet_RTL_test/lenet_conv1_only.cpp:131]   --->   Operation 366 'sext' 'sext_ln85' <Predicate = (!icmp_ln118)> <Delay = 0.00>
ST_12 : Operation 367 [1/1] (4.17ns)   --->   "%mul_ln85_3 = mul i15 %zext_ln126_16, i15 %LENET_C1_W_0_1_2_load_cast_cast" [Lenet_RTL_test/lenet_conv1_only.cpp:85->Lenet_RTL_test/lenet_conv1_only.cpp:131]   --->   Operation 367 'mul' 'mul_ln85_3' <Predicate = (!icmp_ln118)> <Delay = 4.17> <CoreInst = "Multiplier">   --->   Core 3 'Multiplier' <Latency = 0> <II = 1> <Delay = 4.17> <FuncUnit> <Opcode : 'mul'> <InPorts = 2> <OutPorts = 1>
ST_12 : Operation 368 [1/1] (0.00ns)   --->   "%zext_ln85_1 = zext i15 %mul_ln85_3" [Lenet_RTL_test/lenet_conv1_only.cpp:85->Lenet_RTL_test/lenet_conv1_only.cpp:131]   --->   Operation 368 'zext' 'zext_ln85_1' <Predicate = (!icmp_ln118)> <Delay = 0.00>
ST_12 : Operation 369 [1/3] (0.00ns) (grouped into DSP with root node add_ln85_17)   --->   "%mul_ln85_7 = mul i14 %zext_ln126_14, i14 %LENET_C1_W_0_1_1_load_cast_cast" [Lenet_RTL_test/lenet_conv1_only.cpp:85->Lenet_RTL_test/lenet_conv1_only.cpp:131]   --->   Operation 369 'mul' 'mul_ln85_7' <Predicate = (!icmp_ln118)> <Delay = 0.00> <CoreInst = "DSP48">   --->   Core 119 'DSP48' <Latency = 3> <II = 1> <Delay = 2.15> <IPBlock> <Opcode : '<invalid operator> ' 'mul' 'add' 'sub' 'select'> <InPorts = 0> <OutPorts = 1> <Sync> <CReg>
ST_12 : Operation 370 [1/1] (0.00ns) (grouped into DSP with root node add_ln85_17)   --->   "%zext_ln85_2 = zext i14 %mul_ln85_7" [Lenet_RTL_test/lenet_conv1_only.cpp:85->Lenet_RTL_test/lenet_conv1_only.cpp:131]   --->   Operation 370 'zext' 'zext_ln85_2' <Predicate = (!icmp_ln118)> <Delay = 0.00>
ST_12 : Operation 371 [2/3] (1.05ns) (grouped into DSP with root node add_ln85_5)   --->   "%mul_ln85_11 = mul i15 %zext_ln126_21, i15 %LENET_C1_W_0_2_1_load_cast_cast" [Lenet_RTL_test/lenet_conv1_only.cpp:85->Lenet_RTL_test/lenet_conv1_only.cpp:131]   --->   Operation 371 'mul' 'mul_ln85_11' <Predicate = (!icmp_ln118)> <Delay = 1.05> <CoreInst = "DSP48">   --->   Core 119 'DSP48' <Latency = 3> <II = 1> <Delay = 2.15> <IPBlock> <Opcode : '<invalid operator> ' 'mul' 'add' 'sub' 'select'> <InPorts = 0> <OutPorts = 1> <Sync> <CReg>
ST_12 : Operation 372 [2/3] (1.05ns) (grouped into DSP with root node add_ln85_18)   --->   "%mul_ln85_12 = mul i15 %zext_ln126_12, i15 %LENET_C1_W_0_1_0_load_cast_cast" [Lenet_RTL_test/lenet_conv1_only.cpp:85->Lenet_RTL_test/lenet_conv1_only.cpp:131]   --->   Operation 372 'mul' 'mul_ln85_12' <Predicate = (!icmp_ln118)> <Delay = 1.05> <CoreInst = "DSP48">   --->   Core 119 'DSP48' <Latency = 3> <II = 1> <Delay = 2.15> <IPBlock> <Opcode : '<invalid operator> ' 'mul' 'add' 'sub' 'select'> <InPorts = 0> <OutPorts = 1> <Sync> <CReg>
ST_12 : Operation 373 [3/3] (1.05ns) (grouped into DSP with root node add_ln85_20)   --->   "%mul_ln85_24 = mul i16 %zext_ln85, i16 %sext_ln118_cast" [Lenet_RTL_test/lenet_conv1_only.cpp:85->Lenet_RTL_test/lenet_conv1_only.cpp:131]   --->   Operation 373 'mul' 'mul_ln85_24' <Predicate = (!icmp_ln118)> <Delay = 1.05> <CoreInst = "DSP48">   --->   Core 119 'DSP48' <Latency = 3> <II = 1> <Delay = 2.15> <IPBlock> <Opcode : '<invalid operator> ' 'mul' 'add' 'sub' 'select'> <InPorts = 0> <OutPorts = 1> <Sync> <CReg>
ST_12 : Operation 374 [1/1] (0.00ns)   --->   "%sext_ln85_16 = sext i17 %add_ln85_2" [Lenet_RTL_test/lenet_conv1_only.cpp:85->Lenet_RTL_test/lenet_conv1_only.cpp:131]   --->   Operation 374 'sext' 'sext_ln85_16' <Predicate = (!icmp_ln118)> <Delay = 0.00>
ST_12 : Operation 375 [2/2] (2.10ns) (root node of the DSP)   --->   "%add_ln85_3 = add i18 %sext_ln85_16, i18 %sext_ln85" [Lenet_RTL_test/lenet_conv1_only.cpp:85->Lenet_RTL_test/lenet_conv1_only.cpp:131]   --->   Operation 375 'add' 'add_ln85_3' <Predicate = (!icmp_ln118)> <Delay = 2.10> <CoreInst = "DSP48">   --->   Core 119 'DSP48' <Latency = 3> <II = 1> <Delay = 2.15> <IPBlock> <Opcode : '<invalid operator> ' 'mul' 'add' 'sub' 'select'> <InPorts = 0> <OutPorts = 1> <Sync> <CReg>
ST_12 : Operation 376 [1/2] (2.10ns) (root node of the DSP)   --->   "%add_ln85_8 = add i17 %sext_ln85_9, i17 %zext_ln85_9" [Lenet_RTL_test/lenet_conv1_only.cpp:85->Lenet_RTL_test/lenet_conv1_only.cpp:131]   --->   Operation 376 'add' 'add_ln85_8' <Predicate = (!icmp_ln118)> <Delay = 2.10> <CoreInst = "DSP48">   --->   Core 119 'DSP48' <Latency = 3> <II = 1> <Delay = 2.15> <IPBlock> <Opcode : '<invalid operator> ' 'mul' 'add' 'sub' 'select'> <InPorts = 0> <OutPorts = 1> <Sync> <CReg>
ST_12 : Operation 377 [2/2] (2.10ns) (root node of the DSP)   --->   "%add_ln85_17 = add i16 %zext_ln85_1, i16 %zext_ln85_2" [Lenet_RTL_test/lenet_conv1_only.cpp:85->Lenet_RTL_test/lenet_conv1_only.cpp:131]   --->   Operation 377 'add' 'add_ln85_17' <Predicate = (!icmp_ln118)> <Delay = 2.10> <CoreInst = "DSP48">   --->   Core 119 'DSP48' <Latency = 3> <II = 1> <Delay = 2.15> <IPBlock> <Opcode : '<invalid operator> ' 'mul' 'add' 'sub' 'select'> <InPorts = 0> <OutPorts = 1> <Sync> <CReg>
ST_12 : Operation 378 [1/2] (2.10ns) (root node of the DSP)   --->   "%add_ln85_19 = add i17 %sext_ln85_3, i17 %zext_ln85_8" [Lenet_RTL_test/lenet_conv1_only.cpp:85->Lenet_RTL_test/lenet_conv1_only.cpp:131]   --->   Operation 378 'add' 'add_ln85_19' <Predicate = (!icmp_ln118)> <Delay = 2.10> <CoreInst = "DSP48">   --->   Core 119 'DSP48' <Latency = 3> <II = 1> <Delay = 2.15> <IPBlock> <Opcode : '<invalid operator> ' 'mul' 'add' 'sub' 'select'> <InPorts = 0> <OutPorts = 1> <Sync> <CReg>
ST_12 : Operation 379 [1/3] (0.00ns) (grouped into DSP with root node add_ln85_42)   --->   "%mul_ln85_28 = mul i15 %zext_ln126_17, i15 %LENET_C1_W_0_1_2_load_cast_cast" [Lenet_RTL_test/lenet_conv1_only.cpp:85->Lenet_RTL_test/lenet_conv1_only.cpp:131]   --->   Operation 379 'mul' 'mul_ln85_28' <Predicate = (!icmp_ln118)> <Delay = 0.00> <CoreInst = "DSP48">   --->   Core 119 'DSP48' <Latency = 3> <II = 1> <Delay = 2.15> <IPBlock> <Opcode : '<invalid operator> ' 'mul' 'add' 'sub' 'select'> <InPorts = 0> <OutPorts = 1> <Sync> <CReg>
ST_12 : Operation 380 [1/1] (0.00ns) (grouped into DSP with root node add_ln85_42)   --->   "%zext_ln85_12 = zext i15 %mul_ln85_28" [Lenet_RTL_test/lenet_conv1_only.cpp:85->Lenet_RTL_test/lenet_conv1_only.cpp:131]   --->   Operation 380 'zext' 'zext_ln85_12' <Predicate = (!icmp_ln118)> <Delay = 0.00>
ST_12 : Operation 381 [1/1] (4.17ns)   --->   "%mul_ln85_29 = mul i16 %zext_ln126_19, i16 %LENET_C1_W_0_1_3_load_cast_cast" [Lenet_RTL_test/lenet_conv1_only.cpp:85->Lenet_RTL_test/lenet_conv1_only.cpp:131]   --->   Operation 381 'mul' 'mul_ln85_29' <Predicate = (!icmp_ln118)> <Delay = 4.17> <CoreInst = "Multiplier">   --->   Core 3 'Multiplier' <Latency = 0> <II = 1> <Delay = 4.17> <FuncUnit> <Opcode : 'mul'> <InPorts = 2> <OutPorts = 1>
ST_12 : Operation 382 [1/1] (0.00ns)   --->   "%sext_ln85_39 = sext i16 %mul_ln85_29" [Lenet_RTL_test/lenet_conv1_only.cpp:85->Lenet_RTL_test/lenet_conv1_only.cpp:131]   --->   Operation 382 'sext' 'sext_ln85_39' <Predicate = (!icmp_ln118)> <Delay = 0.00>
ST_12 : Operation 383 [2/3] (1.05ns) (grouped into DSP with root node add_ln85_43)   --->   "%mul_ln85_32 = mul i14 %zext_ln126_15, i14 %LENET_C1_W_0_1_1_load_cast_cast" [Lenet_RTL_test/lenet_conv1_only.cpp:85->Lenet_RTL_test/lenet_conv1_only.cpp:131]   --->   Operation 383 'mul' 'mul_ln85_32' <Predicate = (!icmp_ln118)> <Delay = 1.05> <CoreInst = "DSP48">   --->   Core 119 'DSP48' <Latency = 3> <II = 1> <Delay = 2.15> <IPBlock> <Opcode : '<invalid operator> ' 'mul' 'add' 'sub' 'select'> <InPorts = 0> <OutPorts = 1> <Sync> <CReg>
ST_12 : Operation 384 [3/3] (1.05ns) (grouped into DSP with root node add_ln85_30)   --->   "%mul_ln85_45 = mul i16 %zext_ln126_29, i16 %LENET_C1_W_0_3_1_load_cast_cast" [Lenet_RTL_test/lenet_conv1_only.cpp:85->Lenet_RTL_test/lenet_conv1_only.cpp:131]   --->   Operation 384 'mul' 'mul_ln85_45' <Predicate = (!icmp_ln118)> <Delay = 1.05> <CoreInst = "DSP48">   --->   Core 119 'DSP48' <Latency = 3> <II = 1> <Delay = 2.15> <IPBlock> <Opcode : '<invalid operator> ' 'mul' 'add' 'sub' 'select'> <InPorts = 0> <OutPorts = 1> <Sync> <CReg>
ST_12 : Operation 385 [2/2] (2.10ns) (root node of the DSP)   --->   "%add_ln85_42 = add i17 %sext_ln85_39, i17 %zext_ln85_12" [Lenet_RTL_test/lenet_conv1_only.cpp:85->Lenet_RTL_test/lenet_conv1_only.cpp:131]   --->   Operation 385 'add' 'add_ln85_42' <Predicate = (!icmp_ln118)> <Delay = 2.10> <CoreInst = "DSP48">   --->   Core 119 'DSP48' <Latency = 3> <II = 1> <Delay = 2.15> <IPBlock> <Opcode : '<invalid operator> ' 'mul' 'add' 'sub' 'select'> <InPorts = 0> <OutPorts = 1> <Sync> <CReg>

State 13 <SV = 12> <Delay = 6.27>
ST_13 : Operation 386 [1/1] (0.00ns)   --->   "%tmp_19 = bitconcatenate i10 @_ssdm_op_BitConcatenate.i10.i5.i5, i5 %add_ln118_2, i5 %add_ln126" [Lenet_RTL_test/lenet_conv1_only.cpp:126]   --->   Operation 386 'bitconcatenate' 'tmp_19' <Predicate = (!icmp_ln118)> <Delay = 0.00>
ST_13 : Operation 387 [1/1] (0.00ns)   --->   "%zext_ln126_54 = zext i10 %tmp_19" [Lenet_RTL_test/lenet_conv1_only.cpp:126]   --->   Operation 387 'zext' 'zext_ln126_54' <Predicate = (!icmp_ln118)> <Delay = 0.00>
ST_13 : Operation 388 [1/1] (0.00ns)   --->   "%x_addr_22 = getelementptr i8 %x, i64 0, i64 %zext_ln126_54" [Lenet_RTL_test/lenet_conv1_only.cpp:126]   --->   Operation 388 'getelementptr' 'x_addr_22' <Predicate = (!icmp_ln118)> <Delay = 0.00>
ST_13 : Operation 389 [1/1] (0.00ns)   --->   "%tmp_24 = bitconcatenate i10 @_ssdm_op_BitConcatenate.i10.i5.i5, i5 %add_ln118_2, i5 %add_ln126_1" [Lenet_RTL_test/lenet_conv1_only.cpp:126]   --->   Operation 389 'bitconcatenate' 'tmp_24' <Predicate = (!icmp_ln118)> <Delay = 0.00>
ST_13 : Operation 390 [1/1] (0.00ns)   --->   "%zext_ln126_59 = zext i10 %tmp_24" [Lenet_RTL_test/lenet_conv1_only.cpp:126]   --->   Operation 390 'zext' 'zext_ln126_59' <Predicate = (!icmp_ln118)> <Delay = 0.00>
ST_13 : Operation 391 [1/1] (0.00ns)   --->   "%x_addr_23 = getelementptr i8 %x, i64 0, i64 %zext_ln126_59" [Lenet_RTL_test/lenet_conv1_only.cpp:126]   --->   Operation 391 'getelementptr' 'x_addr_23' <Predicate = (!icmp_ln118)> <Delay = 0.00>
ST_13 : Operation 392 [1/1] (0.00ns)   --->   "%zext_ln126_23 = zext i8 %x_load_12" [Lenet_RTL_test/lenet_conv1_only.cpp:126]   --->   Operation 392 'zext' 'zext_ln126_23' <Predicate = (!icmp_ln118)> <Delay = 0.00>
ST_13 : Operation 393 [1/1] (0.00ns)   --->   "%zext_ln126_24 = zext i8 %x_load_13" [Lenet_RTL_test/lenet_conv1_only.cpp:126]   --->   Operation 393 'zext' 'zext_ln126_24' <Predicate = (!icmp_ln118)> <Delay = 0.00>
ST_13 : Operation 394 [1/2] (3.25ns)   --->   "%x_load_14 = load i10 %x_addr_14" [Lenet_RTL_test/lenet_conv1_only.cpp:126]   --->   Operation 394 'load' 'x_load_14' <Predicate = (!icmp_ln118)> <Delay = 3.25> <CoreInst = "RAM">   --->   Core 82 'RAM' <Latency = 1> <II = 1> <Delay = 3.25> <Storage> <Opcode : 'load' 'store'> <Ports = 2> <Width = 8> <Depth = 1024> <RAM>
ST_13 : Operation 395 [1/2] (3.25ns)   --->   "%x_load_18 = load i10 %x_addr_18" [Lenet_RTL_test/lenet_conv1_only.cpp:126]   --->   Operation 395 'load' 'x_load_18' <Predicate = (!icmp_ln118)> <Delay = 3.25> <CoreInst = "RAM">   --->   Core 82 'RAM' <Latency = 1> <II = 1> <Delay = 3.25> <Storage> <Opcode : 'load' 'store'> <Ports = 2> <Width = 8> <Depth = 1024> <RAM>
ST_13 : Operation 396 [1/1] (0.00ns)   --->   "%zext_ln126_30 = zext i8 %x_load_18" [Lenet_RTL_test/lenet_conv1_only.cpp:126]   --->   Operation 396 'zext' 'zext_ln126_30' <Predicate = (!icmp_ln118)> <Delay = 0.00>
ST_13 : Operation 397 [2/2] (3.25ns)   --->   "%x_load_22 = load i10 %x_addr_22" [Lenet_RTL_test/lenet_conv1_only.cpp:126]   --->   Operation 397 'load' 'x_load_22' <Predicate = (!icmp_ln118)> <Delay = 3.25> <CoreInst = "RAM">   --->   Core 82 'RAM' <Latency = 1> <II = 1> <Delay = 3.25> <Storage> <Opcode : 'load' 'store'> <Ports = 2> <Width = 8> <Depth = 1024> <RAM>
ST_13 : Operation 398 [2/2] (3.25ns)   --->   "%x_load_23 = load i10 %x_addr_23" [Lenet_RTL_test/lenet_conv1_only.cpp:126]   --->   Operation 398 'load' 'x_load_23' <Predicate = (!icmp_ln118)> <Delay = 3.25> <CoreInst = "RAM">   --->   Core 82 'RAM' <Latency = 1> <II = 1> <Delay = 3.25> <Storage> <Opcode : 'load' 'store'> <Ports = 2> <Width = 8> <Depth = 1024> <RAM>
ST_13 : Operation 399 [1/1] (4.17ns)   --->   "%mul_ln85_1 = mul i16 %zext_ln126_24, i16 %LENET_C1_W_0_2_3_load_cast_cast" [Lenet_RTL_test/lenet_conv1_only.cpp:85->Lenet_RTL_test/lenet_conv1_only.cpp:131]   --->   Operation 399 'mul' 'mul_ln85_1' <Predicate = (!icmp_ln118)> <Delay = 4.17> <CoreInst = "Multiplier">   --->   Core 3 'Multiplier' <Latency = 0> <II = 1> <Delay = 4.17> <FuncUnit> <Opcode : 'mul'> <InPorts = 2> <OutPorts = 1>
ST_13 : Operation 400 [1/1] (0.00ns)   --->   "%sext_ln85_1 = sext i16 %mul_ln85_1" [Lenet_RTL_test/lenet_conv1_only.cpp:85->Lenet_RTL_test/lenet_conv1_only.cpp:131]   --->   Operation 400 'sext' 'sext_ln85_1' <Predicate = (!icmp_ln118)> <Delay = 0.00>
ST_13 : Operation 401 [1/1] (4.17ns)   --->   "%mul_ln85_5 = mul i16 %zext_ln126_23, i16 %LENET_C1_W_0_2_2_load_cast_cast" [Lenet_RTL_test/lenet_conv1_only.cpp:85->Lenet_RTL_test/lenet_conv1_only.cpp:131]   --->   Operation 401 'mul' 'mul_ln85_5' <Predicate = (!icmp_ln118)> <Delay = 4.17> <CoreInst = "Multiplier">   --->   Core 3 'Multiplier' <Latency = 0> <II = 1> <Delay = 4.17> <FuncUnit> <Opcode : 'mul'> <InPorts = 2> <OutPorts = 1>
ST_13 : Operation 402 [3/3] (1.05ns) (grouped into DSP with root node add_ln85_6)   --->   "%mul_ln85_6 = mul i16 %zext_ln126_30, i16 %LENET_C1_W_0_3_3_load_cast_cast" [Lenet_RTL_test/lenet_conv1_only.cpp:85->Lenet_RTL_test/lenet_conv1_only.cpp:131]   --->   Operation 402 'mul' 'mul_ln85_6' <Predicate = (!icmp_ln118)> <Delay = 1.05> <CoreInst = "DSP48">   --->   Core 119 'DSP48' <Latency = 3> <II = 1> <Delay = 2.15> <IPBlock> <Opcode : '<invalid operator> ' 'mul' 'add' 'sub' 'select'> <InPorts = 0> <OutPorts = 1> <Sync> <CReg>
ST_13 : Operation 403 [1/3] (0.00ns) (grouped into DSP with root node add_ln85_5)   --->   "%mul_ln85_11 = mul i15 %zext_ln126_21, i15 %LENET_C1_W_0_2_1_load_cast_cast" [Lenet_RTL_test/lenet_conv1_only.cpp:85->Lenet_RTL_test/lenet_conv1_only.cpp:131]   --->   Operation 403 'mul' 'mul_ln85_11' <Predicate = (!icmp_ln118)> <Delay = 0.00> <CoreInst = "DSP48">   --->   Core 119 'DSP48' <Latency = 3> <II = 1> <Delay = 2.15> <IPBlock> <Opcode : '<invalid operator> ' 'mul' 'add' 'sub' 'select'> <InPorts = 0> <OutPorts = 1> <Sync> <CReg>
ST_13 : Operation 404 [1/1] (0.00ns) (grouped into DSP with root node add_ln85_5)   --->   "%zext_ln85_4 = zext i15 %mul_ln85_11" [Lenet_RTL_test/lenet_conv1_only.cpp:85->Lenet_RTL_test/lenet_conv1_only.cpp:131]   --->   Operation 404 'zext' 'zext_ln85_4' <Predicate = (!icmp_ln118)> <Delay = 0.00>
ST_13 : Operation 405 [1/3] (0.00ns) (grouped into DSP with root node add_ln85_18)   --->   "%mul_ln85_12 = mul i15 %zext_ln126_12, i15 %LENET_C1_W_0_1_0_load_cast_cast" [Lenet_RTL_test/lenet_conv1_only.cpp:85->Lenet_RTL_test/lenet_conv1_only.cpp:131]   --->   Operation 405 'mul' 'mul_ln85_12' <Predicate = (!icmp_ln118)> <Delay = 0.00> <CoreInst = "DSP48">   --->   Core 119 'DSP48' <Latency = 3> <II = 1> <Delay = 2.15> <IPBlock> <Opcode : '<invalid operator> ' 'mul' 'add' 'sub' 'select'> <InPorts = 0> <OutPorts = 1> <Sync> <CReg>
ST_13 : Operation 406 [1/1] (0.00ns) (grouped into DSP with root node add_ln85_18)   --->   "%zext_ln85_5 = zext i15 %mul_ln85_12" [Lenet_RTL_test/lenet_conv1_only.cpp:85->Lenet_RTL_test/lenet_conv1_only.cpp:131]   --->   Operation 406 'zext' 'zext_ln85_5' <Predicate = (!icmp_ln118)> <Delay = 0.00>
ST_13 : Operation 407 [3/3] (1.05ns) (grouped into DSP with root node add_ln85)   --->   "%mul_ln85_13 = mul i16 %zext_ln126_33, i16 %LENET_C1_W_0_4_1_load_cast_cast" [Lenet_RTL_test/lenet_conv1_only.cpp:85->Lenet_RTL_test/lenet_conv1_only.cpp:131]   --->   Operation 407 'mul' 'mul_ln85_13' <Predicate = (!icmp_ln118)> <Delay = 1.05> <CoreInst = "DSP48">   --->   Core 119 'DSP48' <Latency = 3> <II = 1> <Delay = 2.15> <IPBlock> <Opcode : '<invalid operator> ' 'mul' 'add' 'sub' 'select'> <InPorts = 0> <OutPorts = 1> <Sync> <CReg>
ST_13 : Operation 408 [2/3] (1.05ns) (grouped into DSP with root node add_ln85_20)   --->   "%mul_ln85_24 = mul i16 %zext_ln85, i16 %sext_ln118_cast" [Lenet_RTL_test/lenet_conv1_only.cpp:85->Lenet_RTL_test/lenet_conv1_only.cpp:131]   --->   Operation 408 'mul' 'mul_ln85_24' <Predicate = (!icmp_ln118)> <Delay = 1.05> <CoreInst = "DSP48">   --->   Core 119 'DSP48' <Latency = 3> <II = 1> <Delay = 2.15> <IPBlock> <Opcode : '<invalid operator> ' 'mul' 'add' 'sub' 'select'> <InPorts = 0> <OutPorts = 1> <Sync> <CReg>
ST_13 : Operation 409 [1/2] (2.10ns) (root node of the DSP)   --->   "%add_ln85_3 = add i18 %sext_ln85_16, i18 %sext_ln85" [Lenet_RTL_test/lenet_conv1_only.cpp:85->Lenet_RTL_test/lenet_conv1_only.cpp:131]   --->   Operation 409 'add' 'add_ln85_3' <Predicate = (!icmp_ln118)> <Delay = 2.10> <CoreInst = "DSP48">   --->   Core 119 'DSP48' <Latency = 3> <II = 1> <Delay = 2.15> <IPBlock> <Opcode : '<invalid operator> ' 'mul' 'add' 'sub' 'select'> <InPorts = 0> <OutPorts = 1> <Sync> <CReg>
ST_13 : Operation 410 [2/2] (2.10ns) (root node of the DSP)   --->   "%add_ln85_5 = add i17 %zext_ln85_4, i17 %sext_ln85_1" [Lenet_RTL_test/lenet_conv1_only.cpp:85->Lenet_RTL_test/lenet_conv1_only.cpp:131]   --->   Operation 410 'add' 'add_ln85_5' <Predicate = (!icmp_ln118)> <Delay = 2.10> <CoreInst = "DSP48">   --->   Core 119 'DSP48' <Latency = 3> <II = 1> <Delay = 2.15> <IPBlock> <Opcode : '<invalid operator> ' 'mul' 'add' 'sub' 'select'> <InPorts = 0> <OutPorts = 1> <Sync> <CReg>
ST_13 : Operation 411 [1/2] (2.10ns) (root node of the DSP)   --->   "%add_ln85_17 = add i16 %zext_ln85_1, i16 %zext_ln85_2" [Lenet_RTL_test/lenet_conv1_only.cpp:85->Lenet_RTL_test/lenet_conv1_only.cpp:131]   --->   Operation 411 'add' 'add_ln85_17' <Predicate = (!icmp_ln118)> <Delay = 2.10> <CoreInst = "DSP48">   --->   Core 119 'DSP48' <Latency = 3> <II = 1> <Delay = 2.15> <IPBlock> <Opcode : '<invalid operator> ' 'mul' 'add' 'sub' 'select'> <InPorts = 0> <OutPorts = 1> <Sync> <CReg>
ST_13 : Operation 412 [2/2] (2.10ns) (root node of the DSP)   --->   "%add_ln85_18 = add i16 %add_ln85_17, i16 %zext_ln85_5" [Lenet_RTL_test/lenet_conv1_only.cpp:85->Lenet_RTL_test/lenet_conv1_only.cpp:131]   --->   Operation 412 'add' 'add_ln85_18' <Predicate = (!icmp_ln118)> <Delay = 2.10> <CoreInst = "DSP48">   --->   Core 119 'DSP48' <Latency = 3> <II = 1> <Delay = 2.15> <IPBlock> <Opcode : '<invalid operator> ' 'mul' 'add' 'sub' 'select'> <InPorts = 0> <OutPorts = 1> <Sync> <CReg>
ST_13 : Operation 413 [1/3] (0.00ns) (grouped into DSP with root node add_ln85_43)   --->   "%mul_ln85_32 = mul i14 %zext_ln126_15, i14 %LENET_C1_W_0_1_1_load_cast_cast" [Lenet_RTL_test/lenet_conv1_only.cpp:85->Lenet_RTL_test/lenet_conv1_only.cpp:131]   --->   Operation 413 'mul' 'mul_ln85_32' <Predicate = (!icmp_ln118)> <Delay = 0.00> <CoreInst = "DSP48">   --->   Core 119 'DSP48' <Latency = 3> <II = 1> <Delay = 2.15> <IPBlock> <Opcode : '<invalid operator> ' 'mul' 'add' 'sub' 'select'> <InPorts = 0> <OutPorts = 1> <Sync> <CReg>
ST_13 : Operation 414 [1/1] (0.00ns) (grouped into DSP with root node add_ln85_43)   --->   "%zext_ln85_13 = zext i14 %mul_ln85_32" [Lenet_RTL_test/lenet_conv1_only.cpp:85->Lenet_RTL_test/lenet_conv1_only.cpp:131]   --->   Operation 414 'zext' 'zext_ln85_13' <Predicate = (!icmp_ln118)> <Delay = 0.00>
ST_13 : Operation 415 [3/3] (1.05ns) (grouped into DSP with root node add_ln85_27)   --->   "%mul_ln85_35 = mul i16 %zext_ln85, i16 %LENET_C1_W_0_4_3_load_cast_cast" [Lenet_RTL_test/lenet_conv1_only.cpp:85->Lenet_RTL_test/lenet_conv1_only.cpp:131]   --->   Operation 415 'mul' 'mul_ln85_35' <Predicate = (!icmp_ln118)> <Delay = 1.05> <CoreInst = "DSP48">   --->   Core 119 'DSP48' <Latency = 3> <II = 1> <Delay = 2.15> <IPBlock> <Opcode : '<invalid operator> ' 'mul' 'add' 'sub' 'select'> <InPorts = 0> <OutPorts = 1> <Sync> <CReg>
ST_13 : Operation 416 [2/3] (1.05ns) (grouped into DSP with root node add_ln85_30)   --->   "%mul_ln85_45 = mul i16 %zext_ln126_29, i16 %LENET_C1_W_0_3_1_load_cast_cast" [Lenet_RTL_test/lenet_conv1_only.cpp:85->Lenet_RTL_test/lenet_conv1_only.cpp:131]   --->   Operation 416 'mul' 'mul_ln85_45' <Predicate = (!icmp_ln118)> <Delay = 1.05> <CoreInst = "DSP48">   --->   Core 119 'DSP48' <Latency = 3> <II = 1> <Delay = 2.15> <IPBlock> <Opcode : '<invalid operator> ' 'mul' 'add' 'sub' 'select'> <InPorts = 0> <OutPorts = 1> <Sync> <CReg>
ST_13 : Operation 417 [1/2] (2.10ns) (root node of the DSP)   --->   "%add_ln85_42 = add i17 %sext_ln85_39, i17 %zext_ln85_12" [Lenet_RTL_test/lenet_conv1_only.cpp:85->Lenet_RTL_test/lenet_conv1_only.cpp:131]   --->   Operation 417 'add' 'add_ln85_42' <Predicate = (!icmp_ln118)> <Delay = 2.10> <CoreInst = "DSP48">   --->   Core 119 'DSP48' <Latency = 3> <II = 1> <Delay = 2.15> <IPBlock> <Opcode : '<invalid operator> ' 'mul' 'add' 'sub' 'select'> <InPorts = 0> <OutPorts = 1> <Sync> <CReg>
ST_13 : Operation 418 [2/2] (2.10ns) (root node of the DSP)   --->   "%add_ln85_43 = add i17 %add_ln85_42, i17 %zext_ln85_13" [Lenet_RTL_test/lenet_conv1_only.cpp:85->Lenet_RTL_test/lenet_conv1_only.cpp:131]   --->   Operation 418 'add' 'add_ln85_43' <Predicate = (!icmp_ln118)> <Delay = 2.10> <CoreInst = "DSP48">   --->   Core 119 'DSP48' <Latency = 3> <II = 1> <Delay = 2.15> <IPBlock> <Opcode : '<invalid operator> ' 'mul' 'add' 'sub' 'select'> <InPorts = 0> <OutPorts = 1> <Sync> <CReg>

State 14 <SV = 13> <Delay = 6.27>
ST_14 : Operation 419 [1/1] (0.00ns)   --->   "%tmp_7 = bitconcatenate i10 @_ssdm_op_BitConcatenate.i10.i5.i5, i5 %select_ln118_1, i5 0" [Lenet_RTL_test/lenet_conv1_only.cpp:126]   --->   Operation 419 'bitconcatenate' 'tmp_7' <Predicate = (!icmp_ln118)> <Delay = 0.00>
ST_14 : Operation 420 [1/1] (0.00ns)   --->   "%tmp_1 = bitconcatenate i10 @_ssdm_op_BitConcatenate.i10.i5.i5, i5 %add_ln118, i5 0" [Lenet_RTL_test/lenet_conv1_only.cpp:126]   --->   Operation 420 'bitconcatenate' 'tmp_1' <Predicate = (!icmp_ln118)> <Delay = 0.00>
ST_14 : Operation 421 [1/1] (0.00ns)   --->   "%zext_ln126_25 = zext i8 %x_load_14" [Lenet_RTL_test/lenet_conv1_only.cpp:126]   --->   Operation 421 'zext' 'zext_ln126_25' <Predicate = (!icmp_ln118)> <Delay = 0.00>
ST_14 : Operation 422 [1/1] (0.00ns)   --->   "%zext_ln126_27 = zext i8 %x_load_16" [Lenet_RTL_test/lenet_conv1_only.cpp:126]   --->   Operation 422 'zext' 'zext_ln126_27' <Predicate = (!icmp_ln118)> <Delay = 0.00>
ST_14 : Operation 423 [1/2] (3.25ns)   --->   "%x_load_22 = load i10 %x_addr_22" [Lenet_RTL_test/lenet_conv1_only.cpp:126]   --->   Operation 423 'load' 'x_load_22' <Predicate = (!icmp_ln118)> <Delay = 3.25> <CoreInst = "RAM">   --->   Core 82 'RAM' <Latency = 1> <II = 1> <Delay = 3.25> <Storage> <Opcode : 'load' 'store'> <Ports = 2> <Width = 8> <Depth = 1024> <RAM>
ST_14 : Operation 424 [1/1] (0.00ns)   --->   "%zext_ln126_35 = zext i8 %x_load_22" [Lenet_RTL_test/lenet_conv1_only.cpp:126]   --->   Operation 424 'zext' 'zext_ln126_35' <Predicate = (!icmp_ln118)> <Delay = 0.00>
ST_14 : Operation 425 [1/2] (3.25ns)   --->   "%x_load_23 = load i10 %x_addr_23" [Lenet_RTL_test/lenet_conv1_only.cpp:126]   --->   Operation 425 'load' 'x_load_23' <Predicate = (!icmp_ln118)> <Delay = 3.25> <CoreInst = "RAM">   --->   Core 82 'RAM' <Latency = 1> <II = 1> <Delay = 3.25> <Storage> <Opcode : 'load' 'store'> <Ports = 2> <Width = 8> <Depth = 1024> <RAM>
ST_14 : Operation 426 [3/3] (1.05ns) (grouped into DSP with root node add_ln85_1)   --->   "%mul_ln85_2 = mul i15 %zext_ln126_35, i15 %LENET_C1_W_0_4_2_load_cast_cast" [Lenet_RTL_test/lenet_conv1_only.cpp:85->Lenet_RTL_test/lenet_conv1_only.cpp:131]   --->   Operation 426 'mul' 'mul_ln85_2' <Predicate = (!icmp_ln118)> <Delay = 1.05> <CoreInst = "DSP48">   --->   Core 119 'DSP48' <Latency = 3> <II = 1> <Delay = 2.15> <IPBlock> <Opcode : '<invalid operator> ' 'mul' 'add' 'sub' 'select'> <InPorts = 0> <OutPorts = 1> <Sync> <CReg>
ST_14 : Operation 427 [2/3] (1.05ns) (grouped into DSP with root node add_ln85_6)   --->   "%mul_ln85_6 = mul i16 %zext_ln126_30, i16 %LENET_C1_W_0_3_3_load_cast_cast" [Lenet_RTL_test/lenet_conv1_only.cpp:85->Lenet_RTL_test/lenet_conv1_only.cpp:131]   --->   Operation 427 'mul' 'mul_ln85_6' <Predicate = (!icmp_ln118)> <Delay = 1.05> <CoreInst = "DSP48">   --->   Core 119 'DSP48' <Latency = 3> <II = 1> <Delay = 2.15> <IPBlock> <Opcode : '<invalid operator> ' 'mul' 'add' 'sub' 'select'> <InPorts = 0> <OutPorts = 1> <Sync> <CReg>
ST_14 : Operation 428 [1/1] (4.17ns)   --->   "%mul_ln85_9 = mul i16 %zext_ln126_19, i16 %LENET_C1_W_0_1_4_load_cast_cast" [Lenet_RTL_test/lenet_conv1_only.cpp:85->Lenet_RTL_test/lenet_conv1_only.cpp:131]   --->   Operation 428 'mul' 'mul_ln85_9' <Predicate = (!icmp_ln118)> <Delay = 4.17> <CoreInst = "Multiplier">   --->   Core 3 'Multiplier' <Latency = 0> <II = 1> <Delay = 4.17> <FuncUnit> <Opcode : 'mul'> <InPorts = 2> <OutPorts = 1>
ST_14 : Operation 429 [1/1] (0.00ns)   --->   "%sext_ln85_6 = sext i16 %mul_ln85_9" [Lenet_RTL_test/lenet_conv1_only.cpp:85->Lenet_RTL_test/lenet_conv1_only.cpp:131]   --->   Operation 429 'sext' 'sext_ln85_6' <Predicate = (!icmp_ln118)> <Delay = 0.00>
ST_14 : Operation 430 [2/3] (1.05ns) (grouped into DSP with root node add_ln85)   --->   "%mul_ln85_13 = mul i16 %zext_ln126_33, i16 %LENET_C1_W_0_4_1_load_cast_cast" [Lenet_RTL_test/lenet_conv1_only.cpp:85->Lenet_RTL_test/lenet_conv1_only.cpp:131]   --->   Operation 430 'mul' 'mul_ln85_13' <Predicate = (!icmp_ln118)> <Delay = 1.05> <CoreInst = "DSP48">   --->   Core 119 'DSP48' <Latency = 3> <II = 1> <Delay = 2.15> <IPBlock> <Opcode : '<invalid operator> ' 'mul' 'add' 'sub' 'select'> <InPorts = 0> <OutPorts = 1> <Sync> <CReg>
ST_14 : Operation 431 [1/3] (0.00ns) (grouped into DSP with root node add_ln85_20)   --->   "%mul_ln85_24 = mul i16 %zext_ln85, i16 %sext_ln118_cast" [Lenet_RTL_test/lenet_conv1_only.cpp:85->Lenet_RTL_test/lenet_conv1_only.cpp:131]   --->   Operation 431 'mul' 'mul_ln85_24' <Predicate = (!icmp_ln118)> <Delay = 0.00> <CoreInst = "DSP48">   --->   Core 119 'DSP48' <Latency = 3> <II = 1> <Delay = 2.15> <IPBlock> <Opcode : '<invalid operator> ' 'mul' 'add' 'sub' 'select'> <InPorts = 0> <OutPorts = 1> <Sync> <CReg>
ST_14 : Operation 432 [1/1] (0.00ns) (grouped into DSP with root node add_ln85_20)   --->   "%sext_ln85_13 = sext i16 %mul_ln85_24" [Lenet_RTL_test/lenet_conv1_only.cpp:85->Lenet_RTL_test/lenet_conv1_only.cpp:131]   --->   Operation 432 'sext' 'sext_ln85_13' <Predicate = (!icmp_ln118)> <Delay = 0.00>
ST_14 : Operation 433 [1/2] (2.10ns) (root node of the DSP)   --->   "%add_ln85_5 = add i17 %zext_ln85_4, i17 %sext_ln85_1" [Lenet_RTL_test/lenet_conv1_only.cpp:85->Lenet_RTL_test/lenet_conv1_only.cpp:131]   --->   Operation 433 'add' 'add_ln85_5' <Predicate = (!icmp_ln118)> <Delay = 2.10> <CoreInst = "DSP48">   --->   Core 119 'DSP48' <Latency = 3> <II = 1> <Delay = 2.15> <IPBlock> <Opcode : '<invalid operator> ' 'mul' 'add' 'sub' 'select'> <InPorts = 0> <OutPorts = 1> <Sync> <CReg>
ST_14 : Operation 434 [1/2] (2.10ns) (root node of the DSP)   --->   "%add_ln85_18 = add i16 %add_ln85_17, i16 %zext_ln85_5" [Lenet_RTL_test/lenet_conv1_only.cpp:85->Lenet_RTL_test/lenet_conv1_only.cpp:131]   --->   Operation 434 'add' 'add_ln85_18' <Predicate = (!icmp_ln118)> <Delay = 2.10> <CoreInst = "DSP48">   --->   Core 119 'DSP48' <Latency = 3> <II = 1> <Delay = 2.15> <IPBlock> <Opcode : '<invalid operator> ' 'mul' 'add' 'sub' 'select'> <InPorts = 0> <OutPorts = 1> <Sync> <CReg>
ST_14 : Operation 435 [2/2] (2.10ns) (root node of the DSP)   --->   "%add_ln85_20 = add i17 %sext_ln85_6, i17 %sext_ln85_13" [Lenet_RTL_test/lenet_conv1_only.cpp:85->Lenet_RTL_test/lenet_conv1_only.cpp:131]   --->   Operation 435 'add' 'add_ln85_20' <Predicate = (!icmp_ln118)> <Delay = 2.10> <CoreInst = "DSP48">   --->   Core 119 'DSP48' <Latency = 3> <II = 1> <Delay = 2.15> <IPBlock> <Opcode : '<invalid operator> ' 'mul' 'add' 'sub' 'select'> <InPorts = 0> <OutPorts = 1> <Sync> <CReg>
ST_14 : Operation 436 [1/1] (1.73ns)   --->   "%add_ln126_4 = add i10 %tmp_7, i10 %zext_ln126_65" [Lenet_RTL_test/lenet_conv1_only.cpp:126]   --->   Operation 436 'add' 'add_ln126_4' <Predicate = (!icmp_ln118)> <Delay = 1.73> <CoreInst = "Adder">   --->   Core 1 'Adder' <Latency = 0> <II = 1> <Delay = 1.73> <FuncUnit> <Opcode : 'add' 'sub'> <InPorts = 2> <OutPorts = 1>
ST_14 : Operation 437 [1/1] (0.00ns)   --->   "%zext_ln126_66 = zext i10 %add_ln126_4" [Lenet_RTL_test/lenet_conv1_only.cpp:126]   --->   Operation 437 'zext' 'zext_ln126_66' <Predicate = (!icmp_ln118)> <Delay = 0.00>
ST_14 : Operation 438 [1/1] (0.00ns)   --->   "%x_addr_25 = getelementptr i8 %x, i64 0, i64 %zext_ln126_66" [Lenet_RTL_test/lenet_conv1_only.cpp:126]   --->   Operation 438 'getelementptr' 'x_addr_25' <Predicate = (!icmp_ln118)> <Delay = 0.00>
ST_14 : Operation 439 [1/1] (1.73ns)   --->   "%add_ln126_6 = add i10 %tmp_1, i10 %zext_ln126_65" [Lenet_RTL_test/lenet_conv1_only.cpp:126]   --->   Operation 439 'add' 'add_ln126_6' <Predicate = (!icmp_ln118)> <Delay = 1.73> <CoreInst = "Adder">   --->   Core 1 'Adder' <Latency = 0> <II = 1> <Delay = 1.73> <FuncUnit> <Opcode : 'add' 'sub'> <InPorts = 2> <OutPorts = 1>
ST_14 : Operation 440 [1/1] (0.00ns)   --->   "%zext_ln126_68 = zext i10 %add_ln126_6" [Lenet_RTL_test/lenet_conv1_only.cpp:126]   --->   Operation 440 'zext' 'zext_ln126_68' <Predicate = (!icmp_ln118)> <Delay = 0.00>
ST_14 : Operation 441 [1/1] (0.00ns)   --->   "%x_addr_27 = getelementptr i8 %x, i64 0, i64 %zext_ln126_68" [Lenet_RTL_test/lenet_conv1_only.cpp:126]   --->   Operation 441 'getelementptr' 'x_addr_27' <Predicate = (!icmp_ln118)> <Delay = 0.00>
ST_14 : Operation 442 [2/2] (3.25ns)   --->   "%x_load_25 = load i10 %x_addr_25" [Lenet_RTL_test/lenet_conv1_only.cpp:126]   --->   Operation 442 'load' 'x_load_25' <Predicate = (!icmp_ln118)> <Delay = 3.25> <CoreInst = "RAM">   --->   Core 82 'RAM' <Latency = 1> <II = 1> <Delay = 3.25> <Storage> <Opcode : 'load' 'store'> <Ports = 2> <Width = 8> <Depth = 1024> <RAM>
ST_14 : Operation 443 [2/2] (3.25ns)   --->   "%x_load_27 = load i10 %x_addr_27" [Lenet_RTL_test/lenet_conv1_only.cpp:126]   --->   Operation 443 'load' 'x_load_27' <Predicate = (!icmp_ln118)> <Delay = 3.25> <CoreInst = "RAM">   --->   Core 82 'RAM' <Latency = 1> <II = 1> <Delay = 3.25> <Storage> <Opcode : 'load' 'store'> <Ports = 2> <Width = 8> <Depth = 1024> <RAM>
ST_14 : Operation 444 [1/1] (4.17ns)   --->   "%mul_ln85_26 = mul i16 %zext_ln126_25, i16 %LENET_C1_W_0_2_3_load_cast_cast" [Lenet_RTL_test/lenet_conv1_only.cpp:85->Lenet_RTL_test/lenet_conv1_only.cpp:131]   --->   Operation 444 'mul' 'mul_ln85_26' <Predicate = (!icmp_ln118)> <Delay = 4.17> <CoreInst = "Multiplier">   --->   Core 3 'Multiplier' <Latency = 0> <II = 1> <Delay = 4.17> <FuncUnit> <Opcode : 'mul'> <InPorts = 2> <OutPorts = 1>
ST_14 : Operation 445 [1/1] (0.00ns)   --->   "%sext_ln85_37 = sext i16 %mul_ln85_26" [Lenet_RTL_test/lenet_conv1_only.cpp:85->Lenet_RTL_test/lenet_conv1_only.cpp:131]   --->   Operation 445 'sext' 'sext_ln85_37' <Predicate = (!icmp_ln118)> <Delay = 0.00>
ST_14 : Operation 446 [2/3] (1.05ns) (grouped into DSP with root node add_ln85_27)   --->   "%mul_ln85_35 = mul i16 %zext_ln85, i16 %LENET_C1_W_0_4_3_load_cast_cast" [Lenet_RTL_test/lenet_conv1_only.cpp:85->Lenet_RTL_test/lenet_conv1_only.cpp:131]   --->   Operation 446 'mul' 'mul_ln85_35' <Predicate = (!icmp_ln118)> <Delay = 1.05> <CoreInst = "DSP48">   --->   Core 119 'DSP48' <Latency = 3> <II = 1> <Delay = 2.15> <IPBlock> <Opcode : '<invalid operator> ' 'mul' 'add' 'sub' 'select'> <InPorts = 0> <OutPorts = 1> <Sync> <CReg>
ST_14 : Operation 447 [3/3] (1.05ns) (grouped into DSP with root node add_ln85_44)   --->   "%mul_ln85_43 = mul i15 %zext_ln126_21, i15 %LENET_C1_W_0_2_0_load_cast_cast" [Lenet_RTL_test/lenet_conv1_only.cpp:85->Lenet_RTL_test/lenet_conv1_only.cpp:131]   --->   Operation 447 'mul' 'mul_ln85_43' <Predicate = (!icmp_ln118)> <Delay = 1.05> <CoreInst = "DSP48">   --->   Core 119 'DSP48' <Latency = 3> <II = 1> <Delay = 2.15> <IPBlock> <Opcode : '<invalid operator> ' 'mul' 'add' 'sub' 'select'> <InPorts = 0> <OutPorts = 1> <Sync> <CReg>
ST_14 : Operation 448 [3/3] (1.05ns) (grouped into DSP with root node add_ln85_32)   --->   "%mul_ln85_44 = mul i15 %zext_ln126_27, i15 %LENET_C1_W_0_3_0_load_cast_cast" [Lenet_RTL_test/lenet_conv1_only.cpp:85->Lenet_RTL_test/lenet_conv1_only.cpp:131]   --->   Operation 448 'mul' 'mul_ln85_44' <Predicate = (!icmp_ln118)> <Delay = 1.05> <CoreInst = "DSP48">   --->   Core 119 'DSP48' <Latency = 3> <II = 1> <Delay = 2.15> <IPBlock> <Opcode : '<invalid operator> ' 'mul' 'add' 'sub' 'select'> <InPorts = 0> <OutPorts = 1> <Sync> <CReg>
ST_14 : Operation 449 [1/3] (0.00ns) (grouped into DSP with root node add_ln85_30)   --->   "%mul_ln85_45 = mul i16 %zext_ln126_29, i16 %LENET_C1_W_0_3_1_load_cast_cast" [Lenet_RTL_test/lenet_conv1_only.cpp:85->Lenet_RTL_test/lenet_conv1_only.cpp:131]   --->   Operation 449 'mul' 'mul_ln85_45' <Predicate = (!icmp_ln118)> <Delay = 0.00> <CoreInst = "DSP48">   --->   Core 119 'DSP48' <Latency = 3> <II = 1> <Delay = 2.15> <IPBlock> <Opcode : '<invalid operator> ' 'mul' 'add' 'sub' 'select'> <InPorts = 0> <OutPorts = 1> <Sync> <CReg>
ST_14 : Operation 450 [1/1] (0.00ns) (grouped into DSP with root node add_ln85_30)   --->   "%sext_ln85_45 = sext i16 %mul_ln85_45" [Lenet_RTL_test/lenet_conv1_only.cpp:85->Lenet_RTL_test/lenet_conv1_only.cpp:131]   --->   Operation 450 'sext' 'sext_ln85_45' <Predicate = (!icmp_ln118)> <Delay = 0.00>
ST_14 : Operation 451 [2/2] (2.10ns) (root node of the DSP)   --->   "%add_ln85_30 = add i17 %sext_ln85_37, i17 %sext_ln85_45" [Lenet_RTL_test/lenet_conv1_only.cpp:85->Lenet_RTL_test/lenet_conv1_only.cpp:131]   --->   Operation 451 'add' 'add_ln85_30' <Predicate = (!icmp_ln118)> <Delay = 2.10> <CoreInst = "DSP48">   --->   Core 119 'DSP48' <Latency = 3> <II = 1> <Delay = 2.15> <IPBlock> <Opcode : '<invalid operator> ' 'mul' 'add' 'sub' 'select'> <InPorts = 0> <OutPorts = 1> <Sync> <CReg>
ST_14 : Operation 452 [1/2] (2.10ns) (root node of the DSP)   --->   "%add_ln85_43 = add i17 %add_ln85_42, i17 %zext_ln85_13" [Lenet_RTL_test/lenet_conv1_only.cpp:85->Lenet_RTL_test/lenet_conv1_only.cpp:131]   --->   Operation 452 'add' 'add_ln85_43' <Predicate = (!icmp_ln118)> <Delay = 2.10> <CoreInst = "DSP48">   --->   Core 119 'DSP48' <Latency = 3> <II = 1> <Delay = 2.15> <IPBlock> <Opcode : '<invalid operator> ' 'mul' 'add' 'sub' 'select'> <InPorts = 0> <OutPorts = 1> <Sync> <CReg>

State 15 <SV = 14> <Delay = 6.34>
ST_15 : Operation 453 [1/1] (0.00ns)   --->   "%tmp_2 = bitconcatenate i10 @_ssdm_op_BitConcatenate.i10.i5.i5, i5 %add_ln118_1, i5 0" [Lenet_RTL_test/lenet_conv1_only.cpp:126]   --->   Operation 453 'bitconcatenate' 'tmp_2' <Predicate = (!icmp_ln118)> <Delay = 0.00>
ST_15 : Operation 454 [1/1] (0.00ns)   --->   "%tmp_3 = bitconcatenate i10 @_ssdm_op_BitConcatenate.i10.i5.i5, i5 %add_ln118_2, i5 0" [Lenet_RTL_test/lenet_conv1_only.cpp:126]   --->   Operation 454 'bitconcatenate' 'tmp_3' <Predicate = (!icmp_ln118)> <Delay = 0.00>
ST_15 : Operation 455 [1/1] (0.00ns)   --->   "%zext_ln126_22 = zext i8 %x_load_12" [Lenet_RTL_test/lenet_conv1_only.cpp:126]   --->   Operation 455 'zext' 'zext_ln126_22' <Predicate = (!icmp_ln118)> <Delay = 0.00>
ST_15 : Operation 456 [1/1] (0.00ns)   --->   "%zext_ln126_34 = zext i8 %x_load_22" [Lenet_RTL_test/lenet_conv1_only.cpp:126]   --->   Operation 456 'zext' 'zext_ln126_34' <Predicate = (!icmp_ln118)> <Delay = 0.00>
ST_15 : Operation 457 [1/1] (0.00ns)   --->   "%zext_ln126_37 = zext i8 %x_load_23" [Lenet_RTL_test/lenet_conv1_only.cpp:126]   --->   Operation 457 'zext' 'zext_ln126_37' <Predicate = (!icmp_ln118)> <Delay = 0.00>
ST_15 : Operation 458 [2/3] (1.05ns) (grouped into DSP with root node add_ln85_1)   --->   "%mul_ln85_2 = mul i15 %zext_ln126_35, i15 %LENET_C1_W_0_4_2_load_cast_cast" [Lenet_RTL_test/lenet_conv1_only.cpp:85->Lenet_RTL_test/lenet_conv1_only.cpp:131]   --->   Operation 458 'mul' 'mul_ln85_2' <Predicate = (!icmp_ln118)> <Delay = 1.05> <CoreInst = "DSP48">   --->   Core 119 'DSP48' <Latency = 3> <II = 1> <Delay = 2.15> <IPBlock> <Opcode : '<invalid operator> ' 'mul' 'add' 'sub' 'select'> <InPorts = 0> <OutPorts = 1> <Sync> <CReg>
ST_15 : Operation 459 [1/3] (0.00ns) (grouped into DSP with root node add_ln85_6)   --->   "%mul_ln85_6 = mul i16 %zext_ln126_30, i16 %LENET_C1_W_0_3_3_load_cast_cast" [Lenet_RTL_test/lenet_conv1_only.cpp:85->Lenet_RTL_test/lenet_conv1_only.cpp:131]   --->   Operation 459 'mul' 'mul_ln85_6' <Predicate = (!icmp_ln118)> <Delay = 0.00> <CoreInst = "DSP48">   --->   Core 119 'DSP48' <Latency = 3> <II = 1> <Delay = 2.15> <IPBlock> <Opcode : '<invalid operator> ' 'mul' 'add' 'sub' 'select'> <InPorts = 0> <OutPorts = 1> <Sync> <CReg>
ST_15 : Operation 460 [1/1] (0.00ns) (grouped into DSP with root node add_ln85_6)   --->   "%sext_ln85_5 = sext i16 %mul_ln85_6" [Lenet_RTL_test/lenet_conv1_only.cpp:85->Lenet_RTL_test/lenet_conv1_only.cpp:131]   --->   Operation 460 'sext' 'sext_ln85_5' <Predicate = (!icmp_ln118)> <Delay = 0.00>
ST_15 : Operation 461 [1/1] (4.17ns)   --->   "%mul_ln85_10 = mul i16 %zext_ln126_37, i16 %LENET_C1_W_0_4_3_load_cast_cast" [Lenet_RTL_test/lenet_conv1_only.cpp:85->Lenet_RTL_test/lenet_conv1_only.cpp:131]   --->   Operation 461 'mul' 'mul_ln85_10' <Predicate = (!icmp_ln118)> <Delay = 4.17> <CoreInst = "Multiplier">   --->   Core 3 'Multiplier' <Latency = 0> <II = 1> <Delay = 4.17> <FuncUnit> <Opcode : 'mul'> <InPorts = 2> <OutPorts = 1>
ST_15 : Operation 462 [1/3] (0.00ns) (grouped into DSP with root node add_ln85)   --->   "%mul_ln85_13 = mul i16 %zext_ln126_33, i16 %LENET_C1_W_0_4_1_load_cast_cast" [Lenet_RTL_test/lenet_conv1_only.cpp:85->Lenet_RTL_test/lenet_conv1_only.cpp:131]   --->   Operation 462 'mul' 'mul_ln85_13' <Predicate = (!icmp_ln118)> <Delay = 0.00> <CoreInst = "DSP48">   --->   Core 119 'DSP48' <Latency = 3> <II = 1> <Delay = 2.15> <IPBlock> <Opcode : '<invalid operator> ' 'mul' 'add' 'sub' 'select'> <InPorts = 0> <OutPorts = 1> <Sync> <CReg>
ST_15 : Operation 463 [3/3] (1.05ns) (grouped into DSP with root node add_ln85_7)   --->   "%mul_ln85_21 = mul i16 %zext_ln126_25, i16 %LENET_C1_W_0_2_4_load_cast_cast" [Lenet_RTL_test/lenet_conv1_only.cpp:85->Lenet_RTL_test/lenet_conv1_only.cpp:131]   --->   Operation 463 'mul' 'mul_ln85_21' <Predicate = (!icmp_ln118)> <Delay = 1.05> <CoreInst = "DSP48">   --->   Core 119 'DSP48' <Latency = 3> <II = 1> <Delay = 2.15> <IPBlock> <Opcode : '<invalid operator> ' 'mul' 'add' 'sub' 'select'> <InPorts = 0> <OutPorts = 1> <Sync> <CReg>
ST_15 : Operation 464 [2/2] (2.10ns) (root node of the DSP)   --->   "%add_ln85 = add i16 %mul_ln85_10, i16 %mul_ln85_13" [Lenet_RTL_test/lenet_conv1_only.cpp:85->Lenet_RTL_test/lenet_conv1_only.cpp:131]   --->   Operation 464 'add' 'add_ln85' <Predicate = (!icmp_ln118)> <Delay = 2.10> <CoreInst = "DSP48">   --->   Core 119 'DSP48' <Latency = 3> <II = 1> <Delay = 2.15> <IPBlock> <Opcode : '<invalid operator> ' 'mul' 'add' 'sub' 'select'> <InPorts = 0> <OutPorts = 1> <Sync> <CReg>
ST_15 : Operation 465 [1/1] (0.00ns)   --->   "%sext_ln85_18 = sext i17 %add_ln85_5" [Lenet_RTL_test/lenet_conv1_only.cpp:85->Lenet_RTL_test/lenet_conv1_only.cpp:131]   --->   Operation 465 'sext' 'sext_ln85_18' <Predicate = (!icmp_ln118)> <Delay = 0.00>
ST_15 : Operation 466 [2/2] (2.10ns) (root node of the DSP)   --->   "%add_ln85_6 = add i18 %sext_ln85_18, i18 %sext_ln85_5" [Lenet_RTL_test/lenet_conv1_only.cpp:85->Lenet_RTL_test/lenet_conv1_only.cpp:131]   --->   Operation 466 'add' 'add_ln85_6' <Predicate = (!icmp_ln118)> <Delay = 2.10> <CoreInst = "DSP48">   --->   Core 119 'DSP48' <Latency = 3> <II = 1> <Delay = 2.15> <IPBlock> <Opcode : '<invalid operator> ' 'mul' 'add' 'sub' 'select'> <InPorts = 0> <OutPorts = 1> <Sync> <CReg>
ST_15 : Operation 467 [1/1] (0.00ns)   --->   "%zext_ln85_10 = zext i16 %add_ln85_18" [Lenet_RTL_test/lenet_conv1_only.cpp:85->Lenet_RTL_test/lenet_conv1_only.cpp:131]   --->   Operation 467 'zext' 'zext_ln85_10' <Predicate = (!icmp_ln118)> <Delay = 0.00>
ST_15 : Operation 468 [1/1] (0.00ns)   --->   "%sext_ln85_30 = sext i17 %add_ln85_19" [Lenet_RTL_test/lenet_conv1_only.cpp:85->Lenet_RTL_test/lenet_conv1_only.cpp:131]   --->   Operation 468 'sext' 'sext_ln85_30' <Predicate = (!icmp_ln118)> <Delay = 0.00>
ST_15 : Operation 469 [1/2] (2.10ns) (root node of the DSP)   --->   "%add_ln85_20 = add i17 %sext_ln85_6, i17 %sext_ln85_13" [Lenet_RTL_test/lenet_conv1_only.cpp:85->Lenet_RTL_test/lenet_conv1_only.cpp:131]   --->   Operation 469 'add' 'add_ln85_20' <Predicate = (!icmp_ln118)> <Delay = 2.10> <CoreInst = "DSP48">   --->   Core 119 'DSP48' <Latency = 3> <II = 1> <Delay = 2.15> <IPBlock> <Opcode : '<invalid operator> ' 'mul' 'add' 'sub' 'select'> <InPorts = 0> <OutPorts = 1> <Sync> <CReg>
ST_15 : Operation 470 [1/1] (0.00ns)   --->   "%sext_ln85_31 = sext i17 %add_ln85_20" [Lenet_RTL_test/lenet_conv1_only.cpp:85->Lenet_RTL_test/lenet_conv1_only.cpp:131]   --->   Operation 470 'sext' 'sext_ln85_31' <Predicate = (!icmp_ln118)> <Delay = 0.00>
ST_15 : Operation 471 [1/1] (2.10ns)   --->   "%add_ln85_21 = add i18 %sext_ln85_31, i18 %sext_ln85_30" [Lenet_RTL_test/lenet_conv1_only.cpp:85->Lenet_RTL_test/lenet_conv1_only.cpp:131]   --->   Operation 471 'add' 'add_ln85_21' <Predicate = (!icmp_ln118)> <Delay = 2.10> <CoreInst = "Adder">   --->   Core 1 'Adder' <Latency = 0> <II = 1> <Delay = 2.10> <FuncUnit> <Opcode : 'add' 'sub'> <InPorts = 2> <OutPorts = 1>
ST_15 : Operation 472 [1/1] (0.00ns)   --->   "%sext_ln85_32 = sext i18 %add_ln85_21" [Lenet_RTL_test/lenet_conv1_only.cpp:85->Lenet_RTL_test/lenet_conv1_only.cpp:131]   --->   Operation 472 'sext' 'sext_ln85_32' <Predicate = (!icmp_ln118)> <Delay = 0.00>
ST_15 : Operation 473 [1/1] (2.13ns)   --->   "%add_ln85_22 = add i19 %sext_ln85_32, i19 %zext_ln85_10" [Lenet_RTL_test/lenet_conv1_only.cpp:85->Lenet_RTL_test/lenet_conv1_only.cpp:131]   --->   Operation 473 'add' 'add_ln85_22' <Predicate = (!icmp_ln118)> <Delay = 2.13> <CoreInst = "Adder">   --->   Core 1 'Adder' <Latency = 0> <II = 1> <Delay = 2.13> <FuncUnit> <Opcode : 'add' 'sub'> <InPorts = 2> <OutPorts = 1>
ST_15 : Operation 474 [1/1] (1.73ns)   --->   "%add_ln126_7 = add i10 %tmp_2, i10 %zext_ln126_65" [Lenet_RTL_test/lenet_conv1_only.cpp:126]   --->   Operation 474 'add' 'add_ln126_7' <Predicate = (!icmp_ln118)> <Delay = 1.73> <CoreInst = "Adder">   --->   Core 1 'Adder' <Latency = 0> <II = 1> <Delay = 1.73> <FuncUnit> <Opcode : 'add' 'sub'> <InPorts = 2> <OutPorts = 1>
ST_15 : Operation 475 [1/1] (0.00ns)   --->   "%zext_ln126_69 = zext i10 %add_ln126_7" [Lenet_RTL_test/lenet_conv1_only.cpp:126]   --->   Operation 475 'zext' 'zext_ln126_69' <Predicate = (!icmp_ln118)> <Delay = 0.00>
ST_15 : Operation 476 [1/1] (0.00ns)   --->   "%x_addr_28 = getelementptr i8 %x, i64 0, i64 %zext_ln126_69" [Lenet_RTL_test/lenet_conv1_only.cpp:126]   --->   Operation 476 'getelementptr' 'x_addr_28' <Predicate = (!icmp_ln118)> <Delay = 0.00>
ST_15 : Operation 477 [1/1] (1.73ns)   --->   "%add_ln126_8 = add i10 %tmp_3, i10 %zext_ln126_65" [Lenet_RTL_test/lenet_conv1_only.cpp:126]   --->   Operation 477 'add' 'add_ln126_8' <Predicate = (!icmp_ln118)> <Delay = 1.73> <CoreInst = "Adder">   --->   Core 1 'Adder' <Latency = 0> <II = 1> <Delay = 1.73> <FuncUnit> <Opcode : 'add' 'sub'> <InPorts = 2> <OutPorts = 1>
ST_15 : Operation 478 [1/1] (0.00ns)   --->   "%zext_ln126_70 = zext i10 %add_ln126_8" [Lenet_RTL_test/lenet_conv1_only.cpp:126]   --->   Operation 478 'zext' 'zext_ln126_70' <Predicate = (!icmp_ln118)> <Delay = 0.00>
ST_15 : Operation 479 [1/1] (0.00ns)   --->   "%x_addr_29 = getelementptr i8 %x, i64 0, i64 %zext_ln126_70" [Lenet_RTL_test/lenet_conv1_only.cpp:126]   --->   Operation 479 'getelementptr' 'x_addr_29' <Predicate = (!icmp_ln118)> <Delay = 0.00>
ST_15 : Operation 480 [1/2] (3.25ns)   --->   "%x_load_25 = load i10 %x_addr_25" [Lenet_RTL_test/lenet_conv1_only.cpp:126]   --->   Operation 480 'load' 'x_load_25' <Predicate = (!icmp_ln118)> <Delay = 3.25> <CoreInst = "RAM">   --->   Core 82 'RAM' <Latency = 1> <II = 1> <Delay = 3.25> <Storage> <Opcode : 'load' 'store'> <Ports = 2> <Width = 8> <Depth = 1024> <RAM>
ST_15 : Operation 481 [1/1] (0.00ns)   --->   "%zext_ln126_40 = zext i8 %x_load_26" [Lenet_RTL_test/lenet_conv1_only.cpp:126]   --->   Operation 481 'zext' 'zext_ln126_40' <Predicate = (!icmp_ln118)> <Delay = 0.00>
ST_15 : Operation 482 [1/2] (3.25ns)   --->   "%x_load_27 = load i10 %x_addr_27" [Lenet_RTL_test/lenet_conv1_only.cpp:126]   --->   Operation 482 'load' 'x_load_27' <Predicate = (!icmp_ln118)> <Delay = 3.25> <CoreInst = "RAM">   --->   Core 82 'RAM' <Latency = 1> <II = 1> <Delay = 3.25> <Storage> <Opcode : 'load' 'store'> <Ports = 2> <Width = 8> <Depth = 1024> <RAM>
ST_15 : Operation 483 [2/2] (3.25ns)   --->   "%x_load_28 = load i10 %x_addr_28" [Lenet_RTL_test/lenet_conv1_only.cpp:126]   --->   Operation 483 'load' 'x_load_28' <Predicate = (!icmp_ln118)> <Delay = 3.25> <CoreInst = "RAM">   --->   Core 82 'RAM' <Latency = 1> <II = 1> <Delay = 3.25> <Storage> <Opcode : 'load' 'store'> <Ports = 2> <Width = 8> <Depth = 1024> <RAM>
ST_15 : Operation 484 [2/2] (3.25ns)   --->   "%x_load_29 = load i10 %x_addr_29" [Lenet_RTL_test/lenet_conv1_only.cpp:126]   --->   Operation 484 'load' 'x_load_29' <Predicate = (!icmp_ln118)> <Delay = 3.25> <CoreInst = "RAM">   --->   Core 82 'RAM' <Latency = 1> <II = 1> <Delay = 3.25> <Storage> <Opcode : 'load' 'store'> <Ports = 2> <Width = 8> <Depth = 1024> <RAM>
ST_15 : Operation 485 [3/3] (1.05ns) (grouped into DSP with root node add_ln85_25)   --->   "%mul_ln85_34 = mul i16 %zext_ln126_40, i16 %LENET_C1_W_0_1_4_load_cast_cast" [Lenet_RTL_test/lenet_conv1_only.cpp:85->Lenet_RTL_test/lenet_conv1_only.cpp:131]   --->   Operation 485 'mul' 'mul_ln85_34' <Predicate = (!icmp_ln118)> <Delay = 1.05> <CoreInst = "DSP48">   --->   Core 119 'DSP48' <Latency = 3> <II = 1> <Delay = 2.15> <IPBlock> <Opcode : '<invalid operator> ' 'mul' 'add' 'sub' 'select'> <InPorts = 0> <OutPorts = 1> <Sync> <CReg>
ST_15 : Operation 486 [1/3] (0.00ns) (grouped into DSP with root node add_ln85_27)   --->   "%mul_ln85_35 = mul i16 %zext_ln85, i16 %LENET_C1_W_0_4_3_load_cast_cast" [Lenet_RTL_test/lenet_conv1_only.cpp:85->Lenet_RTL_test/lenet_conv1_only.cpp:131]   --->   Operation 486 'mul' 'mul_ln85_35' <Predicate = (!icmp_ln118)> <Delay = 0.00> <CoreInst = "DSP48">   --->   Core 119 'DSP48' <Latency = 3> <II = 1> <Delay = 2.15> <IPBlock> <Opcode : '<invalid operator> ' 'mul' 'add' 'sub' 'select'> <InPorts = 0> <OutPorts = 1> <Sync> <CReg>
ST_15 : Operation 487 [3/3] (1.05ns) (grouped into DSP with root node add_ln85_45)   --->   "%mul_ln85_36 = mul i15 %zext_ln126_22, i15 %LENET_C1_W_0_2_1_load_cast_cast" [Lenet_RTL_test/lenet_conv1_only.cpp:85->Lenet_RTL_test/lenet_conv1_only.cpp:131]   --->   Operation 487 'mul' 'mul_ln85_36' <Predicate = (!icmp_ln118)> <Delay = 1.05> <CoreInst = "DSP48">   --->   Core 119 'DSP48' <Latency = 3> <II = 1> <Delay = 2.15> <IPBlock> <Opcode : '<invalid operator> ' 'mul' 'add' 'sub' 'select'> <InPorts = 0> <OutPorts = 1> <Sync> <CReg>
ST_15 : Operation 488 [1/1] (4.17ns)   --->   "%mul_ln85_38 = mul i16 %zext_ln126_34, i16 %LENET_C1_W_0_4_1_load_cast_cast" [Lenet_RTL_test/lenet_conv1_only.cpp:85->Lenet_RTL_test/lenet_conv1_only.cpp:131]   --->   Operation 488 'mul' 'mul_ln85_38' <Predicate = (!icmp_ln118)> <Delay = 4.17> <CoreInst = "Multiplier">   --->   Core 3 'Multiplier' <Latency = 0> <II = 1> <Delay = 4.17> <FuncUnit> <Opcode : 'mul'> <InPorts = 2> <OutPorts = 1>
ST_15 : Operation 489 [2/3] (1.05ns) (grouped into DSP with root node add_ln85_44)   --->   "%mul_ln85_43 = mul i15 %zext_ln126_21, i15 %LENET_C1_W_0_2_0_load_cast_cast" [Lenet_RTL_test/lenet_conv1_only.cpp:85->Lenet_RTL_test/lenet_conv1_only.cpp:131]   --->   Operation 489 'mul' 'mul_ln85_43' <Predicate = (!icmp_ln118)> <Delay = 1.05> <CoreInst = "DSP48">   --->   Core 119 'DSP48' <Latency = 3> <II = 1> <Delay = 2.15> <IPBlock> <Opcode : '<invalid operator> ' 'mul' 'add' 'sub' 'select'> <InPorts = 0> <OutPorts = 1> <Sync> <CReg>
ST_15 : Operation 490 [2/3] (1.05ns) (grouped into DSP with root node add_ln85_32)   --->   "%mul_ln85_44 = mul i15 %zext_ln126_27, i15 %LENET_C1_W_0_3_0_load_cast_cast" [Lenet_RTL_test/lenet_conv1_only.cpp:85->Lenet_RTL_test/lenet_conv1_only.cpp:131]   --->   Operation 490 'mul' 'mul_ln85_44' <Predicate = (!icmp_ln118)> <Delay = 1.05> <CoreInst = "DSP48">   --->   Core 119 'DSP48' <Latency = 3> <II = 1> <Delay = 2.15> <IPBlock> <Opcode : '<invalid operator> ' 'mul' 'add' 'sub' 'select'> <InPorts = 0> <OutPorts = 1> <Sync> <CReg>
ST_15 : Operation 491 [2/2] (2.10ns) (root node of the DSP)   --->   "%add_ln85_27 = add i16 %mul_ln85_38, i16 %mul_ln85_35" [Lenet_RTL_test/lenet_conv1_only.cpp:85->Lenet_RTL_test/lenet_conv1_only.cpp:131]   --->   Operation 491 'add' 'add_ln85_27' <Predicate = (!icmp_ln118)> <Delay = 2.10> <CoreInst = "DSP48">   --->   Core 119 'DSP48' <Latency = 3> <II = 1> <Delay = 2.15> <IPBlock> <Opcode : '<invalid operator> ' 'mul' 'add' 'sub' 'select'> <InPorts = 0> <OutPorts = 1> <Sync> <CReg>
ST_15 : Operation 492 [1/2] (2.10ns) (root node of the DSP)   --->   "%add_ln85_30 = add i17 %sext_ln85_37, i17 %sext_ln85_45" [Lenet_RTL_test/lenet_conv1_only.cpp:85->Lenet_RTL_test/lenet_conv1_only.cpp:131]   --->   Operation 492 'add' 'add_ln85_30' <Predicate = (!icmp_ln118)> <Delay = 2.10> <CoreInst = "DSP48">   --->   Core 119 'DSP48' <Latency = 3> <II = 1> <Delay = 2.15> <IPBlock> <Opcode : '<invalid operator> ' 'mul' 'add' 'sub' 'select'> <InPorts = 0> <OutPorts = 1> <Sync> <CReg>

State 16 <SV = 15> <Delay = 6.27>
ST_16 : Operation 493 [1/1] (0.00ns)   --->   "%zext_ln126_36 = zext i8 %x_load_23" [Lenet_RTL_test/lenet_conv1_only.cpp:126]   --->   Operation 493 'zext' 'zext_ln126_36' <Predicate = true> <Delay = 0.00>
ST_16 : Operation 494 [1/3] (0.00ns) (grouped into DSP with root node add_ln85_1)   --->   "%mul_ln85_2 = mul i15 %zext_ln126_35, i15 %LENET_C1_W_0_4_2_load_cast_cast" [Lenet_RTL_test/lenet_conv1_only.cpp:85->Lenet_RTL_test/lenet_conv1_only.cpp:131]   --->   Operation 494 'mul' 'mul_ln85_2' <Predicate = true> <Delay = 0.00> <CoreInst = "DSP48">   --->   Core 119 'DSP48' <Latency = 3> <II = 1> <Delay = 2.15> <IPBlock> <Opcode : '<invalid operator> ' 'mul' 'add' 'sub' 'select'> <InPorts = 0> <OutPorts = 1> <Sync> <CReg>
ST_16 : Operation 495 [1/1] (0.00ns) (grouped into DSP with root node add_ln85_1)   --->   "%sext_ln85_2 = sext i15 %mul_ln85_2" [Lenet_RTL_test/lenet_conv1_only.cpp:85->Lenet_RTL_test/lenet_conv1_only.cpp:131]   --->   Operation 495 'sext' 'sext_ln85_2' <Predicate = true> <Delay = 0.00>
ST_16 : Operation 496 [2/3] (1.05ns) (grouped into DSP with root node add_ln85_7)   --->   "%mul_ln85_21 = mul i16 %zext_ln126_25, i16 %LENET_C1_W_0_2_4_load_cast_cast" [Lenet_RTL_test/lenet_conv1_only.cpp:85->Lenet_RTL_test/lenet_conv1_only.cpp:131]   --->   Operation 496 'mul' 'mul_ln85_21' <Predicate = true> <Delay = 1.05> <CoreInst = "DSP48">   --->   Core 119 'DSP48' <Latency = 3> <II = 1> <Delay = 2.15> <IPBlock> <Opcode : '<invalid operator> ' 'mul' 'add' 'sub' 'select'> <InPorts = 0> <OutPorts = 1> <Sync> <CReg>
ST_16 : Operation 497 [1/2] (2.10ns) (root node of the DSP)   --->   "%add_ln85 = add i16 %mul_ln85_10, i16 %mul_ln85_13" [Lenet_RTL_test/lenet_conv1_only.cpp:85->Lenet_RTL_test/lenet_conv1_only.cpp:131]   --->   Operation 497 'add' 'add_ln85' <Predicate = true> <Delay = 2.10> <CoreInst = "DSP48">   --->   Core 119 'DSP48' <Latency = 3> <II = 1> <Delay = 2.15> <IPBlock> <Opcode : '<invalid operator> ' 'mul' 'add' 'sub' 'select'> <InPorts = 0> <OutPorts = 1> <Sync> <CReg>
ST_16 : Operation 498 [1/1] (0.00ns)   --->   "%sext_ln85_14 = sext i16 %add_ln85" [Lenet_RTL_test/lenet_conv1_only.cpp:85->Lenet_RTL_test/lenet_conv1_only.cpp:131]   --->   Operation 498 'sext' 'sext_ln85_14' <Predicate = true> <Delay = 0.00>
ST_16 : Operation 499 [2/2] (2.10ns) (root node of the DSP)   --->   "%add_ln85_1 = add i17 %sext_ln85_14, i17 %sext_ln85_2" [Lenet_RTL_test/lenet_conv1_only.cpp:85->Lenet_RTL_test/lenet_conv1_only.cpp:131]   --->   Operation 499 'add' 'add_ln85_1' <Predicate = true> <Delay = 2.10> <CoreInst = "DSP48">   --->   Core 119 'DSP48' <Latency = 3> <II = 1> <Delay = 2.15> <IPBlock> <Opcode : '<invalid operator> ' 'mul' 'add' 'sub' 'select'> <InPorts = 0> <OutPorts = 1> <Sync> <CReg>
ST_16 : Operation 500 [1/2] (2.10ns) (root node of the DSP)   --->   "%add_ln85_6 = add i18 %sext_ln85_18, i18 %sext_ln85_5" [Lenet_RTL_test/lenet_conv1_only.cpp:85->Lenet_RTL_test/lenet_conv1_only.cpp:131]   --->   Operation 500 'add' 'add_ln85_6' <Predicate = true> <Delay = 2.10> <CoreInst = "DSP48">   --->   Core 119 'DSP48' <Latency = 3> <II = 1> <Delay = 2.15> <IPBlock> <Opcode : '<invalid operator> ' 'mul' 'add' 'sub' 'select'> <InPorts = 0> <OutPorts = 1> <Sync> <CReg>
ST_16 : Operation 501 [1/1] (0.00ns)   --->   "%sext_ln85_29 = sext i19 %add_ln85_16" [Lenet_RTL_test/lenet_conv1_only.cpp:85->Lenet_RTL_test/lenet_conv1_only.cpp:131]   --->   Operation 501 'sext' 'sext_ln85_29' <Predicate = true> <Delay = 0.00>
ST_16 : Operation 502 [1/1] (0.00ns)   --->   "%sext_ln85_33 = sext i19 %add_ln85_22" [Lenet_RTL_test/lenet_conv1_only.cpp:85->Lenet_RTL_test/lenet_conv1_only.cpp:131]   --->   Operation 502 'sext' 'sext_ln85_33' <Predicate = true> <Delay = 0.00>
ST_16 : Operation 503 [1/1] (2.16ns)   --->   "%add_ln85_23 = add i20 %sext_ln85_33, i20 %sext_ln85_29" [Lenet_RTL_test/lenet_conv1_only.cpp:85->Lenet_RTL_test/lenet_conv1_only.cpp:131]   --->   Operation 503 'add' 'add_ln85_23' <Predicate = true> <Delay = 2.16> <CoreInst = "Adder">   --->   Core 1 'Adder' <Latency = 0> <II = 1> <Delay = 2.16> <FuncUnit> <Opcode : 'add' 'sub'> <InPorts = 2> <OutPorts = 1>
ST_16 : Operation 504 [1/1] (0.00ns)   --->   "%zext_ln126_39 = zext i8 %x_load_25" [Lenet_RTL_test/lenet_conv1_only.cpp:126]   --->   Operation 504 'zext' 'zext_ln126_39' <Predicate = true> <Delay = 0.00>
ST_16 : Operation 505 [1/1] (0.00ns)   --->   "%zext_ln126_41 = zext i8 %x_load_27" [Lenet_RTL_test/lenet_conv1_only.cpp:126]   --->   Operation 505 'zext' 'zext_ln126_41' <Predicate = true> <Delay = 0.00>
ST_16 : Operation 506 [1/2] (3.25ns)   --->   "%x_load_28 = load i10 %x_addr_28" [Lenet_RTL_test/lenet_conv1_only.cpp:126]   --->   Operation 506 'load' 'x_load_28' <Predicate = true> <Delay = 3.25> <CoreInst = "RAM">   --->   Core 82 'RAM' <Latency = 1> <II = 1> <Delay = 3.25> <Storage> <Opcode : 'load' 'store'> <Ports = 2> <Width = 8> <Depth = 1024> <RAM>
ST_16 : Operation 507 [1/2] (3.25ns)   --->   "%x_load_29 = load i10 %x_addr_29" [Lenet_RTL_test/lenet_conv1_only.cpp:126]   --->   Operation 507 'load' 'x_load_29' <Predicate = true> <Delay = 3.25> <CoreInst = "RAM">   --->   Core 82 'RAM' <Latency = 1> <II = 1> <Delay = 3.25> <Storage> <Opcode : 'load' 'store'> <Ports = 2> <Width = 8> <Depth = 1024> <RAM>
ST_16 : Operation 508 [3/3] (1.05ns) (grouped into DSP with root node add_ln85_31)   --->   "%mul_ln85_27 = mul i15 %zext_ln126_36, i15 %LENET_C1_W_0_4_2_load_cast_cast" [Lenet_RTL_test/lenet_conv1_only.cpp:85->Lenet_RTL_test/lenet_conv1_only.cpp:131]   --->   Operation 508 'mul' 'mul_ln85_27' <Predicate = true> <Delay = 1.05> <CoreInst = "DSP48">   --->   Core 119 'DSP48' <Latency = 3> <II = 1> <Delay = 2.15> <IPBlock> <Opcode : '<invalid operator> ' 'mul' 'add' 'sub' 'select'> <InPorts = 0> <OutPorts = 1> <Sync> <CReg>
ST_16 : Operation 509 [1/1] (4.17ns)   --->   "%mul_ln85_30 = mul i16 %zext_ln126_24, i16 %LENET_C1_W_0_2_2_load_cast_cast" [Lenet_RTL_test/lenet_conv1_only.cpp:85->Lenet_RTL_test/lenet_conv1_only.cpp:131]   --->   Operation 509 'mul' 'mul_ln85_30' <Predicate = true> <Delay = 4.17> <CoreInst = "Multiplier">   --->   Core 3 'Multiplier' <Latency = 0> <II = 1> <Delay = 4.17> <FuncUnit> <Opcode : 'mul'> <InPorts = 2> <OutPorts = 1>
ST_16 : Operation 510 [1/1] (0.00ns)   --->   "%sext_ln85_40 = sext i16 %mul_ln85_30" [Lenet_RTL_test/lenet_conv1_only.cpp:85->Lenet_RTL_test/lenet_conv1_only.cpp:131]   --->   Operation 510 'sext' 'sext_ln85_40' <Predicate = true> <Delay = 0.00>
ST_16 : Operation 511 [2/3] (1.05ns) (grouped into DSP with root node add_ln85_25)   --->   "%mul_ln85_34 = mul i16 %zext_ln126_40, i16 %LENET_C1_W_0_1_4_load_cast_cast" [Lenet_RTL_test/lenet_conv1_only.cpp:85->Lenet_RTL_test/lenet_conv1_only.cpp:131]   --->   Operation 511 'mul' 'mul_ln85_34' <Predicate = true> <Delay = 1.05> <CoreInst = "DSP48">   --->   Core 119 'DSP48' <Latency = 3> <II = 1> <Delay = 2.15> <IPBlock> <Opcode : '<invalid operator> ' 'mul' 'add' 'sub' 'select'> <InPorts = 0> <OutPorts = 1> <Sync> <CReg>
ST_16 : Operation 512 [2/3] (1.05ns) (grouped into DSP with root node add_ln85_45)   --->   "%mul_ln85_36 = mul i15 %zext_ln126_22, i15 %LENET_C1_W_0_2_1_load_cast_cast" [Lenet_RTL_test/lenet_conv1_only.cpp:85->Lenet_RTL_test/lenet_conv1_only.cpp:131]   --->   Operation 512 'mul' 'mul_ln85_36' <Predicate = true> <Delay = 1.05> <CoreInst = "DSP48">   --->   Core 119 'DSP48' <Latency = 3> <II = 1> <Delay = 2.15> <IPBlock> <Opcode : '<invalid operator> ' 'mul' 'add' 'sub' 'select'> <InPorts = 0> <OutPorts = 1> <Sync> <CReg>
ST_16 : Operation 513 [3/3] (1.05ns) (grouped into DSP with root node add_ln85_28)   --->   "%mul_ln85_40 = mul i16 %zext_ln126_39, i16 %LENET_C1_W_0_0_4_load_cast_cast" [Lenet_RTL_test/lenet_conv1_only.cpp:85->Lenet_RTL_test/lenet_conv1_only.cpp:131]   --->   Operation 513 'mul' 'mul_ln85_40' <Predicate = true> <Delay = 1.05> <CoreInst = "DSP48">   --->   Core 119 'DSP48' <Latency = 3> <II = 1> <Delay = 2.15> <IPBlock> <Opcode : '<invalid operator> ' 'mul' 'add' 'sub' 'select'> <InPorts = 0> <OutPorts = 1> <Sync> <CReg>
ST_16 : Operation 514 [1/3] (0.00ns) (grouped into DSP with root node add_ln85_44)   --->   "%mul_ln85_43 = mul i15 %zext_ln126_21, i15 %LENET_C1_W_0_2_0_load_cast_cast" [Lenet_RTL_test/lenet_conv1_only.cpp:85->Lenet_RTL_test/lenet_conv1_only.cpp:131]   --->   Operation 514 'mul' 'mul_ln85_43' <Predicate = true> <Delay = 0.00> <CoreInst = "DSP48">   --->   Core 119 'DSP48' <Latency = 3> <II = 1> <Delay = 2.15> <IPBlock> <Opcode : '<invalid operator> ' 'mul' 'add' 'sub' 'select'> <InPorts = 0> <OutPorts = 1> <Sync> <CReg>
ST_16 : Operation 515 [1/1] (0.00ns) (grouped into DSP with root node add_ln85_44)   --->   "%zext_ln85_19 = zext i15 %mul_ln85_43" [Lenet_RTL_test/lenet_conv1_only.cpp:85->Lenet_RTL_test/lenet_conv1_only.cpp:131]   --->   Operation 515 'zext' 'zext_ln85_19' <Predicate = true> <Delay = 0.00>
ST_16 : Operation 516 [1/3] (0.00ns) (grouped into DSP with root node add_ln85_32)   --->   "%mul_ln85_44 = mul i15 %zext_ln126_27, i15 %LENET_C1_W_0_3_0_load_cast_cast" [Lenet_RTL_test/lenet_conv1_only.cpp:85->Lenet_RTL_test/lenet_conv1_only.cpp:131]   --->   Operation 516 'mul' 'mul_ln85_44' <Predicate = true> <Delay = 0.00> <CoreInst = "DSP48">   --->   Core 119 'DSP48' <Latency = 3> <II = 1> <Delay = 2.15> <IPBlock> <Opcode : '<invalid operator> ' 'mul' 'add' 'sub' 'select'> <InPorts = 0> <OutPorts = 1> <Sync> <CReg>
ST_16 : Operation 517 [1/1] (0.00ns) (grouped into DSP with root node add_ln85_32)   --->   "%zext_ln85_20 = zext i15 %mul_ln85_44" [Lenet_RTL_test/lenet_conv1_only.cpp:85->Lenet_RTL_test/lenet_conv1_only.cpp:131]   --->   Operation 517 'zext' 'zext_ln85_20' <Predicate = true> <Delay = 0.00>
ST_16 : Operation 518 [3/3] (1.05ns) (grouped into DSP with root node add_ln85_26)   --->   "%mul_ln85_46 = mul i16 %zext_ln126_41, i16 %LENET_C1_W_0_2_4_load_cast_cast" [Lenet_RTL_test/lenet_conv1_only.cpp:85->Lenet_RTL_test/lenet_conv1_only.cpp:131]   --->   Operation 518 'mul' 'mul_ln85_46' <Predicate = true> <Delay = 1.05> <CoreInst = "DSP48">   --->   Core 119 'DSP48' <Latency = 3> <II = 1> <Delay = 2.15> <IPBlock> <Opcode : '<invalid operator> ' 'mul' 'add' 'sub' 'select'> <InPorts = 0> <OutPorts = 1> <Sync> <CReg>
ST_16 : Operation 519 [1/1] (4.17ns)   --->   "%mul_ln85_48 = mul i16 %zext_ln126_30, i16 %LENET_C1_W_0_3_2_load_cast_cast" [Lenet_RTL_test/lenet_conv1_only.cpp:85->Lenet_RTL_test/lenet_conv1_only.cpp:131]   --->   Operation 519 'mul' 'mul_ln85_48' <Predicate = true> <Delay = 4.17> <CoreInst = "Multiplier">   --->   Core 3 'Multiplier' <Latency = 0> <II = 1> <Delay = 4.17> <FuncUnit> <Opcode : 'mul'> <InPorts = 2> <OutPorts = 1>
ST_16 : Operation 520 [1/1] (0.00ns)   --->   "%sext_ln85_48 = sext i16 %mul_ln85_48" [Lenet_RTL_test/lenet_conv1_only.cpp:85->Lenet_RTL_test/lenet_conv1_only.cpp:131]   --->   Operation 520 'sext' 'sext_ln85_48' <Predicate = true> <Delay = 0.00>
ST_16 : Operation 521 [1/2] (2.10ns) (root node of the DSP)   --->   "%add_ln85_27 = add i16 %mul_ln85_38, i16 %mul_ln85_35" [Lenet_RTL_test/lenet_conv1_only.cpp:85->Lenet_RTL_test/lenet_conv1_only.cpp:131]   --->   Operation 521 'add' 'add_ln85_27' <Predicate = true> <Delay = 2.10> <CoreInst = "DSP48">   --->   Core 119 'DSP48' <Latency = 3> <II = 1> <Delay = 2.15> <IPBlock> <Opcode : '<invalid operator> ' 'mul' 'add' 'sub' 'select'> <InPorts = 0> <OutPorts = 1> <Sync> <CReg>
ST_16 : Operation 522 [2/2] (2.10ns) (root node of the DSP)   --->   "%add_ln85_32 = add i17 %zext_ln85_20, i17 %sext_ln85_48" [Lenet_RTL_test/lenet_conv1_only.cpp:85->Lenet_RTL_test/lenet_conv1_only.cpp:131]   --->   Operation 522 'add' 'add_ln85_32' <Predicate = true> <Delay = 2.10> <CoreInst = "DSP48">   --->   Core 119 'DSP48' <Latency = 3> <II = 1> <Delay = 2.15> <IPBlock> <Opcode : '<invalid operator> ' 'mul' 'add' 'sub' 'select'> <InPorts = 0> <OutPorts = 1> <Sync> <CReg>
ST_16 : Operation 523 [2/2] (2.10ns) (root node of the DSP)   --->   "%add_ln85_44 = add i17 %zext_ln85_19, i17 %sext_ln85_40" [Lenet_RTL_test/lenet_conv1_only.cpp:85->Lenet_RTL_test/lenet_conv1_only.cpp:131]   --->   Operation 523 'add' 'add_ln85_44' <Predicate = true> <Delay = 2.10> <CoreInst = "DSP48">   --->   Core 119 'DSP48' <Latency = 3> <II = 1> <Delay = 2.15> <IPBlock> <Opcode : '<invalid operator> ' 'mul' 'add' 'sub' 'select'> <InPorts = 0> <OutPorts = 1> <Sync> <CReg>

State 17 <SV = 16> <Delay = 6.27>
ST_17 : Operation 524 [1/1] (0.00ns)   --->   "%sext_ln85_4 = sext i16 %mul_ln85_5" [Lenet_RTL_test/lenet_conv1_only.cpp:85->Lenet_RTL_test/lenet_conv1_only.cpp:131]   --->   Operation 524 'sext' 'sext_ln85_4' <Predicate = true> <Delay = 0.00>
ST_17 : Operation 525 [1/3] (0.00ns) (grouped into DSP with root node add_ln85_7)   --->   "%mul_ln85_21 = mul i16 %zext_ln126_25, i16 %LENET_C1_W_0_2_4_load_cast_cast" [Lenet_RTL_test/lenet_conv1_only.cpp:85->Lenet_RTL_test/lenet_conv1_only.cpp:131]   --->   Operation 525 'mul' 'mul_ln85_21' <Predicate = true> <Delay = 0.00> <CoreInst = "DSP48">   --->   Core 119 'DSP48' <Latency = 3> <II = 1> <Delay = 2.15> <IPBlock> <Opcode : '<invalid operator> ' 'mul' 'add' 'sub' 'select'> <InPorts = 0> <OutPorts = 1> <Sync> <CReg>
ST_17 : Operation 526 [1/1] (0.00ns) (grouped into DSP with root node add_ln85_7)   --->   "%sext_ln85_10 = sext i16 %mul_ln85_21" [Lenet_RTL_test/lenet_conv1_only.cpp:85->Lenet_RTL_test/lenet_conv1_only.cpp:131]   --->   Operation 526 'sext' 'sext_ln85_10' <Predicate = true> <Delay = 0.00>
ST_17 : Operation 527 [1/2] (2.10ns) (root node of the DSP)   --->   "%add_ln85_1 = add i17 %sext_ln85_14, i17 %sext_ln85_2" [Lenet_RTL_test/lenet_conv1_only.cpp:85->Lenet_RTL_test/lenet_conv1_only.cpp:131]   --->   Operation 527 'add' 'add_ln85_1' <Predicate = true> <Delay = 2.10> <CoreInst = "DSP48">   --->   Core 119 'DSP48' <Latency = 3> <II = 1> <Delay = 2.15> <IPBlock> <Opcode : '<invalid operator> ' 'mul' 'add' 'sub' 'select'> <InPorts = 0> <OutPorts = 1> <Sync> <CReg>
ST_17 : Operation 528 [1/1] (0.00ns)   --->   "%sext_ln85_15 = sext i17 %add_ln85_1" [Lenet_RTL_test/lenet_conv1_only.cpp:85->Lenet_RTL_test/lenet_conv1_only.cpp:131]   --->   Operation 528 'sext' 'sext_ln85_15' <Predicate = true> <Delay = 0.00>
ST_17 : Operation 529 [1/1] (2.13ns)   --->   "%add_ln85_4 = add i18 %add_ln85_3, i18 %sext_ln85_15" [Lenet_RTL_test/lenet_conv1_only.cpp:85->Lenet_RTL_test/lenet_conv1_only.cpp:131]   --->   Operation 529 'add' 'add_ln85_4' <Predicate = true> <Delay = 2.13> <CoreInst = "Adder">   --->   Core 1 'Adder' <Latency = 0> <II = 1> <Delay = 2.13> <FuncUnit> <Opcode : 'add' 'sub'> <InPorts = 2> <OutPorts = 1>
ST_17 : Operation 530 [2/2] (2.10ns) (root node of the DSP)   --->   "%add_ln85_7 = add i17 %sext_ln85_4, i17 %sext_ln85_10" [Lenet_RTL_test/lenet_conv1_only.cpp:85->Lenet_RTL_test/lenet_conv1_only.cpp:131]   --->   Operation 530 'add' 'add_ln85_7' <Predicate = true> <Delay = 2.10> <CoreInst = "DSP48">   --->   Core 119 'DSP48' <Latency = 3> <II = 1> <Delay = 2.15> <IPBlock> <Opcode : '<invalid operator> ' 'mul' 'add' 'sub' 'select'> <InPorts = 0> <OutPorts = 1> <Sync> <CReg>
ST_17 : Operation 531 [1/1] (0.00ns)   --->   "%zext_ln126_42 = zext i8 %x_load_28" [Lenet_RTL_test/lenet_conv1_only.cpp:126]   --->   Operation 531 'zext' 'zext_ln126_42' <Predicate = true> <Delay = 0.00>
ST_17 : Operation 532 [1/1] (0.00ns)   --->   "%zext_ln85_11 = zext i8 %x_load_29" [Lenet_RTL_test/lenet_conv1_only.cpp:85->Lenet_RTL_test/lenet_conv1_only.cpp:131]   --->   Operation 532 'zext' 'zext_ln85_11' <Predicate = true> <Delay = 0.00>
ST_17 : Operation 533 [2/3] (1.05ns) (grouped into DSP with root node add_ln85_31)   --->   "%mul_ln85_27 = mul i15 %zext_ln126_36, i15 %LENET_C1_W_0_4_2_load_cast_cast" [Lenet_RTL_test/lenet_conv1_only.cpp:85->Lenet_RTL_test/lenet_conv1_only.cpp:131]   --->   Operation 533 'mul' 'mul_ln85_27' <Predicate = true> <Delay = 1.05> <CoreInst = "DSP48">   --->   Core 119 'DSP48' <Latency = 3> <II = 1> <Delay = 2.15> <IPBlock> <Opcode : '<invalid operator> ' 'mul' 'add' 'sub' 'select'> <InPorts = 0> <OutPorts = 1> <Sync> <CReg>
ST_17 : Operation 534 [1/3] (0.00ns) (grouped into DSP with root node add_ln85_25)   --->   "%mul_ln85_34 = mul i16 %zext_ln126_40, i16 %LENET_C1_W_0_1_4_load_cast_cast" [Lenet_RTL_test/lenet_conv1_only.cpp:85->Lenet_RTL_test/lenet_conv1_only.cpp:131]   --->   Operation 534 'mul' 'mul_ln85_34' <Predicate = true> <Delay = 0.00> <CoreInst = "DSP48">   --->   Core 119 'DSP48' <Latency = 3> <II = 1> <Delay = 2.15> <IPBlock> <Opcode : '<invalid operator> ' 'mul' 'add' 'sub' 'select'> <InPorts = 0> <OutPorts = 1> <Sync> <CReg>
ST_17 : Operation 535 [1/1] (0.00ns) (grouped into DSP with root node add_ln85_25)   --->   "%sext_ln85_42 = sext i16 %mul_ln85_34" [Lenet_RTL_test/lenet_conv1_only.cpp:85->Lenet_RTL_test/lenet_conv1_only.cpp:131]   --->   Operation 535 'sext' 'sext_ln85_42' <Predicate = true> <Delay = 0.00>
ST_17 : Operation 536 [1/3] (0.00ns) (grouped into DSP with root node add_ln85_45)   --->   "%mul_ln85_36 = mul i15 %zext_ln126_22, i15 %LENET_C1_W_0_2_1_load_cast_cast" [Lenet_RTL_test/lenet_conv1_only.cpp:85->Lenet_RTL_test/lenet_conv1_only.cpp:131]   --->   Operation 536 'mul' 'mul_ln85_36' <Predicate = true> <Delay = 0.00> <CoreInst = "DSP48">   --->   Core 119 'DSP48' <Latency = 3> <II = 1> <Delay = 2.15> <IPBlock> <Opcode : '<invalid operator> ' 'mul' 'add' 'sub' 'select'> <InPorts = 0> <OutPorts = 1> <Sync> <CReg>
ST_17 : Operation 537 [1/1] (0.00ns) (grouped into DSP with root node add_ln85_45)   --->   "%zext_ln85_15 = zext i15 %mul_ln85_36" [Lenet_RTL_test/lenet_conv1_only.cpp:85->Lenet_RTL_test/lenet_conv1_only.cpp:131]   --->   Operation 537 'zext' 'zext_ln85_15' <Predicate = true> <Delay = 0.00>
ST_17 : Operation 538 [2/3] (1.05ns) (grouped into DSP with root node add_ln85_28)   --->   "%mul_ln85_40 = mul i16 %zext_ln126_39, i16 %LENET_C1_W_0_0_4_load_cast_cast" [Lenet_RTL_test/lenet_conv1_only.cpp:85->Lenet_RTL_test/lenet_conv1_only.cpp:131]   --->   Operation 538 'mul' 'mul_ln85_40' <Predicate = true> <Delay = 1.05> <CoreInst = "DSP48">   --->   Core 119 'DSP48' <Latency = 3> <II = 1> <Delay = 2.15> <IPBlock> <Opcode : '<invalid operator> ' 'mul' 'add' 'sub' 'select'> <InPorts = 0> <OutPorts = 1> <Sync> <CReg>
ST_17 : Operation 539 [1/1] (4.17ns)   --->   "%mul_ln85_41 = mul i16 %zext_ln126_42, i16 %LENET_C1_W_0_3_4_load_cast_cast" [Lenet_RTL_test/lenet_conv1_only.cpp:85->Lenet_RTL_test/lenet_conv1_only.cpp:131]   --->   Operation 539 'mul' 'mul_ln85_41' <Predicate = true> <Delay = 4.17> <CoreInst = "Multiplier">   --->   Core 3 'Multiplier' <Latency = 0> <II = 1> <Delay = 4.17> <FuncUnit> <Opcode : 'mul'> <InPorts = 2> <OutPorts = 1>
ST_17 : Operation 540 [1/1] (0.00ns)   --->   "%sext_ln85_44 = sext i16 %mul_ln85_41" [Lenet_RTL_test/lenet_conv1_only.cpp:85->Lenet_RTL_test/lenet_conv1_only.cpp:131]   --->   Operation 540 'sext' 'sext_ln85_44' <Predicate = true> <Delay = 0.00>
ST_17 : Operation 541 [2/3] (1.05ns) (grouped into DSP with root node add_ln85_26)   --->   "%mul_ln85_46 = mul i16 %zext_ln126_41, i16 %LENET_C1_W_0_2_4_load_cast_cast" [Lenet_RTL_test/lenet_conv1_only.cpp:85->Lenet_RTL_test/lenet_conv1_only.cpp:131]   --->   Operation 541 'mul' 'mul_ln85_46' <Predicate = true> <Delay = 1.05> <CoreInst = "DSP48">   --->   Core 119 'DSP48' <Latency = 3> <II = 1> <Delay = 2.15> <IPBlock> <Opcode : '<invalid operator> ' 'mul' 'add' 'sub' 'select'> <InPorts = 0> <OutPorts = 1> <Sync> <CReg>
ST_17 : Operation 542 [1/1] (4.17ns)   --->   "%mul_ln85_49 = mul i16 %zext_ln85_11, i16 %sext_ln118_cast" [Lenet_RTL_test/lenet_conv1_only.cpp:85->Lenet_RTL_test/lenet_conv1_only.cpp:131]   --->   Operation 542 'mul' 'mul_ln85_49' <Predicate = true> <Delay = 4.17> <CoreInst = "Multiplier">   --->   Core 3 'Multiplier' <Latency = 0> <II = 1> <Delay = 4.17> <FuncUnit> <Opcode : 'mul'> <InPorts = 2> <OutPorts = 1>
ST_17 : Operation 543 [1/1] (0.00ns)   --->   "%sext_ln85_49 = sext i16 %mul_ln85_49" [Lenet_RTL_test/lenet_conv1_only.cpp:85->Lenet_RTL_test/lenet_conv1_only.cpp:131]   --->   Operation 543 'sext' 'sext_ln85_49' <Predicate = true> <Delay = 0.00>
ST_17 : Operation 544 [2/2] (2.10ns) (root node of the DSP)   --->   "%add_ln85_25 = add i17 %sext_ln85_44, i17 %sext_ln85_42" [Lenet_RTL_test/lenet_conv1_only.cpp:85->Lenet_RTL_test/lenet_conv1_only.cpp:131]   --->   Operation 544 'add' 'add_ln85_25' <Predicate = true> <Delay = 2.10> <CoreInst = "DSP48">   --->   Core 119 'DSP48' <Latency = 3> <II = 1> <Delay = 2.15> <IPBlock> <Opcode : '<invalid operator> ' 'mul' 'add' 'sub' 'select'> <InPorts = 0> <OutPorts = 1> <Sync> <CReg>
ST_17 : Operation 545 [1/2] (2.10ns) (root node of the DSP)   --->   "%add_ln85_32 = add i17 %zext_ln85_20, i17 %sext_ln85_48" [Lenet_RTL_test/lenet_conv1_only.cpp:85->Lenet_RTL_test/lenet_conv1_only.cpp:131]   --->   Operation 545 'add' 'add_ln85_32' <Predicate = true> <Delay = 2.10> <CoreInst = "DSP48">   --->   Core 119 'DSP48' <Latency = 3> <II = 1> <Delay = 2.15> <IPBlock> <Opcode : '<invalid operator> ' 'mul' 'add' 'sub' 'select'> <InPorts = 0> <OutPorts = 1> <Sync> <CReg>
ST_17 : Operation 546 [1/1] (0.00ns)   --->   "%sext_ln85_56 = sext i17 %add_ln85_32" [Lenet_RTL_test/lenet_conv1_only.cpp:85->Lenet_RTL_test/lenet_conv1_only.cpp:131]   --->   Operation 546 'sext' 'sext_ln85_56' <Predicate = true> <Delay = 0.00>
ST_17 : Operation 547 [1/1] (0.00ns)   --->   "%sext_ln85_57 = sext i17 %add_ln85_33" [Lenet_RTL_test/lenet_conv1_only.cpp:85->Lenet_RTL_test/lenet_conv1_only.cpp:131]   --->   Operation 547 'sext' 'sext_ln85_57' <Predicate = true> <Delay = 0.00>
ST_17 : Operation 548 [1/1] (2.10ns)   --->   "%add_ln85_34 = add i18 %sext_ln85_57, i18 %sext_ln85_56" [Lenet_RTL_test/lenet_conv1_only.cpp:85->Lenet_RTL_test/lenet_conv1_only.cpp:131]   --->   Operation 548 'add' 'add_ln85_34' <Predicate = true> <Delay = 2.10> <CoreInst = "Adder">   --->   Core 1 'Adder' <Latency = 0> <II = 1> <Delay = 2.10> <FuncUnit> <Opcode : 'add' 'sub'> <InPorts = 2> <OutPorts = 1>
ST_17 : Operation 549 [1/2] (2.10ns) (root node of the DSP)   --->   "%add_ln85_44 = add i17 %zext_ln85_19, i17 %sext_ln85_40" [Lenet_RTL_test/lenet_conv1_only.cpp:85->Lenet_RTL_test/lenet_conv1_only.cpp:131]   --->   Operation 549 'add' 'add_ln85_44' <Predicate = true> <Delay = 2.10> <CoreInst = "DSP48">   --->   Core 119 'DSP48' <Latency = 3> <II = 1> <Delay = 2.15> <IPBlock> <Opcode : '<invalid operator> ' 'mul' 'add' 'sub' 'select'> <InPorts = 0> <OutPorts = 1> <Sync> <CReg>
ST_17 : Operation 550 [2/2] (2.10ns) (root node of the DSP)   --->   "%add_ln85_45 = add i17 %zext_ln85_15, i17 %sext_ln85_49" [Lenet_RTL_test/lenet_conv1_only.cpp:85->Lenet_RTL_test/lenet_conv1_only.cpp:131]   --->   Operation 550 'add' 'add_ln85_45' <Predicate = true> <Delay = 2.10> <CoreInst = "DSP48">   --->   Core 119 'DSP48' <Latency = 3> <II = 1> <Delay = 2.15> <IPBlock> <Opcode : '<invalid operator> ' 'mul' 'add' 'sub' 'select'> <InPorts = 0> <OutPorts = 1> <Sync> <CReg>

State 18 <SV = 17> <Delay = 6.34>
ST_18 : Operation 551 [1/1] (0.00ns)   --->   "%sext_ln85_19 = sext i18 %add_ln85_6" [Lenet_RTL_test/lenet_conv1_only.cpp:85->Lenet_RTL_test/lenet_conv1_only.cpp:131]   --->   Operation 551 'sext' 'sext_ln85_19' <Predicate = true> <Delay = 0.00>
ST_18 : Operation 552 [1/2] (2.10ns) (root node of the DSP)   --->   "%add_ln85_7 = add i17 %sext_ln85_4, i17 %sext_ln85_10" [Lenet_RTL_test/lenet_conv1_only.cpp:85->Lenet_RTL_test/lenet_conv1_only.cpp:131]   --->   Operation 552 'add' 'add_ln85_7' <Predicate = true> <Delay = 2.10> <CoreInst = "DSP48">   --->   Core 119 'DSP48' <Latency = 3> <II = 1> <Delay = 2.15> <IPBlock> <Opcode : '<invalid operator> ' 'mul' 'add' 'sub' 'select'> <InPorts = 0> <OutPorts = 1> <Sync> <CReg>
ST_18 : Operation 553 [1/1] (0.00ns)   --->   "%sext_ln85_20 = sext i17 %add_ln85_7" [Lenet_RTL_test/lenet_conv1_only.cpp:85->Lenet_RTL_test/lenet_conv1_only.cpp:131]   --->   Operation 553 'sext' 'sext_ln85_20' <Predicate = true> <Delay = 0.00>
ST_18 : Operation 554 [1/1] (0.00ns)   --->   "%sext_ln85_21 = sext i17 %add_ln85_8" [Lenet_RTL_test/lenet_conv1_only.cpp:85->Lenet_RTL_test/lenet_conv1_only.cpp:131]   --->   Operation 554 'sext' 'sext_ln85_21' <Predicate = true> <Delay = 0.00>
ST_18 : Operation 555 [1/1] (2.10ns)   --->   "%add_ln85_9 = add i18 %sext_ln85_21, i18 %sext_ln85_20" [Lenet_RTL_test/lenet_conv1_only.cpp:85->Lenet_RTL_test/lenet_conv1_only.cpp:131]   --->   Operation 555 'add' 'add_ln85_9' <Predicate = true> <Delay = 2.10> <CoreInst = "Adder">   --->   Core 1 'Adder' <Latency = 0> <II = 1> <Delay = 2.10> <FuncUnit> <Opcode : 'add' 'sub'> <InPorts = 2> <OutPorts = 1>
ST_18 : Operation 556 [1/1] (0.00ns)   --->   "%sext_ln85_22 = sext i18 %add_ln85_9" [Lenet_RTL_test/lenet_conv1_only.cpp:85->Lenet_RTL_test/lenet_conv1_only.cpp:131]   --->   Operation 556 'sext' 'sext_ln85_22' <Predicate = true> <Delay = 0.00>
ST_18 : Operation 557 [1/1] (2.13ns)   --->   "%add_ln85_10 = add i19 %sext_ln85_22, i19 %sext_ln85_19" [Lenet_RTL_test/lenet_conv1_only.cpp:85->Lenet_RTL_test/lenet_conv1_only.cpp:131]   --->   Operation 557 'add' 'add_ln85_10' <Predicate = true> <Delay = 2.13> <CoreInst = "Adder">   --->   Core 1 'Adder' <Latency = 0> <II = 1> <Delay = 2.13> <FuncUnit> <Opcode : 'add' 'sub'> <InPorts = 2> <OutPorts = 1>
ST_18 : Operation 558 [1/3] (0.00ns) (grouped into DSP with root node add_ln85_31)   --->   "%mul_ln85_27 = mul i15 %zext_ln126_36, i15 %LENET_C1_W_0_4_2_load_cast_cast" [Lenet_RTL_test/lenet_conv1_only.cpp:85->Lenet_RTL_test/lenet_conv1_only.cpp:131]   --->   Operation 558 'mul' 'mul_ln85_27' <Predicate = true> <Delay = 0.00> <CoreInst = "DSP48">   --->   Core 119 'DSP48' <Latency = 3> <II = 1> <Delay = 2.15> <IPBlock> <Opcode : '<invalid operator> ' 'mul' 'add' 'sub' 'select'> <InPorts = 0> <OutPorts = 1> <Sync> <CReg>
ST_18 : Operation 559 [1/1] (0.00ns) (grouped into DSP with root node add_ln85_31)   --->   "%sext_ln85_38 = sext i15 %mul_ln85_27" [Lenet_RTL_test/lenet_conv1_only.cpp:85->Lenet_RTL_test/lenet_conv1_only.cpp:131]   --->   Operation 559 'sext' 'sext_ln85_38' <Predicate = true> <Delay = 0.00>
ST_18 : Operation 560 [1/3] (0.00ns) (grouped into DSP with root node add_ln85_28)   --->   "%mul_ln85_40 = mul i16 %zext_ln126_39, i16 %LENET_C1_W_0_0_4_load_cast_cast" [Lenet_RTL_test/lenet_conv1_only.cpp:85->Lenet_RTL_test/lenet_conv1_only.cpp:131]   --->   Operation 560 'mul' 'mul_ln85_40' <Predicate = true> <Delay = 0.00> <CoreInst = "DSP48">   --->   Core 119 'DSP48' <Latency = 3> <II = 1> <Delay = 2.15> <IPBlock> <Opcode : '<invalid operator> ' 'mul' 'add' 'sub' 'select'> <InPorts = 0> <OutPorts = 1> <Sync> <CReg>
ST_18 : Operation 561 [1/1] (0.00ns) (grouped into DSP with root node add_ln85_28)   --->   "%sext_ln85_43 = sext i16 %mul_ln85_40" [Lenet_RTL_test/lenet_conv1_only.cpp:85->Lenet_RTL_test/lenet_conv1_only.cpp:131]   --->   Operation 561 'sext' 'sext_ln85_43' <Predicate = true> <Delay = 0.00>
ST_18 : Operation 562 [1/3] (0.00ns) (grouped into DSP with root node add_ln85_26)   --->   "%mul_ln85_46 = mul i16 %zext_ln126_41, i16 %LENET_C1_W_0_2_4_load_cast_cast" [Lenet_RTL_test/lenet_conv1_only.cpp:85->Lenet_RTL_test/lenet_conv1_only.cpp:131]   --->   Operation 562 'mul' 'mul_ln85_46' <Predicate = true> <Delay = 0.00> <CoreInst = "DSP48">   --->   Core 119 'DSP48' <Latency = 3> <II = 1> <Delay = 2.15> <IPBlock> <Opcode : '<invalid operator> ' 'mul' 'add' 'sub' 'select'> <InPorts = 0> <OutPorts = 1> <Sync> <CReg>
ST_18 : Operation 563 [1/1] (0.00ns) (grouped into DSP with root node add_ln85_26)   --->   "%sext_ln85_46 = sext i16 %mul_ln85_46" [Lenet_RTL_test/lenet_conv1_only.cpp:85->Lenet_RTL_test/lenet_conv1_only.cpp:131]   --->   Operation 563 'sext' 'sext_ln85_46' <Predicate = true> <Delay = 0.00>
ST_18 : Operation 564 [1/2] (2.10ns) (root node of the DSP)   --->   "%add_ln85_25 = add i17 %sext_ln85_44, i17 %sext_ln85_42" [Lenet_RTL_test/lenet_conv1_only.cpp:85->Lenet_RTL_test/lenet_conv1_only.cpp:131]   --->   Operation 564 'add' 'add_ln85_25' <Predicate = true> <Delay = 2.10> <CoreInst = "DSP48">   --->   Core 119 'DSP48' <Latency = 3> <II = 1> <Delay = 2.15> <IPBlock> <Opcode : '<invalid operator> ' 'mul' 'add' 'sub' 'select'> <InPorts = 0> <OutPorts = 1> <Sync> <CReg>
ST_18 : Operation 565 [1/1] (0.00ns)   --->   "%sext_ln85_50 = sext i17 %add_ln85_25" [Lenet_RTL_test/lenet_conv1_only.cpp:85->Lenet_RTL_test/lenet_conv1_only.cpp:131]   --->   Operation 565 'sext' 'sext_ln85_50' <Predicate = true> <Delay = 0.00>
ST_18 : Operation 566 [2/2] (2.10ns) (root node of the DSP)   --->   "%add_ln85_26 = add i18 %sext_ln85_50, i18 %sext_ln85_46" [Lenet_RTL_test/lenet_conv1_only.cpp:85->Lenet_RTL_test/lenet_conv1_only.cpp:131]   --->   Operation 566 'add' 'add_ln85_26' <Predicate = true> <Delay = 2.10> <CoreInst = "DSP48">   --->   Core 119 'DSP48' <Latency = 3> <II = 1> <Delay = 2.15> <IPBlock> <Opcode : '<invalid operator> ' 'mul' 'add' 'sub' 'select'> <InPorts = 0> <OutPorts = 1> <Sync> <CReg>
ST_18 : Operation 567 [1/1] (0.00ns)   --->   "%sext_ln85_52 = sext i16 %add_ln85_27" [Lenet_RTL_test/lenet_conv1_only.cpp:85->Lenet_RTL_test/lenet_conv1_only.cpp:131]   --->   Operation 567 'sext' 'sext_ln85_52' <Predicate = true> <Delay = 0.00>
ST_18 : Operation 568 [2/2] (2.10ns) (root node of the DSP)   --->   "%add_ln85_28 = add i17 %sext_ln85_52, i17 %sext_ln85_43" [Lenet_RTL_test/lenet_conv1_only.cpp:85->Lenet_RTL_test/lenet_conv1_only.cpp:131]   --->   Operation 568 'add' 'add_ln85_28' <Predicate = true> <Delay = 2.10> <CoreInst = "DSP48">   --->   Core 119 'DSP48' <Latency = 3> <II = 1> <Delay = 2.15> <IPBlock> <Opcode : '<invalid operator> ' 'mul' 'add' 'sub' 'select'> <InPorts = 0> <OutPorts = 1> <Sync> <CReg>
ST_18 : Operation 569 [2/2] (2.10ns) (root node of the DSP)   --->   "%add_ln85_31 = add i17 %add_ln85_30, i17 %sext_ln85_38" [Lenet_RTL_test/lenet_conv1_only.cpp:85->Lenet_RTL_test/lenet_conv1_only.cpp:131]   --->   Operation 569 'add' 'add_ln85_31' <Predicate = true> <Delay = 2.10> <CoreInst = "DSP48">   --->   Core 119 'DSP48' <Latency = 3> <II = 1> <Delay = 2.15> <IPBlock> <Opcode : '<invalid operator> ' 'mul' 'add' 'sub' 'select'> <InPorts = 0> <OutPorts = 1> <Sync> <CReg>
ST_18 : Operation 570 [1/1] (0.00ns)   --->   "%sext_ln85_65 = sext i17 %add_ln85_43" [Lenet_RTL_test/lenet_conv1_only.cpp:85->Lenet_RTL_test/lenet_conv1_only.cpp:131]   --->   Operation 570 'sext' 'sext_ln85_65' <Predicate = true> <Delay = 0.00>
ST_18 : Operation 571 [1/1] (0.00ns)   --->   "%sext_ln85_66 = sext i17 %add_ln85_44" [Lenet_RTL_test/lenet_conv1_only.cpp:85->Lenet_RTL_test/lenet_conv1_only.cpp:131]   --->   Operation 571 'sext' 'sext_ln85_66' <Predicate = true> <Delay = 0.00>
ST_18 : Operation 572 [1/2] (2.10ns) (root node of the DSP)   --->   "%add_ln85_45 = add i17 %zext_ln85_15, i17 %sext_ln85_49" [Lenet_RTL_test/lenet_conv1_only.cpp:85->Lenet_RTL_test/lenet_conv1_only.cpp:131]   --->   Operation 572 'add' 'add_ln85_45' <Predicate = true> <Delay = 2.10> <CoreInst = "DSP48">   --->   Core 119 'DSP48' <Latency = 3> <II = 1> <Delay = 2.15> <IPBlock> <Opcode : '<invalid operator> ' 'mul' 'add' 'sub' 'select'> <InPorts = 0> <OutPorts = 1> <Sync> <CReg>
ST_18 : Operation 573 [1/1] (0.00ns)   --->   "%sext_ln85_67 = sext i17 %add_ln85_45" [Lenet_RTL_test/lenet_conv1_only.cpp:85->Lenet_RTL_test/lenet_conv1_only.cpp:131]   --->   Operation 573 'sext' 'sext_ln85_67' <Predicate = true> <Delay = 0.00>
ST_18 : Operation 574 [1/1] (2.10ns)   --->   "%add_ln85_46 = add i18 %sext_ln85_67, i18 %sext_ln85_66" [Lenet_RTL_test/lenet_conv1_only.cpp:85->Lenet_RTL_test/lenet_conv1_only.cpp:131]   --->   Operation 574 'add' 'add_ln85_46' <Predicate = true> <Delay = 2.10> <CoreInst = "Adder">   --->   Core 1 'Adder' <Latency = 0> <II = 1> <Delay = 2.10> <FuncUnit> <Opcode : 'add' 'sub'> <InPorts = 2> <OutPorts = 1>
ST_18 : Operation 575 [1/1] (0.00ns)   --->   "%sext_ln85_68 = sext i18 %add_ln85_46" [Lenet_RTL_test/lenet_conv1_only.cpp:85->Lenet_RTL_test/lenet_conv1_only.cpp:131]   --->   Operation 575 'sext' 'sext_ln85_68' <Predicate = true> <Delay = 0.00>
ST_18 : Operation 576 [1/1] (2.13ns)   --->   "%add_ln85_47 = add i19 %sext_ln85_68, i19 %sext_ln85_65" [Lenet_RTL_test/lenet_conv1_only.cpp:85->Lenet_RTL_test/lenet_conv1_only.cpp:131]   --->   Operation 576 'add' 'add_ln85_47' <Predicate = true> <Delay = 2.13> <CoreInst = "Adder">   --->   Core 1 'Adder' <Latency = 0> <II = 1> <Delay = 2.13> <FuncUnit> <Opcode : 'add' 'sub'> <InPorts = 2> <OutPorts = 1>

State 19 <SV = 18> <Delay = 6.73>
ST_19 : Operation 577 [1/1] (0.00ns)   --->   "%zext_ln131 = zext i4 %zext_ln118_1_mid2_v" [Lenet_RTL_test/lenet_conv1_only.cpp:131]   --->   Operation 577 'zext' 'zext_ln131' <Predicate = true> <Delay = 0.00>
ST_19 : Operation 578 [1/1] (1.87ns)   --->   "%add_ln131 = add i8 %sub_ln131_cast, i8 %zext_ln131" [Lenet_RTL_test/lenet_conv1_only.cpp:131]   --->   Operation 578 'add' 'add_ln131' <Predicate = true> <Delay = 1.87> <CoreInst = "Adder">   --->   Core 1 'Adder' <Latency = 0> <II = 1> <Delay = 1.87> <FuncUnit> <Opcode : 'add' 'sub'> <InPorts = 2> <OutPorts = 1>
ST_19 : Operation 579 [1/1] (0.00ns)   --->   "%trunc_ln131 = trunc i8 %add_ln131" [Lenet_RTL_test/lenet_conv1_only.cpp:131]   --->   Operation 579 'trunc' 'trunc_ln131' <Predicate = true> <Delay = 0.00>
ST_19 : Operation 580 [1/1] (0.00ns)   --->   "%p_shl2 = bitconcatenate i11 @_ssdm_op_BitConcatenate.i11.i6.i5, i6 %trunc_ln131, i5 0" [Lenet_RTL_test/lenet_conv1_only.cpp:131]   --->   Operation 580 'bitconcatenate' 'p_shl2' <Predicate = true> <Delay = 0.00>
ST_19 : Operation 581 [1/1] (0.00ns)   --->   "%tmp = bitconcatenate i10 @_ssdm_op_BitConcatenate.i10.i8.i2, i8 %add_ln131, i2 0" [Lenet_RTL_test/lenet_conv1_only.cpp:131]   --->   Operation 581 'bitconcatenate' 'tmp' <Predicate = true> <Delay = 0.00>
ST_19 : Operation 582 [1/1] (0.00ns)   --->   "%sext_ln131 = sext i10 %tmp" [Lenet_RTL_test/lenet_conv1_only.cpp:131]   --->   Operation 582 'sext' 'sext_ln131' <Predicate = true> <Delay = 0.00>
ST_19 : Operation 583 [1/1] (1.63ns)   --->   "%sub_ln131_1 = sub i11 %p_shl2, i11 %sext_ln131" [Lenet_RTL_test/lenet_conv1_only.cpp:131]   --->   Operation 583 'sub' 'sub_ln131_1' <Predicate = true> <Delay = 1.63> <CoreInst = "Adder">   --->   Core 1 'Adder' <Latency = 0> <II = 1> <Delay = 1.63> <FuncUnit> <Opcode : 'add' 'sub'> <InPorts = 2> <OutPorts = 1>
ST_19 : Operation 584 [1/1] (0.00ns)   --->   "%sext_ln85_17 = sext i18 %add_ln85_4" [Lenet_RTL_test/lenet_conv1_only.cpp:85->Lenet_RTL_test/lenet_conv1_only.cpp:131]   --->   Operation 584 'sext' 'sext_ln85_17' <Predicate = true> <Delay = 0.00>
ST_19 : Operation 585 [1/1] (0.00ns)   --->   "%sext_ln85_23 = sext i19 %add_ln85_10" [Lenet_RTL_test/lenet_conv1_only.cpp:85->Lenet_RTL_test/lenet_conv1_only.cpp:131]   --->   Operation 585 'sext' 'sext_ln85_23' <Predicate = true> <Delay = 0.00>
ST_19 : Operation 586 [1/1] (2.16ns)   --->   "%add_ln85_11 = add i20 %sext_ln85_23, i20 %sext_ln85_17" [Lenet_RTL_test/lenet_conv1_only.cpp:85->Lenet_RTL_test/lenet_conv1_only.cpp:131]   --->   Operation 586 'add' 'add_ln85_11' <Predicate = true> <Delay = 2.16> <CoreInst = "Adder">   --->   Core 1 'Adder' <Latency = 0> <II = 1> <Delay = 2.16> <FuncUnit> <Opcode : 'add' 'sub'> <InPorts = 2> <OutPorts = 1>
ST_19 : Operation 587 [1/1] (0.00ns)   --->   "%sext_ln85_24 = sext i20 %add_ln85_11" [Lenet_RTL_test/lenet_conv1_only.cpp:85->Lenet_RTL_test/lenet_conv1_only.cpp:131]   --->   Operation 587 'sext' 'sext_ln85_24' <Predicate = true> <Delay = 0.00>
ST_19 : Operation 588 [1/1] (0.00ns)   --->   "%sext_ln85_34 = sext i20 %add_ln85_23" [Lenet_RTL_test/lenet_conv1_only.cpp:85->Lenet_RTL_test/lenet_conv1_only.cpp:131]   --->   Operation 588 'sext' 'sext_ln85_34' <Predicate = true> <Delay = 0.00>
ST_19 : Operation 589 [1/1] (2.19ns)   --->   "%add_ln85_24 = add i21 %sext_ln85_34, i21 %sext_ln85_24" [Lenet_RTL_test/lenet_conv1_only.cpp:85->Lenet_RTL_test/lenet_conv1_only.cpp:131]   --->   Operation 589 'add' 'add_ln85_24' <Predicate = true> <Delay = 2.19> <CoreInst = "Adder">   --->   Core 1 'Adder' <Latency = 0> <II = 1> <Delay = 2.19> <FuncUnit> <Opcode : 'add' 'sub'> <InPorts = 2> <OutPorts = 1>
ST_19 : Operation 590 [1/1] (0.00ns)   --->   "%shl_ln = bitconcatenate i26 @_ssdm_op_BitConcatenate.i26.i21.i5, i21 %add_ln85_24, i5 0" [Lenet_RTL_test/lenet_conv1_only.cpp:85->Lenet_RTL_test/lenet_conv1_only.cpp:131]   --->   Operation 590 'bitconcatenate' 'shl_ln' <Predicate = true> <Delay = 0.00>
ST_19 : Operation 591 [1/1] (0.00ns)   --->   "%shl_ln85_1 = bitconcatenate i24 @_ssdm_op_BitConcatenate.i24.i21.i3, i21 %add_ln85_24, i3 0" [Lenet_RTL_test/lenet_conv1_only.cpp:85->Lenet_RTL_test/lenet_conv1_only.cpp:131]   --->   Operation 591 'bitconcatenate' 'shl_ln85_1' <Predicate = true> <Delay = 0.00>
ST_19 : Operation 592 [1/1] (0.00ns)   --->   "%sext_ln85_35 = sext i24 %shl_ln85_1" [Lenet_RTL_test/lenet_conv1_only.cpp:85->Lenet_RTL_test/lenet_conv1_only.cpp:131]   --->   Operation 592 'sext' 'sext_ln85_35' <Predicate = true> <Delay = 0.00>
ST_19 : Operation 593 [1/1] (2.37ns)   --->   "%sub_ln85 = sub i26 %shl_ln, i26 %sext_ln85_35" [Lenet_RTL_test/lenet_conv1_only.cpp:85->Lenet_RTL_test/lenet_conv1_only.cpp:131]   --->   Operation 593 'sub' 'sub_ln85' <Predicate = true> <Delay = 2.37> <CoreInst = "Adder">   --->   Core 1 'Adder' <Latency = 0> <II = 1> <Delay = 2.37> <FuncUnit> <Opcode : 'add' 'sub'> <InPorts = 2> <OutPorts = 1>
ST_19 : Operation 594 [1/1] (0.00ns)   --->   "%tmp_30 = bitselect i1 @_ssdm_op_BitSelect.i1.i26.i32, i26 %sub_ln85, i32 25" [Lenet_RTL_test/lenet_conv1_only.cpp:87->Lenet_RTL_test/lenet_conv1_only.cpp:131]   --->   Operation 594 'bitselect' 'tmp_30' <Predicate = true> <Delay = 0.00>
ST_19 : Operation 595 [1/1] (0.00ns)   --->   "%tmp_31 = partselect i3 @_ssdm_op_PartSelect.i3.i26.i32.i32, i26 %sub_ln85, i32 23, i32 25" [Lenet_RTL_test/lenet_conv1_only.cpp:88->Lenet_RTL_test/lenet_conv1_only.cpp:131]   --->   Operation 595 'partselect' 'tmp_31' <Predicate = true> <Delay = 0.00>
ST_19 : Operation 596 [1/2] (2.10ns) (root node of the DSP)   --->   "%add_ln85_26 = add i18 %sext_ln85_50, i18 %sext_ln85_46" [Lenet_RTL_test/lenet_conv1_only.cpp:85->Lenet_RTL_test/lenet_conv1_only.cpp:131]   --->   Operation 596 'add' 'add_ln85_26' <Predicate = true> <Delay = 2.10> <CoreInst = "DSP48">   --->   Core 119 'DSP48' <Latency = 3> <II = 1> <Delay = 2.15> <IPBlock> <Opcode : '<invalid operator> ' 'mul' 'add' 'sub' 'select'> <InPorts = 0> <OutPorts = 1> <Sync> <CReg>
ST_19 : Operation 597 [1/1] (0.00ns)   --->   "%sext_ln85_51 = sext i18 %add_ln85_26" [Lenet_RTL_test/lenet_conv1_only.cpp:85->Lenet_RTL_test/lenet_conv1_only.cpp:131]   --->   Operation 597 'sext' 'sext_ln85_51' <Predicate = true> <Delay = 0.00>
ST_19 : Operation 598 [1/2] (2.10ns) (root node of the DSP)   --->   "%add_ln85_28 = add i17 %sext_ln85_52, i17 %sext_ln85_43" [Lenet_RTL_test/lenet_conv1_only.cpp:85->Lenet_RTL_test/lenet_conv1_only.cpp:131]   --->   Operation 598 'add' 'add_ln85_28' <Predicate = true> <Delay = 2.10> <CoreInst = "DSP48">   --->   Core 119 'DSP48' <Latency = 3> <II = 1> <Delay = 2.15> <IPBlock> <Opcode : '<invalid operator> ' 'mul' 'add' 'sub' 'select'> <InPorts = 0> <OutPorts = 1> <Sync> <CReg>
ST_19 : Operation 599 [1/1] (0.00ns)   --->   "%sext_ln85_53 = sext i17 %add_ln85_28" [Lenet_RTL_test/lenet_conv1_only.cpp:85->Lenet_RTL_test/lenet_conv1_only.cpp:131]   --->   Operation 599 'sext' 'sext_ln85_53' <Predicate = true> <Delay = 0.00>
ST_19 : Operation 600 [1/1] (2.13ns)   --->   "%add_ln85_29 = add i19 %sext_ln85_53, i19 %sext_ln85_51" [Lenet_RTL_test/lenet_conv1_only.cpp:85->Lenet_RTL_test/lenet_conv1_only.cpp:131]   --->   Operation 600 'add' 'add_ln85_29' <Predicate = true> <Delay = 2.13> <CoreInst = "Adder">   --->   Core 1 'Adder' <Latency = 0> <II = 1> <Delay = 2.13> <FuncUnit> <Opcode : 'add' 'sub'> <InPorts = 2> <OutPorts = 1>
ST_19 : Operation 601 [1/1] (0.00ns)   --->   "%sext_ln85_54 = sext i19 %add_ln85_29" [Lenet_RTL_test/lenet_conv1_only.cpp:85->Lenet_RTL_test/lenet_conv1_only.cpp:131]   --->   Operation 601 'sext' 'sext_ln85_54' <Predicate = true> <Delay = 0.00>
ST_19 : Operation 602 [1/2] (2.10ns) (root node of the DSP)   --->   "%add_ln85_31 = add i17 %add_ln85_30, i17 %sext_ln85_38" [Lenet_RTL_test/lenet_conv1_only.cpp:85->Lenet_RTL_test/lenet_conv1_only.cpp:131]   --->   Operation 602 'add' 'add_ln85_31' <Predicate = true> <Delay = 2.10> <CoreInst = "DSP48">   --->   Core 119 'DSP48' <Latency = 3> <II = 1> <Delay = 2.15> <IPBlock> <Opcode : '<invalid operator> ' 'mul' 'add' 'sub' 'select'> <InPorts = 0> <OutPorts = 1> <Sync> <CReg>
ST_19 : Operation 603 [1/1] (0.00ns)   --->   "%sext_ln85_55 = sext i17 %add_ln85_31" [Lenet_RTL_test/lenet_conv1_only.cpp:85->Lenet_RTL_test/lenet_conv1_only.cpp:131]   --->   Operation 603 'sext' 'sext_ln85_55' <Predicate = true> <Delay = 0.00>
ST_19 : Operation 604 [1/1] (0.00ns)   --->   "%sext_ln85_58 = sext i18 %add_ln85_34" [Lenet_RTL_test/lenet_conv1_only.cpp:85->Lenet_RTL_test/lenet_conv1_only.cpp:131]   --->   Operation 604 'sext' 'sext_ln85_58' <Predicate = true> <Delay = 0.00>
ST_19 : Operation 605 [1/1] (2.13ns)   --->   "%add_ln85_35 = add i19 %sext_ln85_58, i19 %sext_ln85_55" [Lenet_RTL_test/lenet_conv1_only.cpp:85->Lenet_RTL_test/lenet_conv1_only.cpp:131]   --->   Operation 605 'add' 'add_ln85_35' <Predicate = true> <Delay = 2.13> <CoreInst = "Adder">   --->   Core 1 'Adder' <Latency = 0> <II = 1> <Delay = 2.13> <FuncUnit> <Opcode : 'add' 'sub'> <InPorts = 2> <OutPorts = 1>
ST_19 : Operation 606 [1/1] (0.00ns)   --->   "%sext_ln85_59 = sext i19 %add_ln85_35" [Lenet_RTL_test/lenet_conv1_only.cpp:85->Lenet_RTL_test/lenet_conv1_only.cpp:131]   --->   Operation 606 'sext' 'sext_ln85_59' <Predicate = true> <Delay = 0.00>
ST_19 : Operation 607 [1/1] (2.16ns)   --->   "%add_ln85_36 = add i20 %sext_ln85_59, i20 %sext_ln85_54" [Lenet_RTL_test/lenet_conv1_only.cpp:85->Lenet_RTL_test/lenet_conv1_only.cpp:131]   --->   Operation 607 'add' 'add_ln85_36' <Predicate = true> <Delay = 2.16> <CoreInst = "Adder">   --->   Core 1 'Adder' <Latency = 0> <II = 1> <Delay = 2.16> <FuncUnit> <Opcode : 'add' 'sub'> <InPorts = 2> <OutPorts = 1>
ST_19 : Operation 608 [1/1] (0.00ns)   --->   "%sext_ln85_64 = sext i19 %add_ln85_41" [Lenet_RTL_test/lenet_conv1_only.cpp:85->Lenet_RTL_test/lenet_conv1_only.cpp:131]   --->   Operation 608 'sext' 'sext_ln85_64' <Predicate = true> <Delay = 0.00>
ST_19 : Operation 609 [1/1] (0.00ns)   --->   "%sext_ln85_69 = sext i19 %add_ln85_47" [Lenet_RTL_test/lenet_conv1_only.cpp:85->Lenet_RTL_test/lenet_conv1_only.cpp:131]   --->   Operation 609 'sext' 'sext_ln85_69' <Predicate = true> <Delay = 0.00>
ST_19 : Operation 610 [1/1] (2.16ns)   --->   "%add_ln85_48 = add i20 %sext_ln85_69, i20 %sext_ln85_64" [Lenet_RTL_test/lenet_conv1_only.cpp:85->Lenet_RTL_test/lenet_conv1_only.cpp:131]   --->   Operation 610 'add' 'add_ln85_48' <Predicate = true> <Delay = 2.16> <CoreInst = "Adder">   --->   Core 1 'Adder' <Latency = 0> <II = 1> <Delay = 2.16> <FuncUnit> <Opcode : 'add' 'sub'> <InPorts = 2> <OutPorts = 1>

State 20 <SV = 19> <Delay = 6.21>
ST_20 : Operation 611 [1/1] (0.00ns)   --->   "%zext_ln126_1 = zext i5 %select_ln118" [Lenet_RTL_test/lenet_conv1_only.cpp:126]   --->   Operation 611 'zext' 'zext_ln126_1' <Predicate = true> <Delay = 0.00>
ST_20 : Operation 612 [1/1] (1.63ns)   --->   "%add_ln131_1 = add i11 %sub_ln131_1, i11 %zext_ln126_1" [Lenet_RTL_test/lenet_conv1_only.cpp:131]   --->   Operation 612 'add' 'add_ln131_1' <Predicate = true> <Delay = 1.63> <CoreInst = "Adder">   --->   Core 1 'Adder' <Latency = 0> <II = 1> <Delay = 1.63> <FuncUnit> <Opcode : 'add' 'sub'> <InPorts = 2> <OutPorts = 1>
ST_20 : Operation 613 [1/1] (0.00ns)   --->   "%zext_ln131_1 = zext i11 %add_ln131_1" [Lenet_RTL_test/lenet_conv1_only.cpp:131]   --->   Operation 613 'zext' 'zext_ln131_1' <Predicate = true> <Delay = 0.00>
ST_20 : Operation 614 [1/1] (0.00ns)   --->   "%y_0_addr = getelementptr i8 %y_0, i64 0, i64 %zext_ln131_1" [Lenet_RTL_test/lenet_conv1_only.cpp:131]   --->   Operation 614 'getelementptr' 'y_0_addr' <Predicate = true> <Delay = 0.00>
ST_20 : Operation 615 [1/1] (0.00ns)   --->   "%y_1_addr = getelementptr i8 %y_1, i64 0, i64 %zext_ln131_1" [Lenet_RTL_test/lenet_conv1_only.cpp:131]   --->   Operation 615 'getelementptr' 'y_1_addr' <Predicate = true> <Delay = 0.00>
ST_20 : Operation 616 [1/1] (0.00ns)   --->   "%zext_ln126_44 = zext i5 %or_ln126" [Lenet_RTL_test/lenet_conv1_only.cpp:126]   --->   Operation 616 'zext' 'zext_ln126_44' <Predicate = true> <Delay = 0.00>
ST_20 : Operation 617 [1/1] (1.63ns)   --->   "%add_ln131_2 = add i11 %sub_ln131_1, i11 %zext_ln126_44" [Lenet_RTL_test/lenet_conv1_only.cpp:131]   --->   Operation 617 'add' 'add_ln131_2' <Predicate = true> <Delay = 1.63> <CoreInst = "Adder">   --->   Core 1 'Adder' <Latency = 0> <II = 1> <Delay = 1.63> <FuncUnit> <Opcode : 'add' 'sub'> <InPorts = 2> <OutPorts = 1>
ST_20 : Operation 618 [1/1] (1.65ns)   --->   "%icmp_ln88 = icmp_sgt  i3 %tmp_31, i3 0" [Lenet_RTL_test/lenet_conv1_only.cpp:88->Lenet_RTL_test/lenet_conv1_only.cpp:131]   --->   Operation 618 'icmp' 'icmp_ln88' <Predicate = true> <Delay = 1.65> <CoreInst = "Cmp">   --->   Core 9 'Cmp' <Latency = 0> <II = 1> <Delay = 1.65> <FuncUnit> <Opcode : 'icmp'> <InPorts = 2> <OutPorts = 1>
ST_20 : Operation 619 [1/1] (0.00ns) (grouped into LUT with out node select_ln87)   --->   "%trunc_ln1 = partselect i8 @_ssdm_op_PartSelect.i8.i26.i32.i32, i26 %sub_ln85, i32 15, i32 22" [Lenet_RTL_test/lenet_conv1_only.cpp:89->Lenet_RTL_test/lenet_conv1_only.cpp:131]   --->   Operation 619 'partselect' 'trunc_ln1' <Predicate = true> <Delay = 0.00>
ST_20 : Operation 620 [1/1] (0.00ns) (grouped into LUT with out node select_ln87)   --->   "%xor_ln87 = xor i1 %tmp_30, i1 1" [Lenet_RTL_test/lenet_conv1_only.cpp:87->Lenet_RTL_test/lenet_conv1_only.cpp:131]   --->   Operation 620 'xor' 'xor_ln87' <Predicate = true> <Delay = 0.00> <CoreInst = "LogicGate">   --->   Core 74 'LogicGate' <Latency = 0> <II = 1> <Delay = 0.97> <FuncUnit> <Opcode : 'and' 'or' 'xor'> <InPorts = 2> <OutPorts = 1>
ST_20 : Operation 621 [1/1] (0.00ns) (grouped into LUT with out node select_ln87)   --->   "%select_ln87_2 = select i1 %xor_ln87, i8 255, i8 0" [Lenet_RTL_test/lenet_conv1_only.cpp:87->Lenet_RTL_test/lenet_conv1_only.cpp:131]   --->   Operation 621 'select' 'select_ln87_2' <Predicate = true> <Delay = 0.00> <CoreInst = "Sel">   --->   Core 73 'Sel' <Latency = 0> <II = 1> <Delay = 0.99> <FuncUnit> <Opcode : 'select'> <InPorts = 3> <OutPorts = 1>
ST_20 : Operation 622 [1/1] (0.00ns) (grouped into LUT with out node select_ln87)   --->   "%or_ln87 = or i1 %tmp_30, i1 %icmp_ln88" [Lenet_RTL_test/lenet_conv1_only.cpp:87->Lenet_RTL_test/lenet_conv1_only.cpp:131]   --->   Operation 622 'or' 'or_ln87' <Predicate = true> <Delay = 0.00> <CoreInst = "LogicGate">   --->   Core 74 'LogicGate' <Latency = 0> <II = 1> <Delay = 0.97> <FuncUnit> <Opcode : 'and' 'or' 'xor'> <InPorts = 2> <OutPorts = 1>
ST_20 : Operation 623 [1/1] (1.24ns) (out node of the LUT)   --->   "%select_ln87 = select i1 %or_ln87, i8 %select_ln87_2, i8 %trunc_ln1" [Lenet_RTL_test/lenet_conv1_only.cpp:87->Lenet_RTL_test/lenet_conv1_only.cpp:131]   --->   Operation 623 'select' 'select_ln87' <Predicate = true> <Delay = 1.24> <CoreInst = "Sel">   --->   Core 73 'Sel' <Latency = 0> <II = 1> <Delay = 1.24> <FuncUnit> <Opcode : 'select'> <InPorts = 3> <OutPorts = 1>
ST_20 : Operation 624 [1/1] (0.00ns)   --->   "%sext_ln85_60 = sext i20 %add_ln85_36" [Lenet_RTL_test/lenet_conv1_only.cpp:85->Lenet_RTL_test/lenet_conv1_only.cpp:131]   --->   Operation 624 'sext' 'sext_ln85_60' <Predicate = true> <Delay = 0.00>
ST_20 : Operation 625 [1/1] (0.00ns)   --->   "%sext_ln85_70 = sext i20 %add_ln85_48" [Lenet_RTL_test/lenet_conv1_only.cpp:85->Lenet_RTL_test/lenet_conv1_only.cpp:131]   --->   Operation 625 'sext' 'sext_ln85_70' <Predicate = true> <Delay = 0.00>
ST_20 : Operation 626 [1/1] (2.19ns)   --->   "%add_ln85_49 = add i21 %sext_ln85_70, i21 %sext_ln85_60" [Lenet_RTL_test/lenet_conv1_only.cpp:85->Lenet_RTL_test/lenet_conv1_only.cpp:131]   --->   Operation 626 'add' 'add_ln85_49' <Predicate = true> <Delay = 2.19> <CoreInst = "Adder">   --->   Core 1 'Adder' <Latency = 0> <II = 1> <Delay = 2.19> <FuncUnit> <Opcode : 'add' 'sub'> <InPorts = 2> <OutPorts = 1>
ST_20 : Operation 627 [1/1] (0.00ns)   --->   "%shl_ln85_2 = bitconcatenate i26 @_ssdm_op_BitConcatenate.i26.i21.i5, i21 %add_ln85_49, i5 0" [Lenet_RTL_test/lenet_conv1_only.cpp:85->Lenet_RTL_test/lenet_conv1_only.cpp:131]   --->   Operation 627 'bitconcatenate' 'shl_ln85_2' <Predicate = true> <Delay = 0.00>
ST_20 : Operation 628 [1/1] (0.00ns)   --->   "%shl_ln85_3 = bitconcatenate i24 @_ssdm_op_BitConcatenate.i24.i21.i3, i21 %add_ln85_49, i3 0" [Lenet_RTL_test/lenet_conv1_only.cpp:85->Lenet_RTL_test/lenet_conv1_only.cpp:131]   --->   Operation 628 'bitconcatenate' 'shl_ln85_3' <Predicate = true> <Delay = 0.00>
ST_20 : Operation 629 [1/1] (0.00ns)   --->   "%sext_ln85_71 = sext i24 %shl_ln85_3" [Lenet_RTL_test/lenet_conv1_only.cpp:85->Lenet_RTL_test/lenet_conv1_only.cpp:131]   --->   Operation 629 'sext' 'sext_ln85_71' <Predicate = true> <Delay = 0.00>
ST_20 : Operation 630 [1/1] (2.37ns)   --->   "%sub_ln85_1 = sub i26 %shl_ln85_2, i26 %sext_ln85_71" [Lenet_RTL_test/lenet_conv1_only.cpp:85->Lenet_RTL_test/lenet_conv1_only.cpp:131]   --->   Operation 630 'sub' 'sub_ln85_1' <Predicate = true> <Delay = 2.37> <CoreInst = "Adder">   --->   Core 1 'Adder' <Latency = 0> <II = 1> <Delay = 2.37> <FuncUnit> <Opcode : 'add' 'sub'> <InPorts = 2> <OutPorts = 1>
ST_20 : Operation 631 [1/1] (0.00ns)   --->   "%tmp_32 = bitselect i1 @_ssdm_op_BitSelect.i1.i26.i32, i26 %sub_ln85_1, i32 25" [Lenet_RTL_test/lenet_conv1_only.cpp:87->Lenet_RTL_test/lenet_conv1_only.cpp:131]   --->   Operation 631 'bitselect' 'tmp_32' <Predicate = true> <Delay = 0.00>
ST_20 : Operation 632 [1/1] (0.00ns)   --->   "%tmp_33 = partselect i3 @_ssdm_op_PartSelect.i3.i26.i32.i32, i26 %sub_ln85_1, i32 23, i32 25" [Lenet_RTL_test/lenet_conv1_only.cpp:88->Lenet_RTL_test/lenet_conv1_only.cpp:131]   --->   Operation 632 'partselect' 'tmp_33' <Predicate = true> <Delay = 0.00>
ST_20 : Operation 633 [1/1] (1.65ns)   --->   "%icmp_ln88_1 = icmp_sgt  i3 %tmp_33, i3 0" [Lenet_RTL_test/lenet_conv1_only.cpp:88->Lenet_RTL_test/lenet_conv1_only.cpp:131]   --->   Operation 633 'icmp' 'icmp_ln88_1' <Predicate = true> <Delay = 1.65> <CoreInst = "Cmp">   --->   Core 9 'Cmp' <Latency = 0> <II = 1> <Delay = 1.65> <FuncUnit> <Opcode : 'icmp'> <InPorts = 2> <OutPorts = 1>
ST_20 : Operation 634 [1/1] (3.25ns)   --->   "%store_ln131 = store i8 %select_ln87, i11 %y_0_addr" [Lenet_RTL_test/lenet_conv1_only.cpp:131]   --->   Operation 634 'store' 'store_ln131' <Predicate = (!trunc_ln118)> <Delay = 3.25> <CoreInst = "RAM_2P_BRAM">   --->   Core 91 'RAM_2P_BRAM' <Latency = 1> <II = 1> <Delay = 3.25> <Storage> <Opcode : 'load' 'store'> <Ports = 2> <Width = 8> <Depth = 1176> <RAM>
ST_20 : Operation 635 [1/1] (3.25ns)   --->   "%store_ln131 = store i8 %select_ln87, i11 %y_1_addr" [Lenet_RTL_test/lenet_conv1_only.cpp:131]   --->   Operation 635 'store' 'store_ln131' <Predicate = (trunc_ln118)> <Delay = 3.25> <CoreInst = "RAM_2P_BRAM">   --->   Core 91 'RAM_2P_BRAM' <Latency = 1> <II = 1> <Delay = 3.25> <Storage> <Opcode : 'load' 'store'> <Ports = 2> <Width = 8> <Depth = 1176> <RAM>

State 21 <SV = 20> <Delay = 4.50>
ST_21 : Operation 636 [1/1] (0.00ns)   --->   "%specloopname_ln0 = specloopname void @_ssdm_op_SpecLoopName, void @VITIS_LOOP_118_2_VITIS_LOOP_119_3_str"   --->   Operation 636 'specloopname' 'specloopname_ln0' <Predicate = true> <Delay = 0.00>
ST_21 : Operation 637 [1/1] (0.00ns)   --->   "%speclooptripcount_ln0 = speclooptripcount void @_ssdm_op_SpecLoopTripCount, i64 392, i64 392, i64 392"   --->   Operation 637 'speclooptripcount' 'speclooptripcount_ln0' <Predicate = true> <Delay = 0.00>
ST_21 : Operation 638 [1/1] (0.00ns)   --->   "%specpipeline_ln120 = specpipeline void @_ssdm_op_SpecPipeline, i32 2, i32 0, i32 0, i32 0, void @empty_2" [Lenet_RTL_test/lenet_conv1_only.cpp:120]   --->   Operation 638 'specpipeline' 'specpipeline_ln120' <Predicate = true> <Delay = 0.00>
ST_21 : Operation 639 [1/1] (0.00ns)   --->   "%specloopname_ln119 = specloopname void @_ssdm_op_SpecLoopName, void @empty_5" [Lenet_RTL_test/lenet_conv1_only.cpp:119]   --->   Operation 639 'specloopname' 'specloopname_ln119' <Predicate = true> <Delay = 0.00>
ST_21 : Operation 640 [1/1] (0.00ns)   --->   "%zext_ln131_2 = zext i11 %add_ln131_2" [Lenet_RTL_test/lenet_conv1_only.cpp:131]   --->   Operation 640 'zext' 'zext_ln131_2' <Predicate = true> <Delay = 0.00>
ST_21 : Operation 641 [1/1] (0.00ns)   --->   "%y_0_addr_1 = getelementptr i8 %y_0, i64 0, i64 %zext_ln131_2" [Lenet_RTL_test/lenet_conv1_only.cpp:131]   --->   Operation 641 'getelementptr' 'y_0_addr_1' <Predicate = true> <Delay = 0.00>
ST_21 : Operation 642 [1/1] (0.00ns)   --->   "%y_1_addr_1 = getelementptr i8 %y_1, i64 0, i64 %zext_ln131_2" [Lenet_RTL_test/lenet_conv1_only.cpp:131]   --->   Operation 642 'getelementptr' 'y_1_addr_1' <Predicate = true> <Delay = 0.00>
ST_21 : Operation 643 [1/1] (0.00ns) (grouped into LUT with out node select_ln87_1)   --->   "%trunc_ln89_1 = partselect i8 @_ssdm_op_PartSelect.i8.i26.i32.i32, i26 %sub_ln85_1, i32 15, i32 22" [Lenet_RTL_test/lenet_conv1_only.cpp:89->Lenet_RTL_test/lenet_conv1_only.cpp:131]   --->   Operation 643 'partselect' 'trunc_ln89_1' <Predicate = true> <Delay = 0.00>
ST_21 : Operation 644 [1/1] (0.00ns) (grouped into LUT with out node select_ln87_1)   --->   "%xor_ln87_1 = xor i1 %tmp_32, i1 1" [Lenet_RTL_test/lenet_conv1_only.cpp:87->Lenet_RTL_test/lenet_conv1_only.cpp:131]   --->   Operation 644 'xor' 'xor_ln87_1' <Predicate = true> <Delay = 0.00> <CoreInst = "LogicGate">   --->   Core 74 'LogicGate' <Latency = 0> <II = 1> <Delay = 0.97> <FuncUnit> <Opcode : 'and' 'or' 'xor'> <InPorts = 2> <OutPorts = 1>
ST_21 : Operation 645 [1/1] (0.00ns) (grouped into LUT with out node select_ln87_1)   --->   "%select_ln87_3 = select i1 %xor_ln87_1, i8 255, i8 0" [Lenet_RTL_test/lenet_conv1_only.cpp:87->Lenet_RTL_test/lenet_conv1_only.cpp:131]   --->   Operation 645 'select' 'select_ln87_3' <Predicate = true> <Delay = 0.00> <CoreInst = "Sel">   --->   Core 73 'Sel' <Latency = 0> <II = 1> <Delay = 0.99> <FuncUnit> <Opcode : 'select'> <InPorts = 3> <OutPorts = 1>
ST_21 : Operation 646 [1/1] (0.00ns) (grouped into LUT with out node select_ln87_1)   --->   "%or_ln87_1 = or i1 %tmp_32, i1 %icmp_ln88_1" [Lenet_RTL_test/lenet_conv1_only.cpp:87->Lenet_RTL_test/lenet_conv1_only.cpp:131]   --->   Operation 646 'or' 'or_ln87_1' <Predicate = true> <Delay = 0.00> <CoreInst = "LogicGate">   --->   Core 74 'LogicGate' <Latency = 0> <II = 1> <Delay = 0.97> <FuncUnit> <Opcode : 'and' 'or' 'xor'> <InPorts = 2> <OutPorts = 1>
ST_21 : Operation 647 [1/1] (1.24ns) (out node of the LUT)   --->   "%select_ln87_1 = select i1 %or_ln87_1, i8 %select_ln87_3, i8 %trunc_ln89_1" [Lenet_RTL_test/lenet_conv1_only.cpp:87->Lenet_RTL_test/lenet_conv1_only.cpp:131]   --->   Operation 647 'select' 'select_ln87_1' <Predicate = true> <Delay = 1.24> <CoreInst = "Sel">   --->   Core 73 'Sel' <Latency = 0> <II = 1> <Delay = 1.24> <FuncUnit> <Opcode : 'select'> <InPorts = 3> <OutPorts = 1>
ST_21 : Operation 648 [1/1] (3.25ns)   --->   "%store_ln131 = store i8 %select_ln87_1, i11 %y_0_addr_1" [Lenet_RTL_test/lenet_conv1_only.cpp:131]   --->   Operation 648 'store' 'store_ln131' <Predicate = (!trunc_ln118)> <Delay = 3.25> <CoreInst = "RAM_2P_BRAM">   --->   Core 91 'RAM_2P_BRAM' <Latency = 1> <II = 1> <Delay = 3.25> <Storage> <Opcode : 'load' 'store'> <Ports = 2> <Width = 8> <Depth = 1176> <RAM>
ST_21 : Operation 649 [1/1] (0.00ns)   --->   "%br_ln131 = br void %arrayidx412.132.exit" [Lenet_RTL_test/lenet_conv1_only.cpp:131]   --->   Operation 649 'br' 'br_ln131' <Predicate = (!trunc_ln118)> <Delay = 0.00>
ST_21 : Operation 650 [1/1] (3.25ns)   --->   "%store_ln131 = store i8 %select_ln87_1, i11 %y_1_addr_1" [Lenet_RTL_test/lenet_conv1_only.cpp:131]   --->   Operation 650 'store' 'store_ln131' <Predicate = (trunc_ln118)> <Delay = 3.25> <CoreInst = "RAM_2P_BRAM">   --->   Core 91 'RAM_2P_BRAM' <Latency = 1> <II = 1> <Delay = 3.25> <Storage> <Opcode : 'load' 'store'> <Ports = 2> <Width = 8> <Depth = 1176> <RAM>
ST_21 : Operation 651 [1/1] (0.00ns)   --->   "%br_ln131 = br void %arrayidx412.132.exit" [Lenet_RTL_test/lenet_conv1_only.cpp:131]   --->   Operation 651 'br' 'br_ln131' <Predicate = (trunc_ln118)> <Delay = 0.00>


============================================================
+ Verbose Summary: Timing violations
============================================================
Target clock period: 10.000ns, clock uncertainty: 2.700ns.

 <State 1>: 6.249ns
The critical path consists of the following:
	'alloca' operation ('ow') [31]  (0.000 ns)
	'load' operation ('ow_load', Lenet_RTL_test/lenet_conv1_only.cpp:119) on local variable 'ow' [101]  (0.000 ns)
	'icmp' operation ('icmp_ln119', Lenet_RTL_test/lenet_conv1_only.cpp:119) [105]  (1.780 ns)
	'select' operation ('select_ln118_1', Lenet_RTL_test/lenet_conv1_only.cpp:118) [108]  (1.215 ns)
	'getelementptr' operation ('x_addr_1', Lenet_RTL_test/lenet_conv1_only.cpp:126) [160]  (0.000 ns)
	'load' operation ('x_load_1', Lenet_RTL_test/lenet_conv1_only.cpp:126) on array 'x' [177]  (3.254 ns)

 <State 2>: 5.034ns
The critical path consists of the following:
	'select' operation ('select_ln118_3', Lenet_RTL_test/lenet_conv1_only.cpp:118) [122]  (0.000 ns)
	'add' operation ('add_ln118', Lenet_RTL_test/lenet_conv1_only.cpp:118) [123]  (1.780 ns)
	'getelementptr' operation ('x_addr_11', Lenet_RTL_test/lenet_conv1_only.cpp:126) [166]  (0.000 ns)
	'load' operation ('x_load_11', Lenet_RTL_test/lenet_conv1_only.cpp:126) on array 'x' [251]  (3.254 ns)

 <State 3>: 5.034ns
The critical path consists of the following:
	'add' operation ('add_ln126', Lenet_RTL_test/lenet_conv1_only.cpp:126) [179]  (1.780 ns)
	'getelementptr' operation ('x_addr_2', Lenet_RTL_test/lenet_conv1_only.cpp:126) [182]  (0.000 ns)
	'load' operation ('x_load_2', Lenet_RTL_test/lenet_conv1_only.cpp:126) on array 'x' [195]  (3.254 ns)

 <State 4>: 5.034ns
The critical path consists of the following:
	'add' operation ('add_ln126_2', Lenet_RTL_test/lenet_conv1_only.cpp:126) [217]  (1.780 ns)
	'getelementptr' operation ('x_addr_4', Lenet_RTL_test/lenet_conv1_only.cpp:126) [220]  (0.000 ns)
	'load' operation ('x_load_4', Lenet_RTL_test/lenet_conv1_only.cpp:126) on array 'x' [233]  (3.254 ns)

 <State 5>: 4.304ns
The critical path consists of the following:
	'load' operation ('x_load_4', Lenet_RTL_test/lenet_conv1_only.cpp:126) on array 'x' [233]  (3.254 ns)
	'mul' operation of DSP[492] ('mul_ln85_42', Lenet_RTL_test/lenet_conv1_only.cpp:85->Lenet_RTL_test/lenet_conv1_only.cpp:131) [449]  (1.050 ns)

 <State 6>: 6.765ns
The critical path consists of the following:
	'add' operation ('add_ln126_3', Lenet_RTL_test/lenet_conv1_only.cpp:126) [390]  (1.780 ns)
	'add' operation ('add_ln126_5', Lenet_RTL_test/lenet_conv1_only.cpp:126) [395]  (1.731 ns)
	'getelementptr' operation ('x_addr_26', Lenet_RTL_test/lenet_conv1_only.cpp:126) [397]  (0.000 ns)
	'load' operation ('x_load_26', Lenet_RTL_test/lenet_conv1_only.cpp:126) on array 'x' [409]  (3.254 ns)

 <State 7>: 4.200ns
The critical path consists of the following:
	'add' operation of DSP[358] ('add_ln85_14', Lenet_RTL_test/lenet_conv1_only.cpp:85->Lenet_RTL_test/lenet_conv1_only.cpp:131) [358]  (2.100 ns)
	'add' operation of DSP[360] ('add_ln85_15', Lenet_RTL_test/lenet_conv1_only.cpp:85->Lenet_RTL_test/lenet_conv1_only.cpp:131) [360]  (2.100 ns)

 <State 8>: 4.304ns
The critical path consists of the following:
	'load' operation ('x_load', Lenet_RTL_test/lenet_conv1_only.cpp:126) on array 'x' [154]  (3.254 ns)
	'mul' operation of DSP[356] ('mul_ln85_8', Lenet_RTL_test/lenet_conv1_only.cpp:85->Lenet_RTL_test/lenet_conv1_only.cpp:131) [299]  (1.050 ns)

 <State 9>: 4.304ns
The critical path consists of the following:
	'load' operation ('x_load_10', Lenet_RTL_test/lenet_conv1_only.cpp:126) on array 'x' [249]  (3.254 ns)
	'mul' operation of DSP[367] ('mul_ln85_18', Lenet_RTL_test/lenet_conv1_only.cpp:85->Lenet_RTL_test/lenet_conv1_only.cpp:131) [317]  (1.050 ns)

 <State 10>: 4.304ns
The critical path consists of the following:
	'load' operation ('x_load_20', Lenet_RTL_test/lenet_conv1_only.cpp:126) on array 'x' [271]  (3.254 ns)
	'mul' operation of DSP[337] ('mul_ln85', Lenet_RTL_test/lenet_conv1_only.cpp:85->Lenet_RTL_test/lenet_conv1_only.cpp:131) [283]  (1.050 ns)

 <State 11>: 6.270ns
The critical path consists of the following:
	'mul' operation ('mul_ln85_20', Lenet_RTL_test/lenet_conv1_only.cpp:85->Lenet_RTL_test/lenet_conv1_only.cpp:131) [321]  (4.170 ns)
	'add' operation of DSP[346] ('add_ln85_8', Lenet_RTL_test/lenet_conv1_only.cpp:85->Lenet_RTL_test/lenet_conv1_only.cpp:131) [346]  (2.100 ns)

 <State 12>: 6.270ns
The critical path consists of the following:
	'mul' operation ('mul_ln85_3', Lenet_RTL_test/lenet_conv1_only.cpp:85->Lenet_RTL_test/lenet_conv1_only.cpp:131) [289]  (4.170 ns)
	'add' operation of DSP[364] ('add_ln85_17', Lenet_RTL_test/lenet_conv1_only.cpp:85->Lenet_RTL_test/lenet_conv1_only.cpp:131) [364]  (2.100 ns)

 <State 13>: 6.270ns
The critical path consists of the following:
	'mul' operation ('mul_ln85_1', Lenet_RTL_test/lenet_conv1_only.cpp:85->Lenet_RTL_test/lenet_conv1_only.cpp:131) [285]  (4.170 ns)
	'add' operation of DSP[340] ('add_ln85_5', Lenet_RTL_test/lenet_conv1_only.cpp:85->Lenet_RTL_test/lenet_conv1_only.cpp:131) [340]  (2.100 ns)

 <State 14>: 6.270ns
The critical path consists of the following:
	'mul' operation ('mul_ln85_9', Lenet_RTL_test/lenet_conv1_only.cpp:85->Lenet_RTL_test/lenet_conv1_only.cpp:131) [301]  (4.170 ns)
	'add' operation of DSP[369] ('add_ln85_20', Lenet_RTL_test/lenet_conv1_only.cpp:85->Lenet_RTL_test/lenet_conv1_only.cpp:131) [369]  (2.100 ns)

 <State 15>: 6.343ns
The critical path consists of the following:
	'add' operation of DSP[369] ('add_ln85_20', Lenet_RTL_test/lenet_conv1_only.cpp:85->Lenet_RTL_test/lenet_conv1_only.cpp:131) [369]  (2.100 ns)
	'add' operation ('add_ln85_21', Lenet_RTL_test/lenet_conv1_only.cpp:85->Lenet_RTL_test/lenet_conv1_only.cpp:131) [371]  (2.107 ns)
	'add' operation ('add_ln85_22', Lenet_RTL_test/lenet_conv1_only.cpp:85->Lenet_RTL_test/lenet_conv1_only.cpp:131) [373]  (2.136 ns)

 <State 16>: 6.270ns
The critical path consists of the following:
	'mul' operation ('mul_ln85_48', Lenet_RTL_test/lenet_conv1_only.cpp:85->Lenet_RTL_test/lenet_conv1_only.cpp:131) [461]  (4.170 ns)
	'add' operation of DSP[478] ('add_ln85_32', Lenet_RTL_test/lenet_conv1_only.cpp:85->Lenet_RTL_test/lenet_conv1_only.cpp:131) [478]  (2.100 ns)

 <State 17>: 6.270ns
The critical path consists of the following:
	'mul' operation ('mul_ln85_41', Lenet_RTL_test/lenet_conv1_only.cpp:85->Lenet_RTL_test/lenet_conv1_only.cpp:131) [447]  (4.170 ns)
	'add' operation of DSP[465] ('add_ln85_25', Lenet_RTL_test/lenet_conv1_only.cpp:85->Lenet_RTL_test/lenet_conv1_only.cpp:131) [465]  (2.100 ns)

 <State 18>: 6.343ns
The critical path consists of the following:
	'add' operation of DSP[344] ('add_ln85_7', Lenet_RTL_test/lenet_conv1_only.cpp:85->Lenet_RTL_test/lenet_conv1_only.cpp:131) [344]  (2.100 ns)
	'add' operation ('add_ln85_9', Lenet_RTL_test/lenet_conv1_only.cpp:85->Lenet_RTL_test/lenet_conv1_only.cpp:131) [348]  (2.107 ns)
	'add' operation ('add_ln85_10', Lenet_RTL_test/lenet_conv1_only.cpp:85->Lenet_RTL_test/lenet_conv1_only.cpp:131) [350]  (2.136 ns)

 <State 19>: 6.736ns
The critical path consists of the following:
	'add' operation ('add_ln85_11', Lenet_RTL_test/lenet_conv1_only.cpp:85->Lenet_RTL_test/lenet_conv1_only.cpp:131) [352]  (2.166 ns)
	'add' operation ('add_ln85_24', Lenet_RTL_test/lenet_conv1_only.cpp:85->Lenet_RTL_test/lenet_conv1_only.cpp:131) [377]  (2.196 ns)
	'sub' operation ('sub_ln85', Lenet_RTL_test/lenet_conv1_only.cpp:85->Lenet_RTL_test/lenet_conv1_only.cpp:131) [381]  (2.374 ns)

 <State 20>: 6.220ns
The critical path consists of the following:
	'add' operation ('add_ln85_49', Lenet_RTL_test/lenet_conv1_only.cpp:85->Lenet_RTL_test/lenet_conv1_only.cpp:131) [511]  (2.196 ns)
	'sub' operation ('sub_ln85_1', Lenet_RTL_test/lenet_conv1_only.cpp:85->Lenet_RTL_test/lenet_conv1_only.cpp:131) [515]  (2.374 ns)
	'icmp' operation ('icmp_ln88_1', Lenet_RTL_test/lenet_conv1_only.cpp:88->Lenet_RTL_test/lenet_conv1_only.cpp:131) [518]  (1.650 ns)

 <State 21>: 4.502ns
The critical path consists of the following:
	'select' operation ('select_ln87_1', Lenet_RTL_test/lenet_conv1_only.cpp:87->Lenet_RTL_test/lenet_conv1_only.cpp:131) [523]  (1.248 ns)
	'store' operation ('store_ln131', Lenet_RTL_test/lenet_conv1_only.cpp:131) of variable 'select_ln87_1', Lenet_RTL_test/lenet_conv1_only.cpp:87->Lenet_RTL_test/lenet_conv1_only.cpp:131 on array 'y_1' [531]  (3.254 ns)


============================================================
+ Verbose Summary: Binding
============================================================
N/A
* FSMD analyzer results:
  - Output states:
 - Input state : 
  - Chain level:
	State 1
	State 2
	State 3
	State 4
	State 5
	State 6
	State 7
	State 8
	State 9
	State 10
	State 11
	State 12
	State 13
	State 14
	State 15
	State 16
	State 17
	State 18
	State 19
	State 20
	State 21


============================================================
+ Verbose Summary: Datapath Resource usage 
============================================================
N/A
