

================================================================
== Vitis HLS Report for 'conv1_pragma'
================================================================
* Date:           Mon Mar 16 13:32:26 2026

* Version:        2023.1 (Build 3854077 on May  4 2023)
* Project:        Lenet_RTL_test
* Solution:       solution1 (Vivado IP Flow Target)
* Product family: zynq
* Target device:  xc7z010-clg400-1


================================================================
== Performance Estimates
================================================================
+ Timing: 
    * Summary: 
    +--------+----------+----------+------------+
    |  Clock |  Target  | Estimated| Uncertainty|
    +--------+----------+----------+------------+
    |ap_clk  |  10.00 ns|  6.765 ns|     2.70 ns|
    +--------+----------+----------+------------+

+ Latency: 
    * Summary: 
    +---------+---------+----------+----------+-------+-------+---------+
    |  Latency (cycles) |  Latency (absolute) |    Interval   | Pipeline|
    |   min   |   max   |    min   |    max   |  min  |  max  |   Type  |
    +---------+---------+----------+----------+-------+-------+---------+
    |    17671|    17671|  0.177 ms|  0.177 ms|  17671|  17671|       no|
    +---------+---------+----------+----------+-------+-------+---------+

    + Detail: 
        * Instance: 
        +--------------------------------------------------------------------+---------------------------------------------------------+---------+---------+-----------+-----------+------+------+---------+
        |                                                                    |                                                         |  Latency (cycles) |   Latency (absolute)  |   Interval  | Pipeline|
        |                              Instance                              |                          Module                         |   min   |   max   |    min    |    max    |  min |  max |   Type  |
        +--------------------------------------------------------------------+---------------------------------------------------------+---------+---------+-----------+-----------+------+------+---------+
        |grp_conv1_pragma_Pipeline_VITIS_LOOP_118_2_VITIS_LOOP_119_3_fu_445  |conv1_pragma_Pipeline_VITIS_LOOP_118_2_VITIS_LOOP_119_3  |     5887|     5887|  58.870 us|  58.870 us|  5887|  5887|       no|
        +--------------------------------------------------------------------+---------------------------------------------------------+---------+---------+-----------+-----------+------+------+---------+

        * Loop: 
        +--------------------+---------+---------+----------+-----------+-----------+------+----------+
        |                    |  Latency (cycles) | Iteration|  Initiation Interval  | Trip |          |
        |      Loop Name     |   min   |   max   |  Latency |  achieved |   target  | Count| Pipelined|
        +--------------------+---------+---------+----------+-----------+-----------+------+----------+
        |- VITIS_LOOP_117_1  |    17670|    17670|      5890|          -|          -|     3|        no|
        +--------------------+---------+---------+----------+-----------+-----------+------+----------+



================================================================
== Utilization Estimates
================================================================
* Summary: 
+-----------------+---------+----+-------+-------+-----+
|       Name      | BRAM_18K| DSP|   FF  |  LUT  | URAM|
+-----------------+---------+----+-------+-------+-----+
|DSP              |        -|   -|      -|      -|    -|
|Expression       |        -|   -|      0|     34|    -|
|FIFO             |        -|   -|      -|      -|    -|
|Instance         |        -|  32|   1178|   2018|    -|
|Memory           |        0|   -|    189|     25|    -|
|Multiplexer      |        -|   -|      -|     34|    -|
|Register         |        -|   -|    219|      -|    -|
+-----------------+---------+----+-------+-------+-----+
|Total            |        0|  32|   1586|   2111|    0|
+-----------------+---------+----+-------+-------+-----+
|Available        |      120|  80|  35200|  17600|    0|
+-----------------+---------+----+-------+-------+-----+
|Utilization (%)  |        0|  40|      4|     11|    0|
+-----------------+---------+----+-------+-------+-----+

+ Detail: 
    * Instance: 
    +--------------------------------------------------------------------+---------------------------------------------------------+---------+----+------+------+-----+
    |                              Instance                              |                          Module                         | BRAM_18K| DSP|  FF  |  LUT | URAM|
    +--------------------------------------------------------------------+---------------------------------------------------------+---------+----+------+------+-----+
    |grp_conv1_pragma_Pipeline_VITIS_LOOP_118_2_VITIS_LOOP_119_3_fu_445  |conv1_pragma_Pipeline_VITIS_LOOP_118_2_VITIS_LOOP_119_3  |        0|  32|  1178|  1998|    0|
    |mux_4_2_15_1_1_U96                                                  |mux_4_2_15_1_1                                           |        0|   0|     0|    20|    0|
    +--------------------------------------------------------------------+---------------------------------------------------------+---------+----+------+------+-----+
    |Total                                                               |                                                         |        0|  32|  1178|  2018|    0|
    +--------------------------------------------------------------------+---------------------------------------------------------+---------+----+------+------+-----+

    * DSP: 
    N/A

    * Memory: 
    +--------------------+-------------------------------------------+---------+---+----+-----+------+-----+------+-------------+
    |       Memory       |                   Module                  | BRAM_18K| FF| LUT| URAM| Words| Bits| Banks| W*Bits*Banks|
    +--------------------+-------------------------------------------+---------+---+----+-----+------+-----+------+-------------+
    |LENET_C1_W_0_0_0_U  |conv1_pragma_LENET_C1_W_0_0_0_ROM_AUTO_1R  |        0|  7|   1|    0|     3|    7|     1|           21|
    |LENET_C1_W_0_0_1_U  |conv1_pragma_LENET_C1_W_0_0_1_ROM_AUTO_1R  |        0|  7|   1|    0|     3|    7|     1|           21|
    |LENET_C1_W_0_0_2_U  |conv1_pragma_LENET_C1_W_0_0_2_ROM_AUTO_1R  |        0|  8|   1|    0|     3|    8|     1|           24|
    |LENET_C1_W_0_0_3_U  |conv1_pragma_LENET_C1_W_0_0_3_ROM_AUTO_1R  |        0|  7|   1|    0|     3|    7|     1|           21|
    |LENET_C1_W_0_0_4_U  |conv1_pragma_LENET_C1_W_0_0_4_ROM_AUTO_1R  |        0|  8|   1|    0|     3|    8|     1|           24|
    |LENET_C1_W_0_1_0_U  |conv1_pragma_LENET_C1_W_0_1_0_ROM_AUTO_1R  |        0|  7|   1|    0|     3|    7|     1|           21|
    |LENET_C1_W_0_1_1_U  |conv1_pragma_LENET_C1_W_0_1_1_ROM_AUTO_1R  |        0|  6|   1|    0|     3|    6|     1|           18|
    |LENET_C1_W_0_1_2_U  |conv1_pragma_LENET_C1_W_0_1_2_ROM_AUTO_1R  |        0|  7|   1|    0|     3|    7|     1|           21|
    |LENET_C1_W_0_1_3_U  |conv1_pragma_LENET_C1_W_0_1_3_ROM_AUTO_1R  |        0|  8|   1|    0|     3|    8|     1|           24|
    |LENET_C1_W_0_1_4_U  |conv1_pragma_LENET_C1_W_0_1_4_ROM_AUTO_1R  |        0|  8|   1|    0|     3|    8|     1|           24|
    |LENET_C1_W_0_2_0_U  |conv1_pragma_LENET_C1_W_0_2_0_ROM_AUTO_1R  |        0|  7|   1|    0|     3|    7|     1|           21|
    |LENET_C1_W_0_2_1_U  |conv1_pragma_LENET_C1_W_0_2_1_ROM_AUTO_1R  |        0|  7|   1|    0|     3|    7|     1|           21|
    |LENET_C1_W_0_2_2_U  |conv1_pragma_LENET_C1_W_0_2_2_ROM_AUTO_1R  |        0|  8|   1|    0|     3|    8|     1|           24|
    |LENET_C1_W_0_2_3_U  |conv1_pragma_LENET_C1_W_0_2_3_ROM_AUTO_1R  |        0|  8|   1|    0|     3|    8|     1|           24|
    |LENET_C1_W_0_2_4_U  |conv1_pragma_LENET_C1_W_0_2_4_ROM_AUTO_1R  |        0|  8|   1|    0|     3|    8|     1|           24|
    |LENET_C1_W_0_3_0_U  |conv1_pragma_LENET_C1_W_0_3_0_ROM_AUTO_1R  |        0|  7|   1|    0|     3|    7|     1|           21|
    |LENET_C1_W_0_3_1_U  |conv1_pragma_LENET_C1_W_0_3_1_ROM_AUTO_1R  |        0|  8|   1|    0|     3|    8|     1|           24|
    |LENET_C1_W_0_3_2_U  |conv1_pragma_LENET_C1_W_0_3_2_ROM_AUTO_1R  |        0|  8|   1|    0|     3|    8|     1|           24|
    |LENET_C1_W_0_3_3_U  |conv1_pragma_LENET_C1_W_0_3_3_ROM_AUTO_1R  |        0|  8|   1|    0|     3|    8|     1|           24|
    |LENET_C1_W_0_3_4_U  |conv1_pragma_LENET_C1_W_0_3_4_ROM_AUTO_1R  |        0|  8|   1|    0|     3|    8|     1|           24|
    |LENET_C1_W_0_4_0_U  |conv1_pragma_LENET_C1_W_0_4_0_ROM_AUTO_1R  |        0|  8|   1|    0|     3|    8|     1|           24|
    |LENET_C1_W_0_4_1_U  |conv1_pragma_LENET_C1_W_0_4_1_ROM_AUTO_1R  |        0|  8|   1|    0|     3|    8|     1|           24|
    |LENET_C1_W_0_4_2_U  |conv1_pragma_LENET_C1_W_0_4_2_ROM_AUTO_1R  |        0|  7|   1|    0|     3|    7|     1|           21|
    |LENET_C1_W_0_4_3_U  |conv1_pragma_LENET_C1_W_0_4_3_ROM_AUTO_1R  |        0|  8|   1|    0|     3|    8|     1|           24|
    |LENET_C1_W_0_4_4_U  |conv1_pragma_LENET_C1_W_0_4_4_ROM_AUTO_1R  |        0|  8|   1|    0|     3|    8|     1|           24|
    +--------------------+-------------------------------------------+---------+---+----+-----+------+-----+------+-------------+
    |Total               |                                           |        0|189|  25|    0|    75|  189|    25|          567|
    +--------------------+-------------------------------------------+---------+---+----+-----+------+-----+------+-------------+

    * FIFO: 
    N/A

    * Expression: 
    +----------------------+----------+----+---+----+------------+------------+
    |     Variable Name    | Operation| DSP| FF| LUT| Bitwidth P0| Bitwidth P1|
    +----------------------+----------+----+---+----+------------+------------+
    |add_ln117_fu_521_p2   |         +|   0|  0|  10|           2|           1|
    |sub_ln131_fu_583_p2   |         -|   0|  0|  14|           7|           7|
    |icmp_ln117_fu_515_p2  |      icmp|   0|  0|  10|           2|           2|
    +----------------------+----------+----+---+----+------------+------------+
    |Total                 |          |   0|  0|  34|          11|          10|
    +----------------------+----------+----+---+----+------------+------------+

    * Multiplexer: 
    +-----------+----+-----------+-----+-----------+
    |    Name   | LUT| Input Size| Bits| Total Bits|
    +-----------+----+-----------+-----+-----------+
    |ap_NS_fsm  |  25|          5|    1|          5|
    |oc_fu_116  |   9|          2|    2|          4|
    +-----------+----+-----------+-----+-----------+
    |Total      |  34|          7|    3|          9|
    +-----------+----+-----------+-----+-----------+

    * Register: 
    +---------------------------------------------------------------------------------+----+----+-----+-----------+
    |                                       Name                                      | FF | LUT| Bits| Const Bits|
    +---------------------------------------------------------------------------------+----+----+-----+-----------+
    |LENET_C1_W_0_0_0_load_reg_756                                                    |   7|   0|    7|          0|
    |LENET_C1_W_0_0_1_load_reg_761                                                    |   7|   0|    7|          0|
    |LENET_C1_W_0_0_2_load_reg_766                                                    |   8|   0|    8|          0|
    |LENET_C1_W_0_0_3_load_reg_771                                                    |   7|   0|    7|          0|
    |LENET_C1_W_0_0_4_load_reg_776                                                    |   8|   0|    8|          0|
    |LENET_C1_W_0_1_0_load_reg_781                                                    |   7|   0|    7|          0|
    |LENET_C1_W_0_1_1_load_reg_786                                                    |   6|   0|    6|          0|
    |LENET_C1_W_0_1_2_load_reg_791                                                    |   7|   0|    7|          0|
    |LENET_C1_W_0_1_3_load_reg_796                                                    |   8|   0|    8|          0|
    |LENET_C1_W_0_1_4_load_reg_801                                                    |   8|   0|    8|          0|
    |LENET_C1_W_0_2_0_load_reg_806                                                    |   7|   0|    7|          0|
    |LENET_C1_W_0_2_1_load_reg_811                                                    |   7|   0|    7|          0|
    |LENET_C1_W_0_2_2_load_reg_816                                                    |   8|   0|    8|          0|
    |LENET_C1_W_0_2_3_load_reg_821                                                    |   8|   0|    8|          0|
    |LENET_C1_W_0_2_4_load_reg_826                                                    |   8|   0|    8|          0|
    |LENET_C1_W_0_3_0_load_reg_831                                                    |   7|   0|    7|          0|
    |LENET_C1_W_0_3_1_load_reg_836                                                    |   8|   0|    8|          0|
    |LENET_C1_W_0_3_2_load_reg_841                                                    |   8|   0|    8|          0|
    |LENET_C1_W_0_3_3_load_reg_846                                                    |   8|   0|    8|          0|
    |LENET_C1_W_0_3_4_load_reg_851                                                    |   8|   0|    8|          0|
    |LENET_C1_W_0_4_0_load_reg_856                                                    |   8|   0|    8|          0|
    |LENET_C1_W_0_4_1_load_reg_861                                                    |   8|   0|    8|          0|
    |LENET_C1_W_0_4_2_load_reg_866                                                    |   7|   0|    7|          0|
    |LENET_C1_W_0_4_3_load_reg_871                                                    |   8|   0|    8|          0|
    |LENET_C1_W_0_4_4_load_reg_876                                                    |   8|   0|    8|          0|
    |acc_reg_751                                                                      |  15|   0|   15|          0|
    |ap_CS_fsm                                                                        |   4|   0|    4|          0|
    |grp_conv1_pragma_Pipeline_VITIS_LOOP_118_2_VITIS_LOOP_119_3_fu_445_ap_start_reg  |   1|   0|    1|          0|
    |oc_1_reg_611                                                                     |   2|   0|    2|          0|
    |oc_fu_116                                                                        |   2|   0|    2|          0|
    |sub_ln131_reg_746                                                                |   6|   0|    7|          1|
    +---------------------------------------------------------------------------------+----+----+-----+-----------+
    |Total                                                                            | 219|   0|  220|          1|
    +---------------------------------------------------------------------------------+----+----+-----+-----------+



================================================================
== Interface
================================================================
* Summary: 
+--------------+-----+-----+------------+--------------+--------------+
|   RTL Ports  | Dir | Bits|  Protocol  | Source Object|    C Type    |
+--------------+-----+-----+------------+--------------+--------------+
|ap_clk        |   in|    1|  ap_ctrl_hs|  conv1_pragma|  return value|
|ap_rst        |   in|    1|  ap_ctrl_hs|  conv1_pragma|  return value|
|ap_start      |   in|    1|  ap_ctrl_hs|  conv1_pragma|  return value|
|ap_done       |  out|    1|  ap_ctrl_hs|  conv1_pragma|  return value|
|ap_idle       |  out|    1|  ap_ctrl_hs|  conv1_pragma|  return value|
|ap_ready      |  out|    1|  ap_ctrl_hs|  conv1_pragma|  return value|
|x_address0    |  out|   10|   ap_memory|             x|         array|
|x_ce0         |  out|    1|   ap_memory|             x|         array|
|x_q0          |   in|    8|   ap_memory|             x|         array|
|x_address1    |  out|   10|   ap_memory|             x|         array|
|x_ce1         |  out|    1|   ap_memory|             x|         array|
|x_q1          |   in|    8|   ap_memory|             x|         array|
|y_0_address1  |  out|   11|   ap_memory|           y_0|         array|
|y_0_ce1       |  out|    1|   ap_memory|           y_0|         array|
|y_0_we1       |  out|    1|   ap_memory|           y_0|         array|
|y_0_d1        |  out|    8|   ap_memory|           y_0|         array|
|y_1_address1  |  out|   11|   ap_memory|           y_1|         array|
|y_1_ce1       |  out|    1|   ap_memory|           y_1|         array|
|y_1_we1       |  out|    1|   ap_memory|           y_1|         array|
|y_1_d1        |  out|    8|   ap_memory|           y_1|         array|
+--------------+-----+-----+------------+--------------+--------------+

============================================================
+ Verbose Summary: Synthesis Manager
============================================================
InlineROM: 1
ExposeGlobal: 0
============================================================
+ Verbose Summary: CDFG Model
============================================================
IsTopModel: 0
ResetActiveHigh: 1
IsCombinational: 2
IsDatapathOnly: 2
HasWiredReturn: 1
HasMFsm: 0
HasVarLatency: 1
IsPipeline: 0
IsRtlPipelined: 0
IsInstanceOverlapped: 0
IsDontTouch: 0
HasImplIP: 0
IsGatedGlobalClock: 0


============================================================
+ Verbose Summary: Schedule
============================================================
* Number of FSM states : 4
* Pipeline : 0
* Dataflow Pipeline: 0

* FSM state transitions: 
1 --> 2 
2 --> 3 
3 --> 4 
4 --> 2 

* FSM state operations: 

State 1 <SV = 0> <Delay = 1.58>
ST_1 : Operation 5 [1/1] (0.00ns)   --->   "%oc = alloca i32 1"   --->   Operation 5 'alloca' 'oc' <Predicate = true> <Delay = 0.00>
ST_1 : Operation 6 [1/1] (0.00ns)   --->   "%specmemcore_ln0 = specmemcore void @_ssdm_op_SpecMemCore, i8 %y_0, i64 666, i64 22, i64 18446744073709551615"   --->   Operation 6 'specmemcore' 'specmemcore_ln0' <Predicate = true> <Delay = 0.00>
ST_1 : Operation 7 [1/1] (0.00ns)   --->   "%specmemcore_ln0 = specmemcore void @_ssdm_op_SpecMemCore, i8 %y_1, i64 666, i64 22, i64 18446744073709551615"   --->   Operation 7 'specmemcore' 'specmemcore_ln0' <Predicate = true> <Delay = 0.00>
ST_1 : Operation 8 [1/1] (0.00ns)   --->   "%specinterface_ln0 = specinterface void @_ssdm_op_SpecInterface, i8 %x, void @empty_3, i32 0, i32 0, void @empty_2, i32 4294967295, i32 0, void @empty_2, void @empty_2, void @empty_2, i32 0, i32 0, i32 0, i32 0, void @empty_2, void @empty_2, i32 4294967295, i32 0"   --->   Operation 8 'specinterface' 'specinterface_ln0' <Predicate = true> <Delay = 0.00>
ST_1 : Operation 9 [1/1] (0.00ns)   --->   "%specresourcelimit_ln115 = specresourcelimit void @_ssdm_op_SpecResourceLimit, i64 2, void @empty_1, void @empty_2, void @empty_2, void @empty_2" [Lenet_RTL_test/lenet_conv1_only.cpp:115]   --->   Operation 9 'specresourcelimit' 'specresourcelimit_ln115' <Predicate = true> <Delay = 0.00>
ST_1 : Operation 10 [1/1] (1.58ns)   --->   "%store_ln117 = store i2 0, i2 %oc" [Lenet_RTL_test/lenet_conv1_only.cpp:117]   --->   Operation 10 'store' 'store_ln117' <Predicate = true> <Delay = 1.58>
ST_1 : Operation 11 [1/1] (0.00ns)   --->   "%br_ln117 = br void %VITIS_LOOP_118_2" [Lenet_RTL_test/lenet_conv1_only.cpp:117]   --->   Operation 11 'br' 'br_ln117' <Predicate = true> <Delay = 0.00>

State 2 <SV = 1> <Delay = 3.15>
ST_2 : Operation 12 [1/1] (0.00ns)   --->   "%oc_1 = load i2 %oc" [Lenet_RTL_test/lenet_conv1_only.cpp:117]   --->   Operation 12 'load' 'oc_1' <Predicate = true> <Delay = 0.00>
ST_2 : Operation 13 [1/1] (1.56ns)   --->   "%icmp_ln117 = icmp_eq  i2 %oc_1, i2 3" [Lenet_RTL_test/lenet_conv1_only.cpp:117]   --->   Operation 13 'icmp' 'icmp_ln117' <Predicate = true> <Delay = 1.56> <CoreInst = "Cmp">   --->   Core 9 'Cmp' <Latency = 0> <II = 1> <Delay = 1.56> <FuncUnit> <Opcode : 'icmp'> <InPorts = 2> <OutPorts = 1>
ST_2 : Operation 14 [1/1] (1.56ns)   --->   "%add_ln117 = add i2 %oc_1, i2 1" [Lenet_RTL_test/lenet_conv1_only.cpp:117]   --->   Operation 14 'add' 'add_ln117' <Predicate = true> <Delay = 1.56> <CoreInst = "Adder">   --->   Core 1 'Adder' <Latency = 0> <II = 1> <Delay = 1.56> <FuncUnit> <Opcode : 'add' 'sub'> <InPorts = 2> <OutPorts = 1>
ST_2 : Operation 15 [1/1] (0.00ns)   --->   "%br_ln117 = br i1 %icmp_ln117, void %VITIS_LOOP_118_2.split, void %for.end50" [Lenet_RTL_test/lenet_conv1_only.cpp:117]   --->   Operation 15 'br' 'br_ln117' <Predicate = true> <Delay = 0.00>
ST_2 : Operation 16 [1/1] (0.00ns)   --->   "%zext_ln117 = zext i2 %oc_1" [Lenet_RTL_test/lenet_conv1_only.cpp:117]   --->   Operation 16 'zext' 'zext_ln117' <Predicate = (!icmp_ln117)> <Delay = 0.00>
ST_2 : Operation 17 [1/1] (0.00ns)   --->   "%LENET_C1_W_0_0_0_addr = getelementptr i7 %LENET_C1_W_0_0_0, i64 0, i64 %zext_ln117" [Lenet_RTL_test/lenet_conv1_only.cpp:117]   --->   Operation 17 'getelementptr' 'LENET_C1_W_0_0_0_addr' <Predicate = (!icmp_ln117)> <Delay = 0.00>
ST_2 : Operation 18 [2/2] (2.32ns)   --->   "%LENET_C1_W_0_0_0_load = load i2 %LENET_C1_W_0_0_0_addr" [Lenet_RTL_test/lenet_conv1_only.cpp:117]   --->   Operation 18 'load' 'LENET_C1_W_0_0_0_load' <Predicate = (!icmp_ln117)> <Delay = 2.32> <CoreInst = "ROM">   --->   Core 95 'ROM' <Latency = 1> <II = 1> <Delay = 2.32> <Storage> <Opcode : 'load'> <Ports = 0> <Width = 7> <Depth = 3> <ROM>
ST_2 : Operation 19 [1/1] (0.00ns)   --->   "%LENET_C1_W_0_0_1_addr = getelementptr i7 %LENET_C1_W_0_0_1, i64 0, i64 %zext_ln117" [Lenet_RTL_test/lenet_conv1_only.cpp:117]   --->   Operation 19 'getelementptr' 'LENET_C1_W_0_0_1_addr' <Predicate = (!icmp_ln117)> <Delay = 0.00>
ST_2 : Operation 20 [2/2] (2.32ns)   --->   "%LENET_C1_W_0_0_1_load = load i2 %LENET_C1_W_0_0_1_addr" [Lenet_RTL_test/lenet_conv1_only.cpp:117]   --->   Operation 20 'load' 'LENET_C1_W_0_0_1_load' <Predicate = (!icmp_ln117)> <Delay = 2.32> <CoreInst = "ROM">   --->   Core 95 'ROM' <Latency = 1> <II = 1> <Delay = 2.32> <Storage> <Opcode : 'load'> <Ports = 0> <Width = 7> <Depth = 3> <ROM>
ST_2 : Operation 21 [1/1] (0.00ns)   --->   "%LENET_C1_W_0_0_2_addr = getelementptr i8 %LENET_C1_W_0_0_2, i64 0, i64 %zext_ln117" [Lenet_RTL_test/lenet_conv1_only.cpp:117]   --->   Operation 21 'getelementptr' 'LENET_C1_W_0_0_2_addr' <Predicate = (!icmp_ln117)> <Delay = 0.00>
ST_2 : Operation 22 [2/2] (2.32ns)   --->   "%LENET_C1_W_0_0_2_load = load i2 %LENET_C1_W_0_0_2_addr" [Lenet_RTL_test/lenet_conv1_only.cpp:117]   --->   Operation 22 'load' 'LENET_C1_W_0_0_2_load' <Predicate = (!icmp_ln117)> <Delay = 2.32> <CoreInst = "ROM">   --->   Core 95 'ROM' <Latency = 1> <II = 1> <Delay = 2.32> <Storage> <Opcode : 'load'> <Ports = 0> <Width = 8> <Depth = 3> <ROM>
ST_2 : Operation 23 [1/1] (0.00ns)   --->   "%LENET_C1_W_0_0_3_addr = getelementptr i7 %LENET_C1_W_0_0_3, i64 0, i64 %zext_ln117" [Lenet_RTL_test/lenet_conv1_only.cpp:117]   --->   Operation 23 'getelementptr' 'LENET_C1_W_0_0_3_addr' <Predicate = (!icmp_ln117)> <Delay = 0.00>
ST_2 : Operation 24 [2/2] (2.32ns)   --->   "%LENET_C1_W_0_0_3_load = load i2 %LENET_C1_W_0_0_3_addr" [Lenet_RTL_test/lenet_conv1_only.cpp:117]   --->   Operation 24 'load' 'LENET_C1_W_0_0_3_load' <Predicate = (!icmp_ln117)> <Delay = 2.32> <CoreInst = "ROM">   --->   Core 95 'ROM' <Latency = 1> <II = 1> <Delay = 2.32> <Storage> <Opcode : 'load'> <Ports = 0> <Width = 7> <Depth = 3> <ROM>
ST_2 : Operation 25 [1/1] (0.00ns)   --->   "%LENET_C1_W_0_0_4_addr = getelementptr i8 %LENET_C1_W_0_0_4, i64 0, i64 %zext_ln117" [Lenet_RTL_test/lenet_conv1_only.cpp:117]   --->   Operation 25 'getelementptr' 'LENET_C1_W_0_0_4_addr' <Predicate = (!icmp_ln117)> <Delay = 0.00>
ST_2 : Operation 26 [2/2] (2.32ns)   --->   "%LENET_C1_W_0_0_4_load = load i2 %LENET_C1_W_0_0_4_addr" [Lenet_RTL_test/lenet_conv1_only.cpp:117]   --->   Operation 26 'load' 'LENET_C1_W_0_0_4_load' <Predicate = (!icmp_ln117)> <Delay = 2.32> <CoreInst = "ROM">   --->   Core 95 'ROM' <Latency = 1> <II = 1> <Delay = 2.32> <Storage> <Opcode : 'load'> <Ports = 0> <Width = 8> <Depth = 3> <ROM>
ST_2 : Operation 27 [1/1] (0.00ns)   --->   "%LENET_C1_W_0_1_0_addr = getelementptr i7 %LENET_C1_W_0_1_0, i64 0, i64 %zext_ln117" [Lenet_RTL_test/lenet_conv1_only.cpp:117]   --->   Operation 27 'getelementptr' 'LENET_C1_W_0_1_0_addr' <Predicate = (!icmp_ln117)> <Delay = 0.00>
ST_2 : Operation 28 [2/2] (2.32ns)   --->   "%LENET_C1_W_0_1_0_load = load i2 %LENET_C1_W_0_1_0_addr" [Lenet_RTL_test/lenet_conv1_only.cpp:117]   --->   Operation 28 'load' 'LENET_C1_W_0_1_0_load' <Predicate = (!icmp_ln117)> <Delay = 2.32> <CoreInst = "ROM">   --->   Core 95 'ROM' <Latency = 1> <II = 1> <Delay = 2.32> <Storage> <Opcode : 'load'> <Ports = 0> <Width = 7> <Depth = 3> <ROM>
ST_2 : Operation 29 [1/1] (0.00ns)   --->   "%LENET_C1_W_0_1_1_addr = getelementptr i6 %LENET_C1_W_0_1_1, i64 0, i64 %zext_ln117" [Lenet_RTL_test/lenet_conv1_only.cpp:117]   --->   Operation 29 'getelementptr' 'LENET_C1_W_0_1_1_addr' <Predicate = (!icmp_ln117)> <Delay = 0.00>
ST_2 : Operation 30 [2/2] (2.32ns)   --->   "%LENET_C1_W_0_1_1_load = load i2 %LENET_C1_W_0_1_1_addr" [Lenet_RTL_test/lenet_conv1_only.cpp:117]   --->   Operation 30 'load' 'LENET_C1_W_0_1_1_load' <Predicate = (!icmp_ln117)> <Delay = 2.32> <CoreInst = "ROM">   --->   Core 95 'ROM' <Latency = 1> <II = 1> <Delay = 2.32> <Storage> <Opcode : 'load'> <Ports = 0> <Width = 6> <Depth = 3> <ROM>
ST_2 : Operation 31 [1/1] (0.00ns)   --->   "%LENET_C1_W_0_1_2_addr = getelementptr i7 %LENET_C1_W_0_1_2, i64 0, i64 %zext_ln117" [Lenet_RTL_test/lenet_conv1_only.cpp:117]   --->   Operation 31 'getelementptr' 'LENET_C1_W_0_1_2_addr' <Predicate = (!icmp_ln117)> <Delay = 0.00>
ST_2 : Operation 32 [2/2] (2.32ns)   --->   "%LENET_C1_W_0_1_2_load = load i2 %LENET_C1_W_0_1_2_addr" [Lenet_RTL_test/lenet_conv1_only.cpp:117]   --->   Operation 32 'load' 'LENET_C1_W_0_1_2_load' <Predicate = (!icmp_ln117)> <Delay = 2.32> <CoreInst = "ROM">   --->   Core 95 'ROM' <Latency = 1> <II = 1> <Delay = 2.32> <Storage> <Opcode : 'load'> <Ports = 0> <Width = 7> <Depth = 3> <ROM>
ST_2 : Operation 33 [1/1] (0.00ns)   --->   "%LENET_C1_W_0_1_3_addr = getelementptr i8 %LENET_C1_W_0_1_3, i64 0, i64 %zext_ln117" [Lenet_RTL_test/lenet_conv1_only.cpp:117]   --->   Operation 33 'getelementptr' 'LENET_C1_W_0_1_3_addr' <Predicate = (!icmp_ln117)> <Delay = 0.00>
ST_2 : Operation 34 [2/2] (2.32ns)   --->   "%LENET_C1_W_0_1_3_load = load i2 %LENET_C1_W_0_1_3_addr" [Lenet_RTL_test/lenet_conv1_only.cpp:117]   --->   Operation 34 'load' 'LENET_C1_W_0_1_3_load' <Predicate = (!icmp_ln117)> <Delay = 2.32> <CoreInst = "ROM">   --->   Core 95 'ROM' <Latency = 1> <II = 1> <Delay = 2.32> <Storage> <Opcode : 'load'> <Ports = 0> <Width = 8> <Depth = 3> <ROM>
ST_2 : Operation 35 [1/1] (0.00ns)   --->   "%LENET_C1_W_0_1_4_addr = getelementptr i8 %LENET_C1_W_0_1_4, i64 0, i64 %zext_ln117" [Lenet_RTL_test/lenet_conv1_only.cpp:117]   --->   Operation 35 'getelementptr' 'LENET_C1_W_0_1_4_addr' <Predicate = (!icmp_ln117)> <Delay = 0.00>
ST_2 : Operation 36 [2/2] (2.32ns)   --->   "%LENET_C1_W_0_1_4_load = load i2 %LENET_C1_W_0_1_4_addr" [Lenet_RTL_test/lenet_conv1_only.cpp:117]   --->   Operation 36 'load' 'LENET_C1_W_0_1_4_load' <Predicate = (!icmp_ln117)> <Delay = 2.32> <CoreInst = "ROM">   --->   Core 95 'ROM' <Latency = 1> <II = 1> <Delay = 2.32> <Storage> <Opcode : 'load'> <Ports = 0> <Width = 8> <Depth = 3> <ROM>
ST_2 : Operation 37 [1/1] (0.00ns)   --->   "%LENET_C1_W_0_2_0_addr = getelementptr i7 %LENET_C1_W_0_2_0, i64 0, i64 %zext_ln117" [Lenet_RTL_test/lenet_conv1_only.cpp:117]   --->   Operation 37 'getelementptr' 'LENET_C1_W_0_2_0_addr' <Predicate = (!icmp_ln117)> <Delay = 0.00>
ST_2 : Operation 38 [2/2] (2.32ns)   --->   "%LENET_C1_W_0_2_0_load = load i2 %LENET_C1_W_0_2_0_addr" [Lenet_RTL_test/lenet_conv1_only.cpp:117]   --->   Operation 38 'load' 'LENET_C1_W_0_2_0_load' <Predicate = (!icmp_ln117)> <Delay = 2.32> <CoreInst = "ROM">   --->   Core 95 'ROM' <Latency = 1> <II = 1> <Delay = 2.32> <Storage> <Opcode : 'load'> <Ports = 0> <Width = 7> <Depth = 3> <ROM>
ST_2 : Operation 39 [1/1] (0.00ns)   --->   "%LENET_C1_W_0_2_1_addr = getelementptr i7 %LENET_C1_W_0_2_1, i64 0, i64 %zext_ln117" [Lenet_RTL_test/lenet_conv1_only.cpp:117]   --->   Operation 39 'getelementptr' 'LENET_C1_W_0_2_1_addr' <Predicate = (!icmp_ln117)> <Delay = 0.00>
ST_2 : Operation 40 [2/2] (2.32ns)   --->   "%LENET_C1_W_0_2_1_load = load i2 %LENET_C1_W_0_2_1_addr" [Lenet_RTL_test/lenet_conv1_only.cpp:117]   --->   Operation 40 'load' 'LENET_C1_W_0_2_1_load' <Predicate = (!icmp_ln117)> <Delay = 2.32> <CoreInst = "ROM">   --->   Core 95 'ROM' <Latency = 1> <II = 1> <Delay = 2.32> <Storage> <Opcode : 'load'> <Ports = 0> <Width = 7> <Depth = 3> <ROM>
ST_2 : Operation 41 [1/1] (0.00ns)   --->   "%LENET_C1_W_0_2_2_addr = getelementptr i8 %LENET_C1_W_0_2_2, i64 0, i64 %zext_ln117" [Lenet_RTL_test/lenet_conv1_only.cpp:117]   --->   Operation 41 'getelementptr' 'LENET_C1_W_0_2_2_addr' <Predicate = (!icmp_ln117)> <Delay = 0.00>
ST_2 : Operation 42 [2/2] (2.32ns)   --->   "%LENET_C1_W_0_2_2_load = load i2 %LENET_C1_W_0_2_2_addr" [Lenet_RTL_test/lenet_conv1_only.cpp:117]   --->   Operation 42 'load' 'LENET_C1_W_0_2_2_load' <Predicate = (!icmp_ln117)> <Delay = 2.32> <CoreInst = "ROM">   --->   Core 95 'ROM' <Latency = 1> <II = 1> <Delay = 2.32> <Storage> <Opcode : 'load'> <Ports = 0> <Width = 8> <Depth = 3> <ROM>
ST_2 : Operation 43 [1/1] (0.00ns)   --->   "%LENET_C1_W_0_2_3_addr = getelementptr i8 %LENET_C1_W_0_2_3, i64 0, i64 %zext_ln117" [Lenet_RTL_test/lenet_conv1_only.cpp:117]   --->   Operation 43 'getelementptr' 'LENET_C1_W_0_2_3_addr' <Predicate = (!icmp_ln117)> <Delay = 0.00>
ST_2 : Operation 44 [2/2] (2.32ns)   --->   "%LENET_C1_W_0_2_3_load = load i2 %LENET_C1_W_0_2_3_addr" [Lenet_RTL_test/lenet_conv1_only.cpp:117]   --->   Operation 44 'load' 'LENET_C1_W_0_2_3_load' <Predicate = (!icmp_ln117)> <Delay = 2.32> <CoreInst = "ROM">   --->   Core 95 'ROM' <Latency = 1> <II = 1> <Delay = 2.32> <Storage> <Opcode : 'load'> <Ports = 0> <Width = 8> <Depth = 3> <ROM>
ST_2 : Operation 45 [1/1] (0.00ns)   --->   "%LENET_C1_W_0_2_4_addr = getelementptr i8 %LENET_C1_W_0_2_4, i64 0, i64 %zext_ln117" [Lenet_RTL_test/lenet_conv1_only.cpp:117]   --->   Operation 45 'getelementptr' 'LENET_C1_W_0_2_4_addr' <Predicate = (!icmp_ln117)> <Delay = 0.00>
ST_2 : Operation 46 [2/2] (2.32ns)   --->   "%LENET_C1_W_0_2_4_load = load i2 %LENET_C1_W_0_2_4_addr" [Lenet_RTL_test/lenet_conv1_only.cpp:117]   --->   Operation 46 'load' 'LENET_C1_W_0_2_4_load' <Predicate = (!icmp_ln117)> <Delay = 2.32> <CoreInst = "ROM">   --->   Core 95 'ROM' <Latency = 1> <II = 1> <Delay = 2.32> <Storage> <Opcode : 'load'> <Ports = 0> <Width = 8> <Depth = 3> <ROM>
ST_2 : Operation 47 [1/1] (0.00ns)   --->   "%LENET_C1_W_0_3_0_addr = getelementptr i7 %LENET_C1_W_0_3_0, i64 0, i64 %zext_ln117" [Lenet_RTL_test/lenet_conv1_only.cpp:117]   --->   Operation 47 'getelementptr' 'LENET_C1_W_0_3_0_addr' <Predicate = (!icmp_ln117)> <Delay = 0.00>
ST_2 : Operation 48 [2/2] (2.32ns)   --->   "%LENET_C1_W_0_3_0_load = load i2 %LENET_C1_W_0_3_0_addr" [Lenet_RTL_test/lenet_conv1_only.cpp:117]   --->   Operation 48 'load' 'LENET_C1_W_0_3_0_load' <Predicate = (!icmp_ln117)> <Delay = 2.32> <CoreInst = "ROM">   --->   Core 95 'ROM' <Latency = 1> <II = 1> <Delay = 2.32> <Storage> <Opcode : 'load'> <Ports = 0> <Width = 7> <Depth = 3> <ROM>
ST_2 : Operation 49 [1/1] (0.00ns)   --->   "%LENET_C1_W_0_3_1_addr = getelementptr i8 %LENET_C1_W_0_3_1, i64 0, i64 %zext_ln117" [Lenet_RTL_test/lenet_conv1_only.cpp:117]   --->   Operation 49 'getelementptr' 'LENET_C1_W_0_3_1_addr' <Predicate = (!icmp_ln117)> <Delay = 0.00>
ST_2 : Operation 50 [2/2] (2.32ns)   --->   "%LENET_C1_W_0_3_1_load = load i2 %LENET_C1_W_0_3_1_addr" [Lenet_RTL_test/lenet_conv1_only.cpp:117]   --->   Operation 50 'load' 'LENET_C1_W_0_3_1_load' <Predicate = (!icmp_ln117)> <Delay = 2.32> <CoreInst = "ROM">   --->   Core 95 'ROM' <Latency = 1> <II = 1> <Delay = 2.32> <Storage> <Opcode : 'load'> <Ports = 0> <Width = 8> <Depth = 3> <ROM>
ST_2 : Operation 51 [1/1] (0.00ns)   --->   "%LENET_C1_W_0_3_2_addr = getelementptr i8 %LENET_C1_W_0_3_2, i64 0, i64 %zext_ln117" [Lenet_RTL_test/lenet_conv1_only.cpp:117]   --->   Operation 51 'getelementptr' 'LENET_C1_W_0_3_2_addr' <Predicate = (!icmp_ln117)> <Delay = 0.00>
ST_2 : Operation 52 [2/2] (2.32ns)   --->   "%LENET_C1_W_0_3_2_load = load i2 %LENET_C1_W_0_3_2_addr" [Lenet_RTL_test/lenet_conv1_only.cpp:117]   --->   Operation 52 'load' 'LENET_C1_W_0_3_2_load' <Predicate = (!icmp_ln117)> <Delay = 2.32> <CoreInst = "ROM">   --->   Core 95 'ROM' <Latency = 1> <II = 1> <Delay = 2.32> <Storage> <Opcode : 'load'> <Ports = 0> <Width = 8> <Depth = 3> <ROM>
ST_2 : Operation 53 [1/1] (0.00ns)   --->   "%LENET_C1_W_0_3_3_addr = getelementptr i8 %LENET_C1_W_0_3_3, i64 0, i64 %zext_ln117" [Lenet_RTL_test/lenet_conv1_only.cpp:117]   --->   Operation 53 'getelementptr' 'LENET_C1_W_0_3_3_addr' <Predicate = (!icmp_ln117)> <Delay = 0.00>
ST_2 : Operation 54 [2/2] (2.32ns)   --->   "%LENET_C1_W_0_3_3_load = load i2 %LENET_C1_W_0_3_3_addr" [Lenet_RTL_test/lenet_conv1_only.cpp:117]   --->   Operation 54 'load' 'LENET_C1_W_0_3_3_load' <Predicate = (!icmp_ln117)> <Delay = 2.32> <CoreInst = "ROM">   --->   Core 95 'ROM' <Latency = 1> <II = 1> <Delay = 2.32> <Storage> <Opcode : 'load'> <Ports = 0> <Width = 8> <Depth = 3> <ROM>
ST_2 : Operation 55 [1/1] (0.00ns)   --->   "%LENET_C1_W_0_3_4_addr = getelementptr i8 %LENET_C1_W_0_3_4, i64 0, i64 %zext_ln117" [Lenet_RTL_test/lenet_conv1_only.cpp:117]   --->   Operation 55 'getelementptr' 'LENET_C1_W_0_3_4_addr' <Predicate = (!icmp_ln117)> <Delay = 0.00>
ST_2 : Operation 56 [2/2] (2.32ns)   --->   "%LENET_C1_W_0_3_4_load = load i2 %LENET_C1_W_0_3_4_addr" [Lenet_RTL_test/lenet_conv1_only.cpp:117]   --->   Operation 56 'load' 'LENET_C1_W_0_3_4_load' <Predicate = (!icmp_ln117)> <Delay = 2.32> <CoreInst = "ROM">   --->   Core 95 'ROM' <Latency = 1> <II = 1> <Delay = 2.32> <Storage> <Opcode : 'load'> <Ports = 0> <Width = 8> <Depth = 3> <ROM>
ST_2 : Operation 57 [1/1] (0.00ns)   --->   "%LENET_C1_W_0_4_0_addr = getelementptr i8 %LENET_C1_W_0_4_0, i64 0, i64 %zext_ln117" [Lenet_RTL_test/lenet_conv1_only.cpp:117]   --->   Operation 57 'getelementptr' 'LENET_C1_W_0_4_0_addr' <Predicate = (!icmp_ln117)> <Delay = 0.00>
ST_2 : Operation 58 [2/2] (2.32ns)   --->   "%LENET_C1_W_0_4_0_load = load i2 %LENET_C1_W_0_4_0_addr" [Lenet_RTL_test/lenet_conv1_only.cpp:117]   --->   Operation 58 'load' 'LENET_C1_W_0_4_0_load' <Predicate = (!icmp_ln117)> <Delay = 2.32> <CoreInst = "ROM">   --->   Core 95 'ROM' <Latency = 1> <II = 1> <Delay = 2.32> <Storage> <Opcode : 'load'> <Ports = 0> <Width = 8> <Depth = 3> <ROM>
ST_2 : Operation 59 [1/1] (0.00ns)   --->   "%LENET_C1_W_0_4_1_addr = getelementptr i8 %LENET_C1_W_0_4_1, i64 0, i64 %zext_ln117" [Lenet_RTL_test/lenet_conv1_only.cpp:117]   --->   Operation 59 'getelementptr' 'LENET_C1_W_0_4_1_addr' <Predicate = (!icmp_ln117)> <Delay = 0.00>
ST_2 : Operation 60 [2/2] (2.32ns)   --->   "%LENET_C1_W_0_4_1_load = load i2 %LENET_C1_W_0_4_1_addr" [Lenet_RTL_test/lenet_conv1_only.cpp:117]   --->   Operation 60 'load' 'LENET_C1_W_0_4_1_load' <Predicate = (!icmp_ln117)> <Delay = 2.32> <CoreInst = "ROM">   --->   Core 95 'ROM' <Latency = 1> <II = 1> <Delay = 2.32> <Storage> <Opcode : 'load'> <Ports = 0> <Width = 8> <Depth = 3> <ROM>
ST_2 : Operation 61 [1/1] (0.00ns)   --->   "%LENET_C1_W_0_4_2_addr = getelementptr i7 %LENET_C1_W_0_4_2, i64 0, i64 %zext_ln117" [Lenet_RTL_test/lenet_conv1_only.cpp:117]   --->   Operation 61 'getelementptr' 'LENET_C1_W_0_4_2_addr' <Predicate = (!icmp_ln117)> <Delay = 0.00>
ST_2 : Operation 62 [2/2] (2.32ns)   --->   "%LENET_C1_W_0_4_2_load = load i2 %LENET_C1_W_0_4_2_addr" [Lenet_RTL_test/lenet_conv1_only.cpp:117]   --->   Operation 62 'load' 'LENET_C1_W_0_4_2_load' <Predicate = (!icmp_ln117)> <Delay = 2.32> <CoreInst = "ROM">   --->   Core 95 'ROM' <Latency = 1> <II = 1> <Delay = 2.32> <Storage> <Opcode : 'load'> <Ports = 0> <Width = 7> <Depth = 3> <ROM>
ST_2 : Operation 63 [1/1] (0.00ns)   --->   "%LENET_C1_W_0_4_3_addr = getelementptr i8 %LENET_C1_W_0_4_3, i64 0, i64 %zext_ln117" [Lenet_RTL_test/lenet_conv1_only.cpp:117]   --->   Operation 63 'getelementptr' 'LENET_C1_W_0_4_3_addr' <Predicate = (!icmp_ln117)> <Delay = 0.00>
ST_2 : Operation 64 [2/2] (2.32ns)   --->   "%LENET_C1_W_0_4_3_load = load i2 %LENET_C1_W_0_4_3_addr" [Lenet_RTL_test/lenet_conv1_only.cpp:117]   --->   Operation 64 'load' 'LENET_C1_W_0_4_3_load' <Predicate = (!icmp_ln117)> <Delay = 2.32> <CoreInst = "ROM">   --->   Core 95 'ROM' <Latency = 1> <II = 1> <Delay = 2.32> <Storage> <Opcode : 'load'> <Ports = 0> <Width = 8> <Depth = 3> <ROM>
ST_2 : Operation 65 [1/1] (0.00ns)   --->   "%LENET_C1_W_0_4_4_addr = getelementptr i8 %LENET_C1_W_0_4_4, i64 0, i64 %zext_ln117" [Lenet_RTL_test/lenet_conv1_only.cpp:117]   --->   Operation 65 'getelementptr' 'LENET_C1_W_0_4_4_addr' <Predicate = (!icmp_ln117)> <Delay = 0.00>
ST_2 : Operation 66 [2/2] (2.32ns)   --->   "%LENET_C1_W_0_4_4_load = load i2 %LENET_C1_W_0_4_4_addr" [Lenet_RTL_test/lenet_conv1_only.cpp:117]   --->   Operation 66 'load' 'LENET_C1_W_0_4_4_load' <Predicate = (!icmp_ln117)> <Delay = 2.32> <CoreInst = "ROM">   --->   Core 95 'ROM' <Latency = 1> <II = 1> <Delay = 2.32> <Storage> <Opcode : 'load'> <Ports = 0> <Width = 8> <Depth = 3> <ROM>
ST_2 : Operation 67 [1/1] (1.58ns)   --->   "%store_ln117 = store i2 %add_ln117, i2 %oc" [Lenet_RTL_test/lenet_conv1_only.cpp:117]   --->   Operation 67 'store' 'store_ln117' <Predicate = (!icmp_ln117)> <Delay = 1.58>
ST_2 : Operation 68 [1/1] (0.00ns)   --->   "%ret_ln135 = ret" [Lenet_RTL_test/lenet_conv1_only.cpp:135]   --->   Operation 68 'ret' 'ret_ln135' <Predicate = (icmp_ln117)> <Delay = 0.00>

State 3 <SV = 2> <Delay = 2.32>
ST_3 : Operation 69 [1/1] (0.00ns)   --->   "%tmp = bitconcatenate i6 @_ssdm_op_BitConcatenate.i6.i2.i4, i2 %oc_1, i4 0" [Lenet_RTL_test/lenet_conv1_only.cpp:131]   --->   Operation 69 'bitconcatenate' 'tmp' <Predicate = true> <Delay = 0.00>
ST_3 : Operation 70 [1/1] (0.00ns)   --->   "%zext_ln131 = zext i6 %tmp" [Lenet_RTL_test/lenet_conv1_only.cpp:131]   --->   Operation 70 'zext' 'zext_ln131' <Predicate = true> <Delay = 0.00>
ST_3 : Operation 71 [1/1] (0.00ns)   --->   "%tmp_6 = bitconcatenate i3 @_ssdm_op_BitConcatenate.i3.i2.i1, i2 %oc_1, i1 0" [Lenet_RTL_test/lenet_conv1_only.cpp:131]   --->   Operation 71 'bitconcatenate' 'tmp_6' <Predicate = true> <Delay = 0.00>
ST_3 : Operation 72 [1/1] (0.00ns)   --->   "%zext_ln131_3 = zext i3 %tmp_6" [Lenet_RTL_test/lenet_conv1_only.cpp:131]   --->   Operation 72 'zext' 'zext_ln131_3' <Predicate = true> <Delay = 0.00>
ST_3 : Operation 73 [1/1] (1.82ns)   --->   "%sub_ln131 = sub i7 %zext_ln131, i7 %zext_ln131_3" [Lenet_RTL_test/lenet_conv1_only.cpp:131]   --->   Operation 73 'sub' 'sub_ln131' <Predicate = true> <Delay = 1.82> <CoreInst = "Adder">   --->   Core 1 'Adder' <Latency = 0> <II = 1> <Delay = 1.87> <FuncUnit> <Opcode : 'add' 'sub'> <InPorts = 2> <OutPorts = 1>
ST_3 : Operation 74 [1/1] (1.82ns)   --->   "%acc = mux i15 @_ssdm_op_Mux.ap_auto.4i15.i2, i15 3563, i15 32559, i15 23266, i15 23266, i2 %oc_1" [Lenet_RTL_test/lenet_conv1_only.cpp:117]   --->   Operation 74 'mux' 'acc' <Predicate = true> <Delay = 1.82> <CoreInst = "Multiplexer">   --->   Core 76 'Multiplexer' <Latency = 0> <II = 1> <Delay = 1.82> <FuncUnit> <Opcode : 'mux'> <InPorts = 2> <OutPorts = 1>
ST_3 : Operation 75 [1/2] (2.32ns)   --->   "%LENET_C1_W_0_0_0_load = load i2 %LENET_C1_W_0_0_0_addr" [Lenet_RTL_test/lenet_conv1_only.cpp:117]   --->   Operation 75 'load' 'LENET_C1_W_0_0_0_load' <Predicate = true> <Delay = 2.32> <CoreInst = "ROM">   --->   Core 95 'ROM' <Latency = 1> <II = 1> <Delay = 2.32> <Storage> <Opcode : 'load'> <Ports = 0> <Width = 7> <Depth = 3> <ROM>
ST_3 : Operation 76 [1/2] (2.32ns)   --->   "%LENET_C1_W_0_0_1_load = load i2 %LENET_C1_W_0_0_1_addr" [Lenet_RTL_test/lenet_conv1_only.cpp:117]   --->   Operation 76 'load' 'LENET_C1_W_0_0_1_load' <Predicate = true> <Delay = 2.32> <CoreInst = "ROM">   --->   Core 95 'ROM' <Latency = 1> <II = 1> <Delay = 2.32> <Storage> <Opcode : 'load'> <Ports = 0> <Width = 7> <Depth = 3> <ROM>
ST_3 : Operation 77 [1/2] (2.32ns)   --->   "%LENET_C1_W_0_0_2_load = load i2 %LENET_C1_W_0_0_2_addr" [Lenet_RTL_test/lenet_conv1_only.cpp:117]   --->   Operation 77 'load' 'LENET_C1_W_0_0_2_load' <Predicate = true> <Delay = 2.32> <CoreInst = "ROM">   --->   Core 95 'ROM' <Latency = 1> <II = 1> <Delay = 2.32> <Storage> <Opcode : 'load'> <Ports = 0> <Width = 8> <Depth = 3> <ROM>
ST_3 : Operation 78 [1/2] (2.32ns)   --->   "%LENET_C1_W_0_0_3_load = load i2 %LENET_C1_W_0_0_3_addr" [Lenet_RTL_test/lenet_conv1_only.cpp:117]   --->   Operation 78 'load' 'LENET_C1_W_0_0_3_load' <Predicate = true> <Delay = 2.32> <CoreInst = "ROM">   --->   Core 95 'ROM' <Latency = 1> <II = 1> <Delay = 2.32> <Storage> <Opcode : 'load'> <Ports = 0> <Width = 7> <Depth = 3> <ROM>
ST_3 : Operation 79 [1/2] (2.32ns)   --->   "%LENET_C1_W_0_0_4_load = load i2 %LENET_C1_W_0_0_4_addr" [Lenet_RTL_test/lenet_conv1_only.cpp:117]   --->   Operation 79 'load' 'LENET_C1_W_0_0_4_load' <Predicate = true> <Delay = 2.32> <CoreInst = "ROM">   --->   Core 95 'ROM' <Latency = 1> <II = 1> <Delay = 2.32> <Storage> <Opcode : 'load'> <Ports = 0> <Width = 8> <Depth = 3> <ROM>
ST_3 : Operation 80 [1/2] (2.32ns)   --->   "%LENET_C1_W_0_1_0_load = load i2 %LENET_C1_W_0_1_0_addr" [Lenet_RTL_test/lenet_conv1_only.cpp:117]   --->   Operation 80 'load' 'LENET_C1_W_0_1_0_load' <Predicate = true> <Delay = 2.32> <CoreInst = "ROM">   --->   Core 95 'ROM' <Latency = 1> <II = 1> <Delay = 2.32> <Storage> <Opcode : 'load'> <Ports = 0> <Width = 7> <Depth = 3> <ROM>
ST_3 : Operation 81 [1/2] (2.32ns)   --->   "%LENET_C1_W_0_1_1_load = load i2 %LENET_C1_W_0_1_1_addr" [Lenet_RTL_test/lenet_conv1_only.cpp:117]   --->   Operation 81 'load' 'LENET_C1_W_0_1_1_load' <Predicate = true> <Delay = 2.32> <CoreInst = "ROM">   --->   Core 95 'ROM' <Latency = 1> <II = 1> <Delay = 2.32> <Storage> <Opcode : 'load'> <Ports = 0> <Width = 6> <Depth = 3> <ROM>
ST_3 : Operation 82 [1/2] (2.32ns)   --->   "%LENET_C1_W_0_1_2_load = load i2 %LENET_C1_W_0_1_2_addr" [Lenet_RTL_test/lenet_conv1_only.cpp:117]   --->   Operation 82 'load' 'LENET_C1_W_0_1_2_load' <Predicate = true> <Delay = 2.32> <CoreInst = "ROM">   --->   Core 95 'ROM' <Latency = 1> <II = 1> <Delay = 2.32> <Storage> <Opcode : 'load'> <Ports = 0> <Width = 7> <Depth = 3> <ROM>
ST_3 : Operation 83 [1/2] (2.32ns)   --->   "%LENET_C1_W_0_1_3_load = load i2 %LENET_C1_W_0_1_3_addr" [Lenet_RTL_test/lenet_conv1_only.cpp:117]   --->   Operation 83 'load' 'LENET_C1_W_0_1_3_load' <Predicate = true> <Delay = 2.32> <CoreInst = "ROM">   --->   Core 95 'ROM' <Latency = 1> <II = 1> <Delay = 2.32> <Storage> <Opcode : 'load'> <Ports = 0> <Width = 8> <Depth = 3> <ROM>
ST_3 : Operation 84 [1/2] (2.32ns)   --->   "%LENET_C1_W_0_1_4_load = load i2 %LENET_C1_W_0_1_4_addr" [Lenet_RTL_test/lenet_conv1_only.cpp:117]   --->   Operation 84 'load' 'LENET_C1_W_0_1_4_load' <Predicate = true> <Delay = 2.32> <CoreInst = "ROM">   --->   Core 95 'ROM' <Latency = 1> <II = 1> <Delay = 2.32> <Storage> <Opcode : 'load'> <Ports = 0> <Width = 8> <Depth = 3> <ROM>
ST_3 : Operation 85 [1/2] (2.32ns)   --->   "%LENET_C1_W_0_2_0_load = load i2 %LENET_C1_W_0_2_0_addr" [Lenet_RTL_test/lenet_conv1_only.cpp:117]   --->   Operation 85 'load' 'LENET_C1_W_0_2_0_load' <Predicate = true> <Delay = 2.32> <CoreInst = "ROM">   --->   Core 95 'ROM' <Latency = 1> <II = 1> <Delay = 2.32> <Storage> <Opcode : 'load'> <Ports = 0> <Width = 7> <Depth = 3> <ROM>
ST_3 : Operation 86 [1/2] (2.32ns)   --->   "%LENET_C1_W_0_2_1_load = load i2 %LENET_C1_W_0_2_1_addr" [Lenet_RTL_test/lenet_conv1_only.cpp:117]   --->   Operation 86 'load' 'LENET_C1_W_0_2_1_load' <Predicate = true> <Delay = 2.32> <CoreInst = "ROM">   --->   Core 95 'ROM' <Latency = 1> <II = 1> <Delay = 2.32> <Storage> <Opcode : 'load'> <Ports = 0> <Width = 7> <Depth = 3> <ROM>
ST_3 : Operation 87 [1/2] (2.32ns)   --->   "%LENET_C1_W_0_2_2_load = load i2 %LENET_C1_W_0_2_2_addr" [Lenet_RTL_test/lenet_conv1_only.cpp:117]   --->   Operation 87 'load' 'LENET_C1_W_0_2_2_load' <Predicate = true> <Delay = 2.32> <CoreInst = "ROM">   --->   Core 95 'ROM' <Latency = 1> <II = 1> <Delay = 2.32> <Storage> <Opcode : 'load'> <Ports = 0> <Width = 8> <Depth = 3> <ROM>
ST_3 : Operation 88 [1/2] (2.32ns)   --->   "%LENET_C1_W_0_2_3_load = load i2 %LENET_C1_W_0_2_3_addr" [Lenet_RTL_test/lenet_conv1_only.cpp:117]   --->   Operation 88 'load' 'LENET_C1_W_0_2_3_load' <Predicate = true> <Delay = 2.32> <CoreInst = "ROM">   --->   Core 95 'ROM' <Latency = 1> <II = 1> <Delay = 2.32> <Storage> <Opcode : 'load'> <Ports = 0> <Width = 8> <Depth = 3> <ROM>
ST_3 : Operation 89 [1/2] (2.32ns)   --->   "%LENET_C1_W_0_2_4_load = load i2 %LENET_C1_W_0_2_4_addr" [Lenet_RTL_test/lenet_conv1_only.cpp:117]   --->   Operation 89 'load' 'LENET_C1_W_0_2_4_load' <Predicate = true> <Delay = 2.32> <CoreInst = "ROM">   --->   Core 95 'ROM' <Latency = 1> <II = 1> <Delay = 2.32> <Storage> <Opcode : 'load'> <Ports = 0> <Width = 8> <Depth = 3> <ROM>
ST_3 : Operation 90 [1/2] (2.32ns)   --->   "%LENET_C1_W_0_3_0_load = load i2 %LENET_C1_W_0_3_0_addr" [Lenet_RTL_test/lenet_conv1_only.cpp:117]   --->   Operation 90 'load' 'LENET_C1_W_0_3_0_load' <Predicate = true> <Delay = 2.32> <CoreInst = "ROM">   --->   Core 95 'ROM' <Latency = 1> <II = 1> <Delay = 2.32> <Storage> <Opcode : 'load'> <Ports = 0> <Width = 7> <Depth = 3> <ROM>
ST_3 : Operation 91 [1/2] (2.32ns)   --->   "%LENET_C1_W_0_3_1_load = load i2 %LENET_C1_W_0_3_1_addr" [Lenet_RTL_test/lenet_conv1_only.cpp:117]   --->   Operation 91 'load' 'LENET_C1_W_0_3_1_load' <Predicate = true> <Delay = 2.32> <CoreInst = "ROM">   --->   Core 95 'ROM' <Latency = 1> <II = 1> <Delay = 2.32> <Storage> <Opcode : 'load'> <Ports = 0> <Width = 8> <Depth = 3> <ROM>
ST_3 : Operation 92 [1/2] (2.32ns)   --->   "%LENET_C1_W_0_3_2_load = load i2 %LENET_C1_W_0_3_2_addr" [Lenet_RTL_test/lenet_conv1_only.cpp:117]   --->   Operation 92 'load' 'LENET_C1_W_0_3_2_load' <Predicate = true> <Delay = 2.32> <CoreInst = "ROM">   --->   Core 95 'ROM' <Latency = 1> <II = 1> <Delay = 2.32> <Storage> <Opcode : 'load'> <Ports = 0> <Width = 8> <Depth = 3> <ROM>
ST_3 : Operation 93 [1/2] (2.32ns)   --->   "%LENET_C1_W_0_3_3_load = load i2 %LENET_C1_W_0_3_3_addr" [Lenet_RTL_test/lenet_conv1_only.cpp:117]   --->   Operation 93 'load' 'LENET_C1_W_0_3_3_load' <Predicate = true> <Delay = 2.32> <CoreInst = "ROM">   --->   Core 95 'ROM' <Latency = 1> <II = 1> <Delay = 2.32> <Storage> <Opcode : 'load'> <Ports = 0> <Width = 8> <Depth = 3> <ROM>
ST_3 : Operation 94 [1/2] (2.32ns)   --->   "%LENET_C1_W_0_3_4_load = load i2 %LENET_C1_W_0_3_4_addr" [Lenet_RTL_test/lenet_conv1_only.cpp:117]   --->   Operation 94 'load' 'LENET_C1_W_0_3_4_load' <Predicate = true> <Delay = 2.32> <CoreInst = "ROM">   --->   Core 95 'ROM' <Latency = 1> <II = 1> <Delay = 2.32> <Storage> <Opcode : 'load'> <Ports = 0> <Width = 8> <Depth = 3> <ROM>
ST_3 : Operation 95 [1/2] (2.32ns)   --->   "%LENET_C1_W_0_4_0_load = load i2 %LENET_C1_W_0_4_0_addr" [Lenet_RTL_test/lenet_conv1_only.cpp:117]   --->   Operation 95 'load' 'LENET_C1_W_0_4_0_load' <Predicate = true> <Delay = 2.32> <CoreInst = "ROM">   --->   Core 95 'ROM' <Latency = 1> <II = 1> <Delay = 2.32> <Storage> <Opcode : 'load'> <Ports = 0> <Width = 8> <Depth = 3> <ROM>
ST_3 : Operation 96 [1/2] (2.32ns)   --->   "%LENET_C1_W_0_4_1_load = load i2 %LENET_C1_W_0_4_1_addr" [Lenet_RTL_test/lenet_conv1_only.cpp:117]   --->   Operation 96 'load' 'LENET_C1_W_0_4_1_load' <Predicate = true> <Delay = 2.32> <CoreInst = "ROM">   --->   Core 95 'ROM' <Latency = 1> <II = 1> <Delay = 2.32> <Storage> <Opcode : 'load'> <Ports = 0> <Width = 8> <Depth = 3> <ROM>
ST_3 : Operation 97 [1/2] (2.32ns)   --->   "%LENET_C1_W_0_4_2_load = load i2 %LENET_C1_W_0_4_2_addr" [Lenet_RTL_test/lenet_conv1_only.cpp:117]   --->   Operation 97 'load' 'LENET_C1_W_0_4_2_load' <Predicate = true> <Delay = 2.32> <CoreInst = "ROM">   --->   Core 95 'ROM' <Latency = 1> <II = 1> <Delay = 2.32> <Storage> <Opcode : 'load'> <Ports = 0> <Width = 7> <Depth = 3> <ROM>
ST_3 : Operation 98 [1/2] (2.32ns)   --->   "%LENET_C1_W_0_4_3_load = load i2 %LENET_C1_W_0_4_3_addr" [Lenet_RTL_test/lenet_conv1_only.cpp:117]   --->   Operation 98 'load' 'LENET_C1_W_0_4_3_load' <Predicate = true> <Delay = 2.32> <CoreInst = "ROM">   --->   Core 95 'ROM' <Latency = 1> <II = 1> <Delay = 2.32> <Storage> <Opcode : 'load'> <Ports = 0> <Width = 8> <Depth = 3> <ROM>
ST_3 : Operation 99 [1/2] (2.32ns)   --->   "%LENET_C1_W_0_4_4_load = load i2 %LENET_C1_W_0_4_4_addr" [Lenet_RTL_test/lenet_conv1_only.cpp:117]   --->   Operation 99 'load' 'LENET_C1_W_0_4_4_load' <Predicate = true> <Delay = 2.32> <CoreInst = "ROM">   --->   Core 95 'ROM' <Latency = 1> <II = 1> <Delay = 2.32> <Storage> <Opcode : 'load'> <Ports = 0> <Width = 8> <Depth = 3> <ROM>
ST_3 : Operation 100 [2/2] (0.00ns)   --->   "%call_ln131 = call void @conv1_pragma_Pipeline_VITIS_LOOP_118_2_VITIS_LOOP_119_3, i7 %sub_ln131, i8 %x, i8 %y_0, i8 %y_1, i8 %LENET_C1_W_0_4_0_load, i8 %LENET_C1_W_0_2_3_load, i7 %LENET_C1_W_0_4_2_load, i7 %LENET_C1_W_0_1_2_load, i8 %LENET_C1_W_0_1_3_load, i8 %LENET_C1_W_0_2_2_load, i8 %LENET_C1_W_0_3_3_load, i6 %LENET_C1_W_0_1_1_load, i7 %LENET_C1_W_0_0_0_load, i8 %LENET_C1_W_0_1_4_load, i8 %LENET_C1_W_0_4_3_load, i7 %LENET_C1_W_0_2_1_load, i7 %LENET_C1_W_0_1_0_load, i8 %LENET_C1_W_0_4_1_load, i7 %LENET_C1_W_0_0_1_load, i8 %LENET_C1_W_0_0_4_load, i8 %LENET_C1_W_0_3_4_load, i7 %LENET_C1_W_0_0_3_load, i7 %LENET_C1_W_0_2_0_load, i7 %LENET_C1_W_0_3_0_load, i8 %LENET_C1_W_0_3_1_load, i8 %LENET_C1_W_0_2_4_load, i8 %LENET_C1_W_0_0_2_load, i8 %LENET_C1_W_0_3_2_load, i8 %LENET_C1_W_0_4_4_load, i15 %acc" [Lenet_RTL_test/lenet_conv1_only.cpp:131]   --->   Operation 100 'call' 'call_ln131' <Predicate = true> <Delay = 0.00> <CoreType = "Generic">   --->   Core 0 '' <Latency = 0> <II = 1> <Delay = 1.00> <Generic> <Opcode : >

State 4 <SV = 3> <Delay = 0.00>
ST_4 : Operation 101 [1/1] (0.00ns)   --->   "%speclooptripcount_ln117 = speclooptripcount void @_ssdm_op_SpecLoopTripCount, i64 3, i64 3, i64 3" [Lenet_RTL_test/lenet_conv1_only.cpp:117]   --->   Operation 101 'speclooptripcount' 'speclooptripcount_ln117' <Predicate = true> <Delay = 0.00>
ST_4 : Operation 102 [1/1] (0.00ns)   --->   "%specloopname_ln117 = specloopname void @_ssdm_op_SpecLoopName, void @empty_4" [Lenet_RTL_test/lenet_conv1_only.cpp:117]   --->   Operation 102 'specloopname' 'specloopname_ln117' <Predicate = true> <Delay = 0.00>
ST_4 : Operation 103 [1/2] (0.00ns)   --->   "%call_ln131 = call void @conv1_pragma_Pipeline_VITIS_LOOP_118_2_VITIS_LOOP_119_3, i7 %sub_ln131, i8 %x, i8 %y_0, i8 %y_1, i8 %LENET_C1_W_0_4_0_load, i8 %LENET_C1_W_0_2_3_load, i7 %LENET_C1_W_0_4_2_load, i7 %LENET_C1_W_0_1_2_load, i8 %LENET_C1_W_0_1_3_load, i8 %LENET_C1_W_0_2_2_load, i8 %LENET_C1_W_0_3_3_load, i6 %LENET_C1_W_0_1_1_load, i7 %LENET_C1_W_0_0_0_load, i8 %LENET_C1_W_0_1_4_load, i8 %LENET_C1_W_0_4_3_load, i7 %LENET_C1_W_0_2_1_load, i7 %LENET_C1_W_0_1_0_load, i8 %LENET_C1_W_0_4_1_load, i7 %LENET_C1_W_0_0_1_load, i8 %LENET_C1_W_0_0_4_load, i8 %LENET_C1_W_0_3_4_load, i7 %LENET_C1_W_0_0_3_load, i7 %LENET_C1_W_0_2_0_load, i7 %LENET_C1_W_0_3_0_load, i8 %LENET_C1_W_0_3_1_load, i8 %LENET_C1_W_0_2_4_load, i8 %LENET_C1_W_0_0_2_load, i8 %LENET_C1_W_0_3_2_load, i8 %LENET_C1_W_0_4_4_load, i15 %acc" [Lenet_RTL_test/lenet_conv1_only.cpp:131]   --->   Operation 103 'call' 'call_ln131' <Predicate = true> <Delay = 0.00> <CoreType = "Generic">   --->   Core 0 '' <Latency = 0> <II = 1> <Delay = 1.00> <Generic> <Opcode : >
ST_4 : Operation 104 [1/1] (0.00ns)   --->   "%br_ln117 = br void %VITIS_LOOP_118_2" [Lenet_RTL_test/lenet_conv1_only.cpp:117]   --->   Operation 104 'br' 'br_ln117' <Predicate = true> <Delay = 0.00>


============================================================
+ Verbose Summary: Binding
============================================================
STG Binding: 
---------------- STG Properties BEGIN ----------------
- Is combinational: 0
- Is one-state seq: 0
- Is datapath-only: 0
- Is pipelined: 0
- Is top level: 0
Port [ Return ] is wired: 1; IO mode=ap_ctrl_hs:ce=0
Port [ x]:  wired=1; compound=1; hidden=0; nouse=0; global=0; static=0; extern=0; dir=0; type=1; pingpong=0; private_global=0; MemPort=[11]; IO mode=ap_memory:ce=0
Port [ y_0]:  wired=1; compound=1; hidden=0; nouse=0; global=0; static=0; extern=0; dir=1; type=1; pingpong=0; private_global=0; MemPort=[30]; IO mode=ap_memory:ce=0
Port [ y_1]:  wired=1; compound=1; hidden=0; nouse=0; global=0; static=0; extern=0; dir=1; type=1; pingpong=0; private_global=0; MemPort=[30]; IO mode=ap_memory:ce=0
Port [ LENET_C1_W_0_0_0]:  wired=0; compound=1; hidden=1; nouse=0; global=1; static=1; extern=0; dir=0; type=1; pingpong=0; private_global=1; MemPort=[1]; IO mode=ap_memory:ce=0
Port [ LENET_C1_W_0_0_1]:  wired=0; compound=1; hidden=1; nouse=0; global=1; static=1; extern=0; dir=0; type=1; pingpong=0; private_global=1; MemPort=[1]; IO mode=ap_memory:ce=0
Port [ LENET_C1_W_0_0_2]:  wired=0; compound=1; hidden=1; nouse=0; global=1; static=1; extern=0; dir=0; type=1; pingpong=0; private_global=1; MemPort=[1]; IO mode=ap_memory:ce=0
Port [ LENET_C1_W_0_0_3]:  wired=0; compound=1; hidden=1; nouse=0; global=1; static=1; extern=0; dir=0; type=1; pingpong=0; private_global=1; MemPort=[1]; IO mode=ap_memory:ce=0
Port [ LENET_C1_W_0_0_4]:  wired=0; compound=1; hidden=1; nouse=0; global=1; static=1; extern=0; dir=0; type=1; pingpong=0; private_global=1; MemPort=[1]; IO mode=ap_memory:ce=0
Port [ LENET_C1_W_0_1_0]:  wired=0; compound=1; hidden=1; nouse=0; global=1; static=1; extern=0; dir=0; type=1; pingpong=0; private_global=1; MemPort=[1]; IO mode=ap_memory:ce=0
Port [ LENET_C1_W_0_1_1]:  wired=0; compound=1; hidden=1; nouse=0; global=1; static=1; extern=0; dir=0; type=1; pingpong=0; private_global=1; MemPort=[1]; IO mode=ap_memory:ce=0
Port [ LENET_C1_W_0_1_2]:  wired=0; compound=1; hidden=1; nouse=0; global=1; static=1; extern=0; dir=0; type=1; pingpong=0; private_global=1; MemPort=[1]; IO mode=ap_memory:ce=0
Port [ LENET_C1_W_0_1_3]:  wired=0; compound=1; hidden=1; nouse=0; global=1; static=1; extern=0; dir=0; type=1; pingpong=0; private_global=1; MemPort=[1]; IO mode=ap_memory:ce=0
Port [ LENET_C1_W_0_1_4]:  wired=0; compound=1; hidden=1; nouse=0; global=1; static=1; extern=0; dir=0; type=1; pingpong=0; private_global=1; MemPort=[1]; IO mode=ap_memory:ce=0
Port [ LENET_C1_W_0_2_0]:  wired=0; compound=1; hidden=1; nouse=0; global=1; static=1; extern=0; dir=0; type=1; pingpong=0; private_global=1; MemPort=[1]; IO mode=ap_memory:ce=0
Port [ LENET_C1_W_0_2_1]:  wired=0; compound=1; hidden=1; nouse=0; global=1; static=1; extern=0; dir=0; type=1; pingpong=0; private_global=1; MemPort=[1]; IO mode=ap_memory:ce=0
Port [ LENET_C1_W_0_2_2]:  wired=0; compound=1; hidden=1; nouse=0; global=1; static=1; extern=0; dir=0; type=1; pingpong=0; private_global=1; MemPort=[1]; IO mode=ap_memory:ce=0
Port [ LENET_C1_W_0_2_3]:  wired=0; compound=1; hidden=1; nouse=0; global=1; static=1; extern=0; dir=0; type=1; pingpong=0; private_global=1; MemPort=[1]; IO mode=ap_memory:ce=0
Port [ LENET_C1_W_0_2_4]:  wired=0; compound=1; hidden=1; nouse=0; global=1; static=1; extern=0; dir=0; type=1; pingpong=0; private_global=1; MemPort=[1]; IO mode=ap_memory:ce=0
Port [ LENET_C1_W_0_3_0]:  wired=0; compound=1; hidden=1; nouse=0; global=1; static=1; extern=0; dir=0; type=1; pingpong=0; private_global=1; MemPort=[1]; IO mode=ap_memory:ce=0
Port [ LENET_C1_W_0_3_1]:  wired=0; compound=1; hidden=1; nouse=0; global=1; static=1; extern=0; dir=0; type=1; pingpong=0; private_global=1; MemPort=[1]; IO mode=ap_memory:ce=0
Port [ LENET_C1_W_0_3_2]:  wired=0; compound=1; hidden=1; nouse=0; global=1; static=1; extern=0; dir=0; type=1; pingpong=0; private_global=1; MemPort=[1]; IO mode=ap_memory:ce=0
Port [ LENET_C1_W_0_3_3]:  wired=0; compound=1; hidden=1; nouse=0; global=1; static=1; extern=0; dir=0; type=1; pingpong=0; private_global=1; MemPort=[1]; IO mode=ap_memory:ce=0
Port [ LENET_C1_W_0_3_4]:  wired=0; compound=1; hidden=1; nouse=0; global=1; static=1; extern=0; dir=0; type=1; pingpong=0; private_global=1; MemPort=[1]; IO mode=ap_memory:ce=0
Port [ LENET_C1_W_0_4_0]:  wired=0; compound=1; hidden=1; nouse=0; global=1; static=1; extern=0; dir=0; type=1; pingpong=0; private_global=1; MemPort=[1]; IO mode=ap_memory:ce=0
Port [ LENET_C1_W_0_4_1]:  wired=0; compound=1; hidden=1; nouse=0; global=1; static=1; extern=0; dir=0; type=1; pingpong=0; private_global=1; MemPort=[1]; IO mode=ap_memory:ce=0
Port [ LENET_C1_W_0_4_2]:  wired=0; compound=1; hidden=1; nouse=0; global=1; static=1; extern=0; dir=0; type=1; pingpong=0; private_global=1; MemPort=[1]; IO mode=ap_memory:ce=0
Port [ LENET_C1_W_0_4_3]:  wired=0; compound=1; hidden=1; nouse=0; global=1; static=1; extern=0; dir=0; type=1; pingpong=0; private_global=1; MemPort=[1]; IO mode=ap_memory:ce=0
Port [ LENET_C1_W_0_4_4]:  wired=0; compound=1; hidden=1; nouse=0; global=1; static=1; extern=0; dir=0; type=1; pingpong=0; private_global=1; MemPort=[1]; IO mode=ap_memory:ce=0
---------------- STG Properties END ------------------

---------------- Datapath Model BEGIN ----------------

<LifeTime>
<method=bitvector/>
oc                      (alloca           ) [ 01111]
specmemcore_ln0         (specmemcore      ) [ 00000]
specmemcore_ln0         (specmemcore      ) [ 00000]
specinterface_ln0       (specinterface    ) [ 00000]
specresourcelimit_ln115 (specresourcelimit) [ 00000]
store_ln117             (store            ) [ 00000]
br_ln117                (br               ) [ 00000]
oc_1                    (load             ) [ 00010]
icmp_ln117              (icmp             ) [ 00111]
add_ln117               (add              ) [ 00000]
br_ln117                (br               ) [ 00000]
zext_ln117              (zext             ) [ 00000]
LENET_C1_W_0_0_0_addr   (getelementptr    ) [ 00010]
LENET_C1_W_0_0_1_addr   (getelementptr    ) [ 00010]
LENET_C1_W_0_0_2_addr   (getelementptr    ) [ 00010]
LENET_C1_W_0_0_3_addr   (getelementptr    ) [ 00010]
LENET_C1_W_0_0_4_addr   (getelementptr    ) [ 00010]
LENET_C1_W_0_1_0_addr   (getelementptr    ) [ 00010]
LENET_C1_W_0_1_1_addr   (getelementptr    ) [ 00010]
LENET_C1_W_0_1_2_addr   (getelementptr    ) [ 00010]
LENET_C1_W_0_1_3_addr   (getelementptr    ) [ 00010]
LENET_C1_W_0_1_4_addr   (getelementptr    ) [ 00010]
LENET_C1_W_0_2_0_addr   (getelementptr    ) [ 00010]
LENET_C1_W_0_2_1_addr   (getelementptr    ) [ 00010]
LENET_C1_W_0_2_2_addr   (getelementptr    ) [ 00010]
LENET_C1_W_0_2_3_addr   (getelementptr    ) [ 00010]
LENET_C1_W_0_2_4_addr   (getelementptr    ) [ 00010]
LENET_C1_W_0_3_0_addr   (getelementptr    ) [ 00010]
LENET_C1_W_0_3_1_addr   (getelementptr    ) [ 00010]
LENET_C1_W_0_3_2_addr   (getelementptr    ) [ 00010]
LENET_C1_W_0_3_3_addr   (getelementptr    ) [ 00010]
LENET_C1_W_0_3_4_addr   (getelementptr    ) [ 00010]
LENET_C1_W_0_4_0_addr   (getelementptr    ) [ 00010]
LENET_C1_W_0_4_1_addr   (getelementptr    ) [ 00010]
LENET_C1_W_0_4_2_addr   (getelementptr    ) [ 00010]
LENET_C1_W_0_4_3_addr   (getelementptr    ) [ 00010]
LENET_C1_W_0_4_4_addr   (getelementptr    ) [ 00010]
store_ln117             (store            ) [ 00000]
ret_ln135               (ret              ) [ 00000]
tmp                     (bitconcatenate   ) [ 00000]
zext_ln131              (zext             ) [ 00000]
tmp_6                   (bitconcatenate   ) [ 00000]
zext_ln131_3            (zext             ) [ 00000]
sub_ln131               (sub              ) [ 00001]
acc                     (mux              ) [ 00001]
LENET_C1_W_0_0_0_load   (load             ) [ 00001]
LENET_C1_W_0_0_1_load   (load             ) [ 00001]
LENET_C1_W_0_0_2_load   (load             ) [ 00001]
LENET_C1_W_0_0_3_load   (load             ) [ 00001]
LENET_C1_W_0_0_4_load   (load             ) [ 00001]
LENET_C1_W_0_1_0_load   (load             ) [ 00001]
LENET_C1_W_0_1_1_load   (load             ) [ 00001]
LENET_C1_W_0_1_2_load   (load             ) [ 00001]
LENET_C1_W_0_1_3_load   (load             ) [ 00001]
LENET_C1_W_0_1_4_load   (load             ) [ 00001]
LENET_C1_W_0_2_0_load   (load             ) [ 00001]
LENET_C1_W_0_2_1_load   (load             ) [ 00001]
LENET_C1_W_0_2_2_load   (load             ) [ 00001]
LENET_C1_W_0_2_3_load   (load             ) [ 00001]
LENET_C1_W_0_2_4_load   (load             ) [ 00001]
LENET_C1_W_0_3_0_load   (load             ) [ 00001]
LENET_C1_W_0_3_1_load   (load             ) [ 00001]
LENET_C1_W_0_3_2_load   (load             ) [ 00001]
LENET_C1_W_0_3_3_load   (load             ) [ 00001]
LENET_C1_W_0_3_4_load   (load             ) [ 00001]
LENET_C1_W_0_4_0_load   (load             ) [ 00001]
LENET_C1_W_0_4_1_load   (load             ) [ 00001]
LENET_C1_W_0_4_2_load   (load             ) [ 00001]
LENET_C1_W_0_4_3_load   (load             ) [ 00001]
LENET_C1_W_0_4_4_load   (load             ) [ 00001]
speclooptripcount_ln117 (speclooptripcount) [ 00000]
specloopname_ln117      (specloopname     ) [ 00000]
call_ln131              (call             ) [ 00000]
br_ln117                (br               ) [ 00000]
</LifeTime>

<model>

<comp_list>
<comp id="0" class="1000" name="x">
<pin_list>
<pin id="1" dir="1" index="0" bw="1" slack="0"/>
</pin_list>
<bind>
<StgValue><ssdm name="x"/><MemPortTyVec>1 1 </MemPortTyVec>
</StgValue>
</bind>
</comp>

<comp id="2" class="1000" name="y_0">
<pin_list>
<pin id="3" dir="1" index="0" bw="1" slack="0"/>
</pin_list>
<bind>
<StgValue><ssdm name="y_0"/><MemPortTyVec>3 0 </MemPortTyVec>
</StgValue>
</bind>
</comp>

<comp id="4" class="1000" name="y_1">
<pin_list>
<pin id="5" dir="1" index="0" bw="1" slack="0"/>
</pin_list>
<bind>
<StgValue><ssdm name="y_1"/><MemPortTyVec>3 0 </MemPortTyVec>
</StgValue>
</bind>
</comp>

<comp id="6" class="1000" name="LENET_C1_W_0_0_0">
<pin_list>
<pin id="7" dir="1" index="0" bw="1" slack="0"/>
</pin_list>
<bind>
<StgValue><ssdm name="LENET_C1_W_0_0_0"/><MemPortTyVec>1 </MemPortTyVec>
</StgValue>
</bind>
</comp>

<comp id="8" class="1000" name="LENET_C1_W_0_0_1">
<pin_list>
<pin id="9" dir="1" index="0" bw="1" slack="0"/>
</pin_list>
<bind>
<StgValue><ssdm name="LENET_C1_W_0_0_1"/><MemPortTyVec>1 </MemPortTyVec>
</StgValue>
</bind>
</comp>

<comp id="10" class="1000" name="LENET_C1_W_0_0_2">
<pin_list>
<pin id="11" dir="1" index="0" bw="1" slack="0"/>
</pin_list>
<bind>
<StgValue><ssdm name="LENET_C1_W_0_0_2"/><MemPortTyVec>1 </MemPortTyVec>
</StgValue>
</bind>
</comp>

<comp id="12" class="1000" name="LENET_C1_W_0_0_3">
<pin_list>
<pin id="13" dir="1" index="0" bw="1" slack="0"/>
</pin_list>
<bind>
<StgValue><ssdm name="LENET_C1_W_0_0_3"/><MemPortTyVec>1 </MemPortTyVec>
</StgValue>
</bind>
</comp>

<comp id="14" class="1000" name="LENET_C1_W_0_0_4">
<pin_list>
<pin id="15" dir="1" index="0" bw="1" slack="0"/>
</pin_list>
<bind>
<StgValue><ssdm name="LENET_C1_W_0_0_4"/><MemPortTyVec>1 </MemPortTyVec>
</StgValue>
</bind>
</comp>

<comp id="16" class="1000" name="LENET_C1_W_0_1_0">
<pin_list>
<pin id="17" dir="1" index="0" bw="1" slack="0"/>
</pin_list>
<bind>
<StgValue><ssdm name="LENET_C1_W_0_1_0"/><MemPortTyVec>1 </MemPortTyVec>
</StgValue>
</bind>
</comp>

<comp id="18" class="1000" name="LENET_C1_W_0_1_1">
<pin_list>
<pin id="19" dir="1" index="0" bw="1" slack="0"/>
</pin_list>
<bind>
<StgValue><ssdm name="LENET_C1_W_0_1_1"/><MemPortTyVec>1 </MemPortTyVec>
</StgValue>
</bind>
</comp>

<comp id="20" class="1000" name="LENET_C1_W_0_1_2">
<pin_list>
<pin id="21" dir="1" index="0" bw="1" slack="0"/>
</pin_list>
<bind>
<StgValue><ssdm name="LENET_C1_W_0_1_2"/><MemPortTyVec>1 </MemPortTyVec>
</StgValue>
</bind>
</comp>

<comp id="22" class="1000" name="LENET_C1_W_0_1_3">
<pin_list>
<pin id="23" dir="1" index="0" bw="1" slack="0"/>
</pin_list>
<bind>
<StgValue><ssdm name="LENET_C1_W_0_1_3"/><MemPortTyVec>1 </MemPortTyVec>
</StgValue>
</bind>
</comp>

<comp id="24" class="1000" name="LENET_C1_W_0_1_4">
<pin_list>
<pin id="25" dir="1" index="0" bw="1" slack="0"/>
</pin_list>
<bind>
<StgValue><ssdm name="LENET_C1_W_0_1_4"/><MemPortTyVec>1 </MemPortTyVec>
</StgValue>
</bind>
</comp>

<comp id="26" class="1000" name="LENET_C1_W_0_2_0">
<pin_list>
<pin id="27" dir="1" index="0" bw="1" slack="0"/>
</pin_list>
<bind>
<StgValue><ssdm name="LENET_C1_W_0_2_0"/><MemPortTyVec>1 </MemPortTyVec>
</StgValue>
</bind>
</comp>

<comp id="28" class="1000" name="LENET_C1_W_0_2_1">
<pin_list>
<pin id="29" dir="1" index="0" bw="1" slack="0"/>
</pin_list>
<bind>
<StgValue><ssdm name="LENET_C1_W_0_2_1"/><MemPortTyVec>1 </MemPortTyVec>
</StgValue>
</bind>
</comp>

<comp id="30" class="1000" name="LENET_C1_W_0_2_2">
<pin_list>
<pin id="31" dir="1" index="0" bw="1" slack="0"/>
</pin_list>
<bind>
<StgValue><ssdm name="LENET_C1_W_0_2_2"/><MemPortTyVec>1 </MemPortTyVec>
</StgValue>
</bind>
</comp>

<comp id="32" class="1000" name="LENET_C1_W_0_2_3">
<pin_list>
<pin id="33" dir="1" index="0" bw="1" slack="0"/>
</pin_list>
<bind>
<StgValue><ssdm name="LENET_C1_W_0_2_3"/><MemPortTyVec>1 </MemPortTyVec>
</StgValue>
</bind>
</comp>

<comp id="34" class="1000" name="LENET_C1_W_0_2_4">
<pin_list>
<pin id="35" dir="1" index="0" bw="1" slack="0"/>
</pin_list>
<bind>
<StgValue><ssdm name="LENET_C1_W_0_2_4"/><MemPortTyVec>1 </MemPortTyVec>
</StgValue>
</bind>
</comp>

<comp id="36" class="1000" name="LENET_C1_W_0_3_0">
<pin_list>
<pin id="37" dir="1" index="0" bw="1" slack="0"/>
</pin_list>
<bind>
<StgValue><ssdm name="LENET_C1_W_0_3_0"/><MemPortTyVec>1 </MemPortTyVec>
</StgValue>
</bind>
</comp>

<comp id="38" class="1000" name="LENET_C1_W_0_3_1">
<pin_list>
<pin id="39" dir="1" index="0" bw="1" slack="0"/>
</pin_list>
<bind>
<StgValue><ssdm name="LENET_C1_W_0_3_1"/><MemPortTyVec>1 </MemPortTyVec>
</StgValue>
</bind>
</comp>

<comp id="40" class="1000" name="LENET_C1_W_0_3_2">
<pin_list>
<pin id="41" dir="1" index="0" bw="1" slack="0"/>
</pin_list>
<bind>
<StgValue><ssdm name="LENET_C1_W_0_3_2"/><MemPortTyVec>1 </MemPortTyVec>
</StgValue>
</bind>
</comp>

<comp id="42" class="1000" name="LENET_C1_W_0_3_3">
<pin_list>
<pin id="43" dir="1" index="0" bw="1" slack="0"/>
</pin_list>
<bind>
<StgValue><ssdm name="LENET_C1_W_0_3_3"/><MemPortTyVec>1 </MemPortTyVec>
</StgValue>
</bind>
</comp>

<comp id="44" class="1000" name="LENET_C1_W_0_3_4">
<pin_list>
<pin id="45" dir="1" index="0" bw="1" slack="0"/>
</pin_list>
<bind>
<StgValue><ssdm name="LENET_C1_W_0_3_4"/><MemPortTyVec>1 </MemPortTyVec>
</StgValue>
</bind>
</comp>

<comp id="46" class="1000" name="LENET_C1_W_0_4_0">
<pin_list>
<pin id="47" dir="1" index="0" bw="1" slack="0"/>
</pin_list>
<bind>
<StgValue><ssdm name="LENET_C1_W_0_4_0"/><MemPortTyVec>1 </MemPortTyVec>
</StgValue>
</bind>
</comp>

<comp id="48" class="1000" name="LENET_C1_W_0_4_1">
<pin_list>
<pin id="49" dir="1" index="0" bw="1" slack="0"/>
</pin_list>
<bind>
<StgValue><ssdm name="LENET_C1_W_0_4_1"/><MemPortTyVec>1 </MemPortTyVec>
</StgValue>
</bind>
</comp>

<comp id="50" class="1000" name="LENET_C1_W_0_4_2">
<pin_list>
<pin id="51" dir="1" index="0" bw="1" slack="0"/>
</pin_list>
<bind>
<StgValue><ssdm name="LENET_C1_W_0_4_2"/><MemPortTyVec>1 </MemPortTyVec>
</StgValue>
</bind>
</comp>

<comp id="52" class="1000" name="LENET_C1_W_0_4_3">
<pin_list>
<pin id="53" dir="1" index="0" bw="1" slack="0"/>
</pin_list>
<bind>
<StgValue><ssdm name="LENET_C1_W_0_4_3"/><MemPortTyVec>1 </MemPortTyVec>
</StgValue>
</bind>
</comp>

<comp id="54" class="1000" name="LENET_C1_W_0_4_4">
<pin_list>
<pin id="55" dir="1" index="0" bw="1" slack="0"/>
</pin_list>
<bind>
<StgValue><ssdm name="LENET_C1_W_0_4_4"/><MemPortTyVec>1 </MemPortTyVec>
</StgValue>
</bind>
</comp>

<comp id="56" class="1001" name="const_56">
<pin_list>
<pin id="57" dir="1" index="0" bw="1" slack="0"/>
</pin_list>
<bind>
<StgValue><ssdm name=""/></StgValue>
</bind>
</comp>

<comp id="58" class="1001" name="const_58">
<pin_list>
<pin id="59" dir="1" index="0" bw="1" slack="2147483647"/>
</pin_list>
<bind>
<StgValue><ssdm name="_ssdm_op_SpecMemCore"/></StgValue>
</bind>
</comp>

<comp id="60" class="1001" name="const_60">
<pin_list>
<pin id="61" dir="1" index="0" bw="1" slack="2147483647"/>
</pin_list>
<bind>
<StgValue><ssdm name=""/></StgValue>
</bind>
</comp>

<comp id="62" class="1001" name="const_62">
<pin_list>
<pin id="63" dir="1" index="0" bw="1" slack="2147483647"/>
</pin_list>
<bind>
<StgValue><ssdm name=""/></StgValue>
</bind>
</comp>

<comp id="64" class="1001" name="const_64">
<pin_list>
<pin id="65" dir="1" index="0" bw="1" slack="2147483647"/>
</pin_list>
<bind>
<StgValue><ssdm name=""/></StgValue>
</bind>
</comp>

<comp id="66" class="1001" name="const_66">
<pin_list>
<pin id="67" dir="1" index="0" bw="1" slack="2147483647"/>
</pin_list>
<bind>
<StgValue><ssdm name="_ssdm_op_SpecInterface"/></StgValue>
</bind>
</comp>

<comp id="68" class="1001" name="const_68">
<pin_list>
<pin id="69" dir="1" index="0" bw="1" slack="2147483647"/>
</pin_list>
<bind>
<StgValue><ssdm name="empty_3"/></StgValue>
</bind>
</comp>

<comp id="70" class="1001" name="const_70">
<pin_list>
<pin id="71" dir="1" index="0" bw="1" slack="2147483647"/>
</pin_list>
<bind>
<StgValue><ssdm name=""/></StgValue>
</bind>
</comp>

<comp id="72" class="1001" name="const_72">
<pin_list>
<pin id="73" dir="1" index="0" bw="1" slack="2147483647"/>
</pin_list>
<bind>
<StgValue><ssdm name="empty_2"/></StgValue>
</bind>
</comp>

<comp id="74" class="1001" name="const_74">
<pin_list>
<pin id="75" dir="1" index="0" bw="1" slack="2147483647"/>
</pin_list>
<bind>
<StgValue><ssdm name=""/></StgValue>
</bind>
</comp>

<comp id="76" class="1001" name="const_76">
<pin_list>
<pin id="77" dir="1" index="0" bw="1" slack="2147483647"/>
</pin_list>
<bind>
<StgValue><ssdm name="_ssdm_op_SpecResourceLimit"/></StgValue>
</bind>
</comp>

<comp id="78" class="1001" name="const_78">
<pin_list>
<pin id="79" dir="1" index="0" bw="1" slack="2147483647"/>
</pin_list>
<bind>
<StgValue><ssdm name=""/></StgValue>
</bind>
</comp>

<comp id="80" class="1001" name="const_80">
<pin_list>
<pin id="81" dir="1" index="0" bw="1" slack="2147483647"/>
</pin_list>
<bind>
<StgValue><ssdm name="empty_1"/></StgValue>
</bind>
</comp>

<comp id="82" class="1001" name="const_82">
<pin_list>
<pin id="83" dir="1" index="0" bw="1" slack="0"/>
</pin_list>
<bind>
<StgValue><ssdm name=""/></StgValue>
</bind>
</comp>

<comp id="84" class="1001" name="const_84">
<pin_list>
<pin id="85" dir="1" index="0" bw="1" slack="0"/>
</pin_list>
<bind>
<StgValue><ssdm name=""/></StgValue>
</bind>
</comp>

<comp id="86" class="1001" name="const_86">
<pin_list>
<pin id="87" dir="1" index="0" bw="1" slack="0"/>
</pin_list>
<bind>
<StgValue><ssdm name=""/></StgValue>
</bind>
</comp>

<comp id="88" class="1001" name="const_88">
<pin_list>
<pin id="89" dir="1" index="0" bw="1" slack="0"/>
</pin_list>
<bind>
<StgValue><ssdm name=""/></StgValue>
</bind>
</comp>

<comp id="90" class="1001" name="const_90">
<pin_list>
<pin id="91" dir="1" index="0" bw="1" slack="0"/>
</pin_list>
<bind>
<StgValue><ssdm name="_ssdm_op_BitConcatenate.i6.i2.i4"/></StgValue>
</bind>
</comp>

<comp id="92" class="1001" name="const_92">
<pin_list>
<pin id="93" dir="1" index="0" bw="1" slack="0"/>
</pin_list>
<bind>
<StgValue><ssdm name=""/></StgValue>
</bind>
</comp>

<comp id="94" class="1001" name="const_94">
<pin_list>
<pin id="95" dir="1" index="0" bw="1" slack="0"/>
</pin_list>
<bind>
<StgValue><ssdm name="_ssdm_op_BitConcatenate.i3.i2.i1"/></StgValue>
</bind>
</comp>

<comp id="96" class="1001" name="const_96">
<pin_list>
<pin id="97" dir="1" index="0" bw="1" slack="0"/>
</pin_list>
<bind>
<StgValue><ssdm name=""/></StgValue>
</bind>
</comp>

<comp id="98" class="1001" name="const_98">
<pin_list>
<pin id="99" dir="1" index="0" bw="1" slack="0"/>
</pin_list>
<bind>
<StgValue><ssdm name="_ssdm_op_Mux.ap_auto.4i15.i2"/></StgValue>
</bind>
</comp>

<comp id="100" class="1001" name="const_100">
<pin_list>
<pin id="101" dir="1" index="0" bw="1" slack="0"/>
</pin_list>
<bind>
<StgValue><ssdm name=""/></StgValue>
</bind>
</comp>

<comp id="102" class="1001" name="const_102">
<pin_list>
<pin id="103" dir="1" index="0" bw="1" slack="0"/>
</pin_list>
<bind>
<StgValue><ssdm name=""/></StgValue>
</bind>
</comp>

<comp id="104" class="1001" name="const_104">
<pin_list>
<pin id="105" dir="1" index="0" bw="1" slack="0"/>
</pin_list>
<bind>
<StgValue><ssdm name=""/></StgValue>
</bind>
</comp>

<comp id="106" class="1001" name="const_106">
<pin_list>
<pin id="107" dir="1" index="0" bw="1" slack="0"/>
</pin_list>
<bind>
<StgValue><ssdm name="conv1_pragma_Pipeline_VITIS_LOOP_118_2_VITIS_LOOP_119_3"/></StgValue>
</bind>
</comp>

<comp id="108" class="1001" name="const_108">
<pin_list>
<pin id="109" dir="1" index="0" bw="1" slack="2147483647"/>
</pin_list>
<bind>
<StgValue><ssdm name="_ssdm_op_SpecLoopTripCount"/></StgValue>
</bind>
</comp>

<comp id="110" class="1001" name="const_110">
<pin_list>
<pin id="111" dir="1" index="0" bw="1" slack="2147483647"/>
</pin_list>
<bind>
<StgValue><ssdm name=""/></StgValue>
</bind>
</comp>

<comp id="112" class="1001" name="const_112">
<pin_list>
<pin id="113" dir="1" index="0" bw="1" slack="2147483647"/>
</pin_list>
<bind>
<StgValue><ssdm name="_ssdm_op_SpecLoopName"/></StgValue>
</bind>
</comp>

<comp id="114" class="1001" name="const_114">
<pin_list>
<pin id="115" dir="1" index="0" bw="1" slack="2147483647"/>
</pin_list>
<bind>
<StgValue><ssdm name="empty_4"/></StgValue>
</bind>
</comp>

<comp id="116" class="1004" name="oc_fu_116">
<pin_list>
<pin id="117" dir="0" index="0" bw="1" slack="0"/>
<pin id="118" dir="1" index="1" bw="2" slack="0"/>
</pin_list>
<bind>
<opcode="alloca(26) " fcode="alloca"/>
<opset="oc/1 "/>
</bind>
</comp>

<comp id="120" class="1004" name="LENET_C1_W_0_0_0_addr_gep_fu_120">
<pin_list>
<pin id="121" dir="0" index="0" bw="7" slack="0"/>
<pin id="122" dir="0" index="1" bw="1" slack="0"/>
<pin id="123" dir="0" index="2" bw="2" slack="0"/>
<pin id="124" dir="1" index="3" bw="2" slack="0"/>
</pin_list>
<bind>
<opcode="getelementptr(29) " fcode="getelementptr"/>
<opset="LENET_C1_W_0_0_0_addr/2 "/>
</bind>
</comp>

<comp id="127" class="1004" name="grp_access_fu_127">
<pin_list>
<pin id="128" dir="0" index="0" bw="2" slack="0"/>
<pin id="129" dir="0" index="1" bw="7" slack="2147483647"/>
<pin id="130" dir="0" index="2" bw="0" slack="2147483647"/>
<pin id="131" dir="1" index="3" bw="7" slack="0"/>
</pin_list>
<bind>
<opcode="load(27) " fcode="load"/>
<opset="LENET_C1_W_0_0_0_load/2 "/>
</bind>
</comp>

<comp id="133" class="1004" name="LENET_C1_W_0_0_1_addr_gep_fu_133">
<pin_list>
<pin id="134" dir="0" index="0" bw="7" slack="0"/>
<pin id="135" dir="0" index="1" bw="1" slack="0"/>
<pin id="136" dir="0" index="2" bw="2" slack="0"/>
<pin id="137" dir="1" index="3" bw="2" slack="0"/>
</pin_list>
<bind>
<opcode="getelementptr(29) " fcode="getelementptr"/>
<opset="LENET_C1_W_0_0_1_addr/2 "/>
</bind>
</comp>

<comp id="140" class="1004" name="grp_access_fu_140">
<pin_list>
<pin id="141" dir="0" index="0" bw="2" slack="0"/>
<pin id="142" dir="0" index="1" bw="7" slack="2147483647"/>
<pin id="143" dir="0" index="2" bw="0" slack="2147483647"/>
<pin id="144" dir="1" index="3" bw="7" slack="0"/>
</pin_list>
<bind>
<opcode="load(27) " fcode="load"/>
<opset="LENET_C1_W_0_0_1_load/2 "/>
</bind>
</comp>

<comp id="146" class="1004" name="LENET_C1_W_0_0_2_addr_gep_fu_146">
<pin_list>
<pin id="147" dir="0" index="0" bw="8" slack="0"/>
<pin id="148" dir="0" index="1" bw="1" slack="0"/>
<pin id="149" dir="0" index="2" bw="2" slack="0"/>
<pin id="150" dir="1" index="3" bw="2" slack="0"/>
</pin_list>
<bind>
<opcode="getelementptr(29) " fcode="getelementptr"/>
<opset="LENET_C1_W_0_0_2_addr/2 "/>
</bind>
</comp>

<comp id="153" class="1004" name="grp_access_fu_153">
<pin_list>
<pin id="154" dir="0" index="0" bw="2" slack="0"/>
<pin id="155" dir="0" index="1" bw="8" slack="2147483647"/>
<pin id="156" dir="0" index="2" bw="0" slack="2147483647"/>
<pin id="157" dir="1" index="3" bw="8" slack="0"/>
</pin_list>
<bind>
<opcode="load(27) " fcode="load"/>
<opset="LENET_C1_W_0_0_2_load/2 "/>
</bind>
</comp>

<comp id="159" class="1004" name="LENET_C1_W_0_0_3_addr_gep_fu_159">
<pin_list>
<pin id="160" dir="0" index="0" bw="7" slack="0"/>
<pin id="161" dir="0" index="1" bw="1" slack="0"/>
<pin id="162" dir="0" index="2" bw="2" slack="0"/>
<pin id="163" dir="1" index="3" bw="2" slack="0"/>
</pin_list>
<bind>
<opcode="getelementptr(29) " fcode="getelementptr"/>
<opset="LENET_C1_W_0_0_3_addr/2 "/>
</bind>
</comp>

<comp id="166" class="1004" name="grp_access_fu_166">
<pin_list>
<pin id="167" dir="0" index="0" bw="2" slack="0"/>
<pin id="168" dir="0" index="1" bw="7" slack="2147483647"/>
<pin id="169" dir="0" index="2" bw="0" slack="2147483647"/>
<pin id="170" dir="1" index="3" bw="7" slack="0"/>
</pin_list>
<bind>
<opcode="load(27) " fcode="load"/>
<opset="LENET_C1_W_0_0_3_load/2 "/>
</bind>
</comp>

<comp id="172" class="1004" name="LENET_C1_W_0_0_4_addr_gep_fu_172">
<pin_list>
<pin id="173" dir="0" index="0" bw="8" slack="0"/>
<pin id="174" dir="0" index="1" bw="1" slack="0"/>
<pin id="175" dir="0" index="2" bw="2" slack="0"/>
<pin id="176" dir="1" index="3" bw="2" slack="0"/>
</pin_list>
<bind>
<opcode="getelementptr(29) " fcode="getelementptr"/>
<opset="LENET_C1_W_0_0_4_addr/2 "/>
</bind>
</comp>

<comp id="179" class="1004" name="grp_access_fu_179">
<pin_list>
<pin id="180" dir="0" index="0" bw="2" slack="0"/>
<pin id="181" dir="0" index="1" bw="8" slack="2147483647"/>
<pin id="182" dir="0" index="2" bw="0" slack="2147483647"/>
<pin id="183" dir="1" index="3" bw="8" slack="0"/>
</pin_list>
<bind>
<opcode="load(27) " fcode="load"/>
<opset="LENET_C1_W_0_0_4_load/2 "/>
</bind>
</comp>

<comp id="185" class="1004" name="LENET_C1_W_0_1_0_addr_gep_fu_185">
<pin_list>
<pin id="186" dir="0" index="0" bw="7" slack="0"/>
<pin id="187" dir="0" index="1" bw="1" slack="0"/>
<pin id="188" dir="0" index="2" bw="2" slack="0"/>
<pin id="189" dir="1" index="3" bw="2" slack="0"/>
</pin_list>
<bind>
<opcode="getelementptr(29) " fcode="getelementptr"/>
<opset="LENET_C1_W_0_1_0_addr/2 "/>
</bind>
</comp>

<comp id="192" class="1004" name="grp_access_fu_192">
<pin_list>
<pin id="193" dir="0" index="0" bw="2" slack="0"/>
<pin id="194" dir="0" index="1" bw="7" slack="2147483647"/>
<pin id="195" dir="0" index="2" bw="0" slack="2147483647"/>
<pin id="196" dir="1" index="3" bw="7" slack="0"/>
</pin_list>
<bind>
<opcode="load(27) " fcode="load"/>
<opset="LENET_C1_W_0_1_0_load/2 "/>
</bind>
</comp>

<comp id="198" class="1004" name="LENET_C1_W_0_1_1_addr_gep_fu_198">
<pin_list>
<pin id="199" dir="0" index="0" bw="6" slack="0"/>
<pin id="200" dir="0" index="1" bw="1" slack="0"/>
<pin id="201" dir="0" index="2" bw="2" slack="0"/>
<pin id="202" dir="1" index="3" bw="2" slack="0"/>
</pin_list>
<bind>
<opcode="getelementptr(29) " fcode="getelementptr"/>
<opset="LENET_C1_W_0_1_1_addr/2 "/>
</bind>
</comp>

<comp id="205" class="1004" name="grp_access_fu_205">
<pin_list>
<pin id="206" dir="0" index="0" bw="2" slack="0"/>
<pin id="207" dir="0" index="1" bw="6" slack="2147483647"/>
<pin id="208" dir="0" index="2" bw="0" slack="2147483647"/>
<pin id="209" dir="1" index="3" bw="6" slack="0"/>
</pin_list>
<bind>
<opcode="load(27) " fcode="load"/>
<opset="LENET_C1_W_0_1_1_load/2 "/>
</bind>
</comp>

<comp id="211" class="1004" name="LENET_C1_W_0_1_2_addr_gep_fu_211">
<pin_list>
<pin id="212" dir="0" index="0" bw="7" slack="0"/>
<pin id="213" dir="0" index="1" bw="1" slack="0"/>
<pin id="214" dir="0" index="2" bw="2" slack="0"/>
<pin id="215" dir="1" index="3" bw="2" slack="0"/>
</pin_list>
<bind>
<opcode="getelementptr(29) " fcode="getelementptr"/>
<opset="LENET_C1_W_0_1_2_addr/2 "/>
</bind>
</comp>

<comp id="218" class="1004" name="grp_access_fu_218">
<pin_list>
<pin id="219" dir="0" index="0" bw="2" slack="0"/>
<pin id="220" dir="0" index="1" bw="7" slack="2147483647"/>
<pin id="221" dir="0" index="2" bw="0" slack="2147483647"/>
<pin id="222" dir="1" index="3" bw="7" slack="0"/>
</pin_list>
<bind>
<opcode="load(27) " fcode="load"/>
<opset="LENET_C1_W_0_1_2_load/2 "/>
</bind>
</comp>

<comp id="224" class="1004" name="LENET_C1_W_0_1_3_addr_gep_fu_224">
<pin_list>
<pin id="225" dir="0" index="0" bw="8" slack="0"/>
<pin id="226" dir="0" index="1" bw="1" slack="0"/>
<pin id="227" dir="0" index="2" bw="2" slack="0"/>
<pin id="228" dir="1" index="3" bw="2" slack="0"/>
</pin_list>
<bind>
<opcode="getelementptr(29) " fcode="getelementptr"/>
<opset="LENET_C1_W_0_1_3_addr/2 "/>
</bind>
</comp>

<comp id="231" class="1004" name="grp_access_fu_231">
<pin_list>
<pin id="232" dir="0" index="0" bw="2" slack="0"/>
<pin id="233" dir="0" index="1" bw="8" slack="2147483647"/>
<pin id="234" dir="0" index="2" bw="0" slack="2147483647"/>
<pin id="235" dir="1" index="3" bw="8" slack="0"/>
</pin_list>
<bind>
<opcode="load(27) " fcode="load"/>
<opset="LENET_C1_W_0_1_3_load/2 "/>
</bind>
</comp>

<comp id="237" class="1004" name="LENET_C1_W_0_1_4_addr_gep_fu_237">
<pin_list>
<pin id="238" dir="0" index="0" bw="8" slack="0"/>
<pin id="239" dir="0" index="1" bw="1" slack="0"/>
<pin id="240" dir="0" index="2" bw="2" slack="0"/>
<pin id="241" dir="1" index="3" bw="2" slack="0"/>
</pin_list>
<bind>
<opcode="getelementptr(29) " fcode="getelementptr"/>
<opset="LENET_C1_W_0_1_4_addr/2 "/>
</bind>
</comp>

<comp id="244" class="1004" name="grp_access_fu_244">
<pin_list>
<pin id="245" dir="0" index="0" bw="2" slack="0"/>
<pin id="246" dir="0" index="1" bw="8" slack="2147483647"/>
<pin id="247" dir="0" index="2" bw="0" slack="2147483647"/>
<pin id="248" dir="1" index="3" bw="8" slack="0"/>
</pin_list>
<bind>
<opcode="load(27) " fcode="load"/>
<opset="LENET_C1_W_0_1_4_load/2 "/>
</bind>
</comp>

<comp id="250" class="1004" name="LENET_C1_W_0_2_0_addr_gep_fu_250">
<pin_list>
<pin id="251" dir="0" index="0" bw="7" slack="0"/>
<pin id="252" dir="0" index="1" bw="1" slack="0"/>
<pin id="253" dir="0" index="2" bw="2" slack="0"/>
<pin id="254" dir="1" index="3" bw="2" slack="0"/>
</pin_list>
<bind>
<opcode="getelementptr(29) " fcode="getelementptr"/>
<opset="LENET_C1_W_0_2_0_addr/2 "/>
</bind>
</comp>

<comp id="257" class="1004" name="grp_access_fu_257">
<pin_list>
<pin id="258" dir="0" index="0" bw="2" slack="0"/>
<pin id="259" dir="0" index="1" bw="7" slack="2147483647"/>
<pin id="260" dir="0" index="2" bw="0" slack="2147483647"/>
<pin id="261" dir="1" index="3" bw="7" slack="0"/>
</pin_list>
<bind>
<opcode="load(27) " fcode="load"/>
<opset="LENET_C1_W_0_2_0_load/2 "/>
</bind>
</comp>

<comp id="263" class="1004" name="LENET_C1_W_0_2_1_addr_gep_fu_263">
<pin_list>
<pin id="264" dir="0" index="0" bw="7" slack="0"/>
<pin id="265" dir="0" index="1" bw="1" slack="0"/>
<pin id="266" dir="0" index="2" bw="2" slack="0"/>
<pin id="267" dir="1" index="3" bw="2" slack="0"/>
</pin_list>
<bind>
<opcode="getelementptr(29) " fcode="getelementptr"/>
<opset="LENET_C1_W_0_2_1_addr/2 "/>
</bind>
</comp>

<comp id="270" class="1004" name="grp_access_fu_270">
<pin_list>
<pin id="271" dir="0" index="0" bw="2" slack="0"/>
<pin id="272" dir="0" index="1" bw="7" slack="2147483647"/>
<pin id="273" dir="0" index="2" bw="0" slack="2147483647"/>
<pin id="274" dir="1" index="3" bw="7" slack="0"/>
</pin_list>
<bind>
<opcode="load(27) " fcode="load"/>
<opset="LENET_C1_W_0_2_1_load/2 "/>
</bind>
</comp>

<comp id="276" class="1004" name="LENET_C1_W_0_2_2_addr_gep_fu_276">
<pin_list>
<pin id="277" dir="0" index="0" bw="8" slack="0"/>
<pin id="278" dir="0" index="1" bw="1" slack="0"/>
<pin id="279" dir="0" index="2" bw="2" slack="0"/>
<pin id="280" dir="1" index="3" bw="2" slack="0"/>
</pin_list>
<bind>
<opcode="getelementptr(29) " fcode="getelementptr"/>
<opset="LENET_C1_W_0_2_2_addr/2 "/>
</bind>
</comp>

<comp id="283" class="1004" name="grp_access_fu_283">
<pin_list>
<pin id="284" dir="0" index="0" bw="2" slack="0"/>
<pin id="285" dir="0" index="1" bw="8" slack="2147483647"/>
<pin id="286" dir="0" index="2" bw="0" slack="2147483647"/>
<pin id="287" dir="1" index="3" bw="8" slack="0"/>
</pin_list>
<bind>
<opcode="load(27) " fcode="load"/>
<opset="LENET_C1_W_0_2_2_load/2 "/>
</bind>
</comp>

<comp id="289" class="1004" name="LENET_C1_W_0_2_3_addr_gep_fu_289">
<pin_list>
<pin id="290" dir="0" index="0" bw="8" slack="0"/>
<pin id="291" dir="0" index="1" bw="1" slack="0"/>
<pin id="292" dir="0" index="2" bw="2" slack="0"/>
<pin id="293" dir="1" index="3" bw="2" slack="0"/>
</pin_list>
<bind>
<opcode="getelementptr(29) " fcode="getelementptr"/>
<opset="LENET_C1_W_0_2_3_addr/2 "/>
</bind>
</comp>

<comp id="296" class="1004" name="grp_access_fu_296">
<pin_list>
<pin id="297" dir="0" index="0" bw="2" slack="0"/>
<pin id="298" dir="0" index="1" bw="8" slack="2147483647"/>
<pin id="299" dir="0" index="2" bw="0" slack="2147483647"/>
<pin id="300" dir="1" index="3" bw="8" slack="0"/>
</pin_list>
<bind>
<opcode="load(27) " fcode="load"/>
<opset="LENET_C1_W_0_2_3_load/2 "/>
</bind>
</comp>

<comp id="302" class="1004" name="LENET_C1_W_0_2_4_addr_gep_fu_302">
<pin_list>
<pin id="303" dir="0" index="0" bw="8" slack="0"/>
<pin id="304" dir="0" index="1" bw="1" slack="0"/>
<pin id="305" dir="0" index="2" bw="2" slack="0"/>
<pin id="306" dir="1" index="3" bw="2" slack="0"/>
</pin_list>
<bind>
<opcode="getelementptr(29) " fcode="getelementptr"/>
<opset="LENET_C1_W_0_2_4_addr/2 "/>
</bind>
</comp>

<comp id="309" class="1004" name="grp_access_fu_309">
<pin_list>
<pin id="310" dir="0" index="0" bw="2" slack="0"/>
<pin id="311" dir="0" index="1" bw="8" slack="2147483647"/>
<pin id="312" dir="0" index="2" bw="0" slack="2147483647"/>
<pin id="313" dir="1" index="3" bw="8" slack="0"/>
</pin_list>
<bind>
<opcode="load(27) " fcode="load"/>
<opset="LENET_C1_W_0_2_4_load/2 "/>
</bind>
</comp>

<comp id="315" class="1004" name="LENET_C1_W_0_3_0_addr_gep_fu_315">
<pin_list>
<pin id="316" dir="0" index="0" bw="7" slack="0"/>
<pin id="317" dir="0" index="1" bw="1" slack="0"/>
<pin id="318" dir="0" index="2" bw="2" slack="0"/>
<pin id="319" dir="1" index="3" bw="2" slack="0"/>
</pin_list>
<bind>
<opcode="getelementptr(29) " fcode="getelementptr"/>
<opset="LENET_C1_W_0_3_0_addr/2 "/>
</bind>
</comp>

<comp id="322" class="1004" name="grp_access_fu_322">
<pin_list>
<pin id="323" dir="0" index="0" bw="2" slack="0"/>
<pin id="324" dir="0" index="1" bw="7" slack="2147483647"/>
<pin id="325" dir="0" index="2" bw="0" slack="2147483647"/>
<pin id="326" dir="1" index="3" bw="7" slack="0"/>
</pin_list>
<bind>
<opcode="load(27) " fcode="load"/>
<opset="LENET_C1_W_0_3_0_load/2 "/>
</bind>
</comp>

<comp id="328" class="1004" name="LENET_C1_W_0_3_1_addr_gep_fu_328">
<pin_list>
<pin id="329" dir="0" index="0" bw="8" slack="0"/>
<pin id="330" dir="0" index="1" bw="1" slack="0"/>
<pin id="331" dir="0" index="2" bw="2" slack="0"/>
<pin id="332" dir="1" index="3" bw="2" slack="0"/>
</pin_list>
<bind>
<opcode="getelementptr(29) " fcode="getelementptr"/>
<opset="LENET_C1_W_0_3_1_addr/2 "/>
</bind>
</comp>

<comp id="335" class="1004" name="grp_access_fu_335">
<pin_list>
<pin id="336" dir="0" index="0" bw="2" slack="0"/>
<pin id="337" dir="0" index="1" bw="8" slack="2147483647"/>
<pin id="338" dir="0" index="2" bw="0" slack="2147483647"/>
<pin id="339" dir="1" index="3" bw="8" slack="0"/>
</pin_list>
<bind>
<opcode="load(27) " fcode="load"/>
<opset="LENET_C1_W_0_3_1_load/2 "/>
</bind>
</comp>

<comp id="341" class="1004" name="LENET_C1_W_0_3_2_addr_gep_fu_341">
<pin_list>
<pin id="342" dir="0" index="0" bw="8" slack="0"/>
<pin id="343" dir="0" index="1" bw="1" slack="0"/>
<pin id="344" dir="0" index="2" bw="2" slack="0"/>
<pin id="345" dir="1" index="3" bw="2" slack="0"/>
</pin_list>
<bind>
<opcode="getelementptr(29) " fcode="getelementptr"/>
<opset="LENET_C1_W_0_3_2_addr/2 "/>
</bind>
</comp>

<comp id="348" class="1004" name="grp_access_fu_348">
<pin_list>
<pin id="349" dir="0" index="0" bw="2" slack="0"/>
<pin id="350" dir="0" index="1" bw="8" slack="2147483647"/>
<pin id="351" dir="0" index="2" bw="0" slack="2147483647"/>
<pin id="352" dir="1" index="3" bw="8" slack="0"/>
</pin_list>
<bind>
<opcode="load(27) " fcode="load"/>
<opset="LENET_C1_W_0_3_2_load/2 "/>
</bind>
</comp>

<comp id="354" class="1004" name="LENET_C1_W_0_3_3_addr_gep_fu_354">
<pin_list>
<pin id="355" dir="0" index="0" bw="8" slack="0"/>
<pin id="356" dir="0" index="1" bw="1" slack="0"/>
<pin id="357" dir="0" index="2" bw="2" slack="0"/>
<pin id="358" dir="1" index="3" bw="2" slack="0"/>
</pin_list>
<bind>
<opcode="getelementptr(29) " fcode="getelementptr"/>
<opset="LENET_C1_W_0_3_3_addr/2 "/>
</bind>
</comp>

<comp id="361" class="1004" name="grp_access_fu_361">
<pin_list>
<pin id="362" dir="0" index="0" bw="2" slack="0"/>
<pin id="363" dir="0" index="1" bw="8" slack="2147483647"/>
<pin id="364" dir="0" index="2" bw="0" slack="2147483647"/>
<pin id="365" dir="1" index="3" bw="8" slack="0"/>
</pin_list>
<bind>
<opcode="load(27) " fcode="load"/>
<opset="LENET_C1_W_0_3_3_load/2 "/>
</bind>
</comp>

<comp id="367" class="1004" name="LENET_C1_W_0_3_4_addr_gep_fu_367">
<pin_list>
<pin id="368" dir="0" index="0" bw="8" slack="0"/>
<pin id="369" dir="0" index="1" bw="1" slack="0"/>
<pin id="370" dir="0" index="2" bw="2" slack="0"/>
<pin id="371" dir="1" index="3" bw="2" slack="0"/>
</pin_list>
<bind>
<opcode="getelementptr(29) " fcode="getelementptr"/>
<opset="LENET_C1_W_0_3_4_addr/2 "/>
</bind>
</comp>

<comp id="374" class="1004" name="grp_access_fu_374">
<pin_list>
<pin id="375" dir="0" index="0" bw="2" slack="0"/>
<pin id="376" dir="0" index="1" bw="8" slack="2147483647"/>
<pin id="377" dir="0" index="2" bw="0" slack="2147483647"/>
<pin id="378" dir="1" index="3" bw="8" slack="0"/>
</pin_list>
<bind>
<opcode="load(27) " fcode="load"/>
<opset="LENET_C1_W_0_3_4_load/2 "/>
</bind>
</comp>

<comp id="380" class="1004" name="LENET_C1_W_0_4_0_addr_gep_fu_380">
<pin_list>
<pin id="381" dir="0" index="0" bw="8" slack="0"/>
<pin id="382" dir="0" index="1" bw="1" slack="0"/>
<pin id="383" dir="0" index="2" bw="2" slack="0"/>
<pin id="384" dir="1" index="3" bw="2" slack="0"/>
</pin_list>
<bind>
<opcode="getelementptr(29) " fcode="getelementptr"/>
<opset="LENET_C1_W_0_4_0_addr/2 "/>
</bind>
</comp>

<comp id="387" class="1004" name="grp_access_fu_387">
<pin_list>
<pin id="388" dir="0" index="0" bw="2" slack="0"/>
<pin id="389" dir="0" index="1" bw="8" slack="2147483647"/>
<pin id="390" dir="0" index="2" bw="0" slack="2147483647"/>
<pin id="391" dir="1" index="3" bw="8" slack="0"/>
</pin_list>
<bind>
<opcode="load(27) " fcode="load"/>
<opset="LENET_C1_W_0_4_0_load/2 "/>
</bind>
</comp>

<comp id="393" class="1004" name="LENET_C1_W_0_4_1_addr_gep_fu_393">
<pin_list>
<pin id="394" dir="0" index="0" bw="8" slack="0"/>
<pin id="395" dir="0" index="1" bw="1" slack="0"/>
<pin id="396" dir="0" index="2" bw="2" slack="0"/>
<pin id="397" dir="1" index="3" bw="2" slack="0"/>
</pin_list>
<bind>
<opcode="getelementptr(29) " fcode="getelementptr"/>
<opset="LENET_C1_W_0_4_1_addr/2 "/>
</bind>
</comp>

<comp id="400" class="1004" name="grp_access_fu_400">
<pin_list>
<pin id="401" dir="0" index="0" bw="2" slack="0"/>
<pin id="402" dir="0" index="1" bw="8" slack="2147483647"/>
<pin id="403" dir="0" index="2" bw="0" slack="2147483647"/>
<pin id="404" dir="1" index="3" bw="8" slack="0"/>
</pin_list>
<bind>
<opcode="load(27) " fcode="load"/>
<opset="LENET_C1_W_0_4_1_load/2 "/>
</bind>
</comp>

<comp id="406" class="1004" name="LENET_C1_W_0_4_2_addr_gep_fu_406">
<pin_list>
<pin id="407" dir="0" index="0" bw="7" slack="0"/>
<pin id="408" dir="0" index="1" bw="1" slack="0"/>
<pin id="409" dir="0" index="2" bw="2" slack="0"/>
<pin id="410" dir="1" index="3" bw="2" slack="0"/>
</pin_list>
<bind>
<opcode="getelementptr(29) " fcode="getelementptr"/>
<opset="LENET_C1_W_0_4_2_addr/2 "/>
</bind>
</comp>

<comp id="413" class="1004" name="grp_access_fu_413">
<pin_list>
<pin id="414" dir="0" index="0" bw="2" slack="0"/>
<pin id="415" dir="0" index="1" bw="7" slack="2147483647"/>
<pin id="416" dir="0" index="2" bw="0" slack="2147483647"/>
<pin id="417" dir="1" index="3" bw="7" slack="0"/>
</pin_list>
<bind>
<opcode="load(27) " fcode="load"/>
<opset="LENET_C1_W_0_4_2_load/2 "/>
</bind>
</comp>

<comp id="419" class="1004" name="LENET_C1_W_0_4_3_addr_gep_fu_419">
<pin_list>
<pin id="420" dir="0" index="0" bw="8" slack="0"/>
<pin id="421" dir="0" index="1" bw="1" slack="0"/>
<pin id="422" dir="0" index="2" bw="2" slack="0"/>
<pin id="423" dir="1" index="3" bw="2" slack="0"/>
</pin_list>
<bind>
<opcode="getelementptr(29) " fcode="getelementptr"/>
<opset="LENET_C1_W_0_4_3_addr/2 "/>
</bind>
</comp>

<comp id="426" class="1004" name="grp_access_fu_426">
<pin_list>
<pin id="427" dir="0" index="0" bw="2" slack="0"/>
<pin id="428" dir="0" index="1" bw="8" slack="2147483647"/>
<pin id="429" dir="0" index="2" bw="0" slack="2147483647"/>
<pin id="430" dir="1" index="3" bw="8" slack="0"/>
</pin_list>
<bind>
<opcode="load(27) " fcode="load"/>
<opset="LENET_C1_W_0_4_3_load/2 "/>
</bind>
</comp>

<comp id="432" class="1004" name="LENET_C1_W_0_4_4_addr_gep_fu_432">
<pin_list>
<pin id="433" dir="0" index="0" bw="8" slack="0"/>
<pin id="434" dir="0" index="1" bw="1" slack="0"/>
<pin id="435" dir="0" index="2" bw="2" slack="0"/>
<pin id="436" dir="1" index="3" bw="2" slack="0"/>
</pin_list>
<bind>
<opcode="getelementptr(29) " fcode="getelementptr"/>
<opset="LENET_C1_W_0_4_4_addr/2 "/>
</bind>
</comp>

<comp id="439" class="1004" name="grp_access_fu_439">
<pin_list>
<pin id="440" dir="0" index="0" bw="2" slack="0"/>
<pin id="441" dir="0" index="1" bw="8" slack="2147483647"/>
<pin id="442" dir="0" index="2" bw="0" slack="2147483647"/>
<pin id="443" dir="1" index="3" bw="8" slack="0"/>
</pin_list>
<bind>
<opcode="load(27) " fcode="load"/>
<opset="LENET_C1_W_0_4_4_load/2 "/>
</bind>
</comp>

<comp id="445" class="1004" name="grp_conv1_pragma_Pipeline_VITIS_LOOP_118_2_VITIS_LOOP_119_3_fu_445">
<pin_list>
<pin id="446" dir="0" index="0" bw="0" slack="0"/>
<pin id="447" dir="0" index="1" bw="7" slack="0"/>
<pin id="448" dir="0" index="2" bw="8" slack="0"/>
<pin id="449" dir="0" index="3" bw="8" slack="0"/>
<pin id="450" dir="0" index="4" bw="8" slack="0"/>
<pin id="451" dir="0" index="5" bw="8" slack="0"/>
<pin id="452" dir="0" index="6" bw="8" slack="0"/>
<pin id="453" dir="0" index="7" bw="7" slack="0"/>
<pin id="454" dir="0" index="8" bw="7" slack="0"/>
<pin id="455" dir="0" index="9" bw="8" slack="0"/>
<pin id="456" dir="0" index="10" bw="8" slack="0"/>
<pin id="457" dir="0" index="11" bw="8" slack="0"/>
<pin id="458" dir="0" index="12" bw="6" slack="0"/>
<pin id="459" dir="0" index="13" bw="7" slack="0"/>
<pin id="460" dir="0" index="14" bw="8" slack="0"/>
<pin id="461" dir="0" index="15" bw="8" slack="0"/>
<pin id="462" dir="0" index="16" bw="7" slack="0"/>
<pin id="463" dir="0" index="17" bw="7" slack="0"/>
<pin id="464" dir="0" index="18" bw="8" slack="0"/>
<pin id="465" dir="0" index="19" bw="7" slack="0"/>
<pin id="466" dir="0" index="20" bw="8" slack="0"/>
<pin id="467" dir="0" index="21" bw="8" slack="0"/>
<pin id="468" dir="0" index="22" bw="7" slack="0"/>
<pin id="469" dir="0" index="23" bw="7" slack="0"/>
<pin id="470" dir="0" index="24" bw="7" slack="0"/>
<pin id="471" dir="0" index="25" bw="8" slack="0"/>
<pin id="472" dir="0" index="26" bw="8" slack="0"/>
<pin id="473" dir="0" index="27" bw="8" slack="0"/>
<pin id="474" dir="0" index="28" bw="8" slack="0"/>
<pin id="475" dir="0" index="29" bw="8" slack="0"/>
<pin id="476" dir="0" index="30" bw="15" slack="0"/>
<pin id="477" dir="1" index="31" bw="0" slack="2147483647"/>
</pin_list>
<bind>
<opcode="call(48) " fcode="call"/>
<opset="call_ln131/3 "/>
</bind>
</comp>

<comp id="507" class="1004" name="store_ln117_store_fu_507">
<pin_list>
<pin id="508" dir="0" index="0" bw="1" slack="0"/>
<pin id="509" dir="0" index="1" bw="2" slack="0"/>
<pin id="510" dir="1" index="2" bw="0" slack="2147483647"/>
</pin_list>
<bind>
<opcode="store(28) " fcode="store"/>
<opset="store_ln117/1 "/>
</bind>
</comp>

<comp id="512" class="1004" name="oc_1_load_fu_512">
<pin_list>
<pin id="513" dir="0" index="0" bw="2" slack="1"/>
<pin id="514" dir="1" index="1" bw="2" slack="0"/>
</pin_list>
<bind>
<opcode="load(27) " fcode="load"/>
<opset="oc_1/2 "/>
</bind>
</comp>

<comp id="515" class="1004" name="icmp_ln117_fu_515">
<pin_list>
<pin id="516" dir="0" index="0" bw="2" slack="0"/>
<pin id="517" dir="0" index="1" bw="2" slack="0"/>
<pin id="518" dir="1" index="2" bw="1" slack="2147483647"/>
</pin_list>
<bind>
<opcode="icmp(45) " fcode="icmp"/>
<opset="icmp_ln117/2 "/>
</bind>
</comp>

<comp id="521" class="1004" name="add_ln117_fu_521">
<pin_list>
<pin id="522" dir="0" index="0" bw="2" slack="0"/>
<pin id="523" dir="0" index="1" bw="1" slack="0"/>
<pin id="524" dir="1" index="2" bw="2" slack="0"/>
</pin_list>
<bind>
<opcode="add(8) " fcode="add"/>
<opset="add_ln117/2 "/>
</bind>
</comp>

<comp id="527" class="1004" name="zext_ln117_fu_527">
<pin_list>
<pin id="528" dir="0" index="0" bw="2" slack="0"/>
<pin id="529" dir="1" index="1" bw="64" slack="0"/>
</pin_list>
<bind>
<opcode="zext(34) " fcode="zext"/>
<opset="zext_ln117/2 "/>
</bind>
</comp>

<comp id="556" class="1004" name="store_ln117_store_fu_556">
<pin_list>
<pin id="557" dir="0" index="0" bw="2" slack="0"/>
<pin id="558" dir="0" index="1" bw="2" slack="1"/>
<pin id="559" dir="1" index="2" bw="0" slack="2147483647"/>
</pin_list>
<bind>
<opcode="store(28) " fcode="store"/>
<opset="store_ln117/2 "/>
</bind>
</comp>

<comp id="561" class="1004" name="tmp_fu_561">
<pin_list>
<pin id="562" dir="0" index="0" bw="6" slack="0"/>
<pin id="563" dir="0" index="1" bw="2" slack="1"/>
<pin id="564" dir="0" index="2" bw="1" slack="0"/>
<pin id="565" dir="1" index="3" bw="6" slack="0"/>
</pin_list>
<bind>
<opcode="bitconcatenate(1004) " fcode="bitconcatenate"/>
<opset="tmp/3 "/>
</bind>
</comp>

<comp id="568" class="1004" name="zext_ln131_fu_568">
<pin_list>
<pin id="569" dir="0" index="0" bw="6" slack="0"/>
<pin id="570" dir="1" index="1" bw="7" slack="0"/>
</pin_list>
<bind>
<opcode="zext(34) " fcode="zext"/>
<opset="zext_ln131/3 "/>
</bind>
</comp>

<comp id="572" class="1004" name="tmp_6_fu_572">
<pin_list>
<pin id="573" dir="0" index="0" bw="3" slack="0"/>
<pin id="574" dir="0" index="1" bw="2" slack="1"/>
<pin id="575" dir="0" index="2" bw="1" slack="0"/>
<pin id="576" dir="1" index="3" bw="3" slack="0"/>
</pin_list>
<bind>
<opcode="bitconcatenate(1004) " fcode="bitconcatenate"/>
<opset="tmp_6/3 "/>
</bind>
</comp>

<comp id="579" class="1004" name="zext_ln131_3_fu_579">
<pin_list>
<pin id="580" dir="0" index="0" bw="3" slack="0"/>
<pin id="581" dir="1" index="1" bw="7" slack="0"/>
</pin_list>
<bind>
<opcode="zext(34) " fcode="zext"/>
<opset="zext_ln131_3/3 "/>
</bind>
</comp>

<comp id="583" class="1004" name="sub_ln131_fu_583">
<pin_list>
<pin id="584" dir="0" index="0" bw="6" slack="0"/>
<pin id="585" dir="0" index="1" bw="3" slack="0"/>
<pin id="586" dir="1" index="2" bw="7" slack="0"/>
</pin_list>
<bind>
<opcode="sub(10) " fcode="sub"/>
<opset="sub_ln131/3 "/>
</bind>
</comp>

<comp id="590" class="1004" name="acc_fu_590">
<pin_list>
<pin id="591" dir="0" index="0" bw="15" slack="0"/>
<pin id="592" dir="0" index="1" bw="13" slack="0"/>
<pin id="593" dir="0" index="2" bw="9" slack="0"/>
<pin id="594" dir="0" index="3" bw="15" slack="0"/>
<pin id="595" dir="0" index="4" bw="15" slack="0"/>
<pin id="596" dir="0" index="5" bw="2" slack="1"/>
<pin id="597" dir="1" index="6" bw="15" slack="0"/>
</pin_list>
<bind>
<opcode="mux(1196) " fcode="mux"/>
<opset="acc/3 "/>
</bind>
</comp>

<comp id="604" class="1005" name="oc_reg_604">
<pin_list>
<pin id="605" dir="0" index="0" bw="2" slack="0"/>
<pin id="606" dir="1" index="1" bw="2" slack="0"/>
</pin_list>
<bind>
<opset="oc "/>
</bind>
</comp>

<comp id="611" class="1005" name="oc_1_reg_611">
<pin_list>
<pin id="612" dir="0" index="0" bw="2" slack="1"/>
<pin id="613" dir="1" index="1" bw="2" slack="1"/>
</pin_list>
<bind>
<opset="oc_1 "/>
</bind>
</comp>

<comp id="621" class="1005" name="LENET_C1_W_0_0_0_addr_reg_621">
<pin_list>
<pin id="622" dir="0" index="0" bw="2" slack="1"/>
<pin id="623" dir="1" index="1" bw="2" slack="1"/>
</pin_list>
<bind>
<opset="LENET_C1_W_0_0_0_addr "/>
</bind>
</comp>

<comp id="626" class="1005" name="LENET_C1_W_0_0_1_addr_reg_626">
<pin_list>
<pin id="627" dir="0" index="0" bw="2" slack="1"/>
<pin id="628" dir="1" index="1" bw="2" slack="1"/>
</pin_list>
<bind>
<opset="LENET_C1_W_0_0_1_addr "/>
</bind>
</comp>

<comp id="631" class="1005" name="LENET_C1_W_0_0_2_addr_reg_631">
<pin_list>
<pin id="632" dir="0" index="0" bw="2" slack="1"/>
<pin id="633" dir="1" index="1" bw="2" slack="1"/>
</pin_list>
<bind>
<opset="LENET_C1_W_0_0_2_addr "/>
</bind>
</comp>

<comp id="636" class="1005" name="LENET_C1_W_0_0_3_addr_reg_636">
<pin_list>
<pin id="637" dir="0" index="0" bw="2" slack="1"/>
<pin id="638" dir="1" index="1" bw="2" slack="1"/>
</pin_list>
<bind>
<opset="LENET_C1_W_0_0_3_addr "/>
</bind>
</comp>

<comp id="641" class="1005" name="LENET_C1_W_0_0_4_addr_reg_641">
<pin_list>
<pin id="642" dir="0" index="0" bw="2" slack="1"/>
<pin id="643" dir="1" index="1" bw="2" slack="1"/>
</pin_list>
<bind>
<opset="LENET_C1_W_0_0_4_addr "/>
</bind>
</comp>

<comp id="646" class="1005" name="LENET_C1_W_0_1_0_addr_reg_646">
<pin_list>
<pin id="647" dir="0" index="0" bw="2" slack="1"/>
<pin id="648" dir="1" index="1" bw="2" slack="1"/>
</pin_list>
<bind>
<opset="LENET_C1_W_0_1_0_addr "/>
</bind>
</comp>

<comp id="651" class="1005" name="LENET_C1_W_0_1_1_addr_reg_651">
<pin_list>
<pin id="652" dir="0" index="0" bw="2" slack="1"/>
<pin id="653" dir="1" index="1" bw="2" slack="1"/>
</pin_list>
<bind>
<opset="LENET_C1_W_0_1_1_addr "/>
</bind>
</comp>

<comp id="656" class="1005" name="LENET_C1_W_0_1_2_addr_reg_656">
<pin_list>
<pin id="657" dir="0" index="0" bw="2" slack="1"/>
<pin id="658" dir="1" index="1" bw="2" slack="1"/>
</pin_list>
<bind>
<opset="LENET_C1_W_0_1_2_addr "/>
</bind>
</comp>

<comp id="661" class="1005" name="LENET_C1_W_0_1_3_addr_reg_661">
<pin_list>
<pin id="662" dir="0" index="0" bw="2" slack="1"/>
<pin id="663" dir="1" index="1" bw="2" slack="1"/>
</pin_list>
<bind>
<opset="LENET_C1_W_0_1_3_addr "/>
</bind>
</comp>

<comp id="666" class="1005" name="LENET_C1_W_0_1_4_addr_reg_666">
<pin_list>
<pin id="667" dir="0" index="0" bw="2" slack="1"/>
<pin id="668" dir="1" index="1" bw="2" slack="1"/>
</pin_list>
<bind>
<opset="LENET_C1_W_0_1_4_addr "/>
</bind>
</comp>

<comp id="671" class="1005" name="LENET_C1_W_0_2_0_addr_reg_671">
<pin_list>
<pin id="672" dir="0" index="0" bw="2" slack="1"/>
<pin id="673" dir="1" index="1" bw="2" slack="1"/>
</pin_list>
<bind>
<opset="LENET_C1_W_0_2_0_addr "/>
</bind>
</comp>

<comp id="676" class="1005" name="LENET_C1_W_0_2_1_addr_reg_676">
<pin_list>
<pin id="677" dir="0" index="0" bw="2" slack="1"/>
<pin id="678" dir="1" index="1" bw="2" slack="1"/>
</pin_list>
<bind>
<opset="LENET_C1_W_0_2_1_addr "/>
</bind>
</comp>

<comp id="681" class="1005" name="LENET_C1_W_0_2_2_addr_reg_681">
<pin_list>
<pin id="682" dir="0" index="0" bw="2" slack="1"/>
<pin id="683" dir="1" index="1" bw="2" slack="1"/>
</pin_list>
<bind>
<opset="LENET_C1_W_0_2_2_addr "/>
</bind>
</comp>

<comp id="686" class="1005" name="LENET_C1_W_0_2_3_addr_reg_686">
<pin_list>
<pin id="687" dir="0" index="0" bw="2" slack="1"/>
<pin id="688" dir="1" index="1" bw="2" slack="1"/>
</pin_list>
<bind>
<opset="LENET_C1_W_0_2_3_addr "/>
</bind>
</comp>

<comp id="691" class="1005" name="LENET_C1_W_0_2_4_addr_reg_691">
<pin_list>
<pin id="692" dir="0" index="0" bw="2" slack="1"/>
<pin id="693" dir="1" index="1" bw="2" slack="1"/>
</pin_list>
<bind>
<opset="LENET_C1_W_0_2_4_addr "/>
</bind>
</comp>

<comp id="696" class="1005" name="LENET_C1_W_0_3_0_addr_reg_696">
<pin_list>
<pin id="697" dir="0" index="0" bw="2" slack="1"/>
<pin id="698" dir="1" index="1" bw="2" slack="1"/>
</pin_list>
<bind>
<opset="LENET_C1_W_0_3_0_addr "/>
</bind>
</comp>

<comp id="701" class="1005" name="LENET_C1_W_0_3_1_addr_reg_701">
<pin_list>
<pin id="702" dir="0" index="0" bw="2" slack="1"/>
<pin id="703" dir="1" index="1" bw="2" slack="1"/>
</pin_list>
<bind>
<opset="LENET_C1_W_0_3_1_addr "/>
</bind>
</comp>

<comp id="706" class="1005" name="LENET_C1_W_0_3_2_addr_reg_706">
<pin_list>
<pin id="707" dir="0" index="0" bw="2" slack="1"/>
<pin id="708" dir="1" index="1" bw="2" slack="1"/>
</pin_list>
<bind>
<opset="LENET_C1_W_0_3_2_addr "/>
</bind>
</comp>

<comp id="711" class="1005" name="LENET_C1_W_0_3_3_addr_reg_711">
<pin_list>
<pin id="712" dir="0" index="0" bw="2" slack="1"/>
<pin id="713" dir="1" index="1" bw="2" slack="1"/>
</pin_list>
<bind>
<opset="LENET_C1_W_0_3_3_addr "/>
</bind>
</comp>

<comp id="716" class="1005" name="LENET_C1_W_0_3_4_addr_reg_716">
<pin_list>
<pin id="717" dir="0" index="0" bw="2" slack="1"/>
<pin id="718" dir="1" index="1" bw="2" slack="1"/>
</pin_list>
<bind>
<opset="LENET_C1_W_0_3_4_addr "/>
</bind>
</comp>

<comp id="721" class="1005" name="LENET_C1_W_0_4_0_addr_reg_721">
<pin_list>
<pin id="722" dir="0" index="0" bw="2" slack="1"/>
<pin id="723" dir="1" index="1" bw="2" slack="1"/>
</pin_list>
<bind>
<opset="LENET_C1_W_0_4_0_addr "/>
</bind>
</comp>

<comp id="726" class="1005" name="LENET_C1_W_0_4_1_addr_reg_726">
<pin_list>
<pin id="727" dir="0" index="0" bw="2" slack="1"/>
<pin id="728" dir="1" index="1" bw="2" slack="1"/>
</pin_list>
<bind>
<opset="LENET_C1_W_0_4_1_addr "/>
</bind>
</comp>

<comp id="731" class="1005" name="LENET_C1_W_0_4_2_addr_reg_731">
<pin_list>
<pin id="732" dir="0" index="0" bw="2" slack="1"/>
<pin id="733" dir="1" index="1" bw="2" slack="1"/>
</pin_list>
<bind>
<opset="LENET_C1_W_0_4_2_addr "/>
</bind>
</comp>

<comp id="736" class="1005" name="LENET_C1_W_0_4_3_addr_reg_736">
<pin_list>
<pin id="737" dir="0" index="0" bw="2" slack="1"/>
<pin id="738" dir="1" index="1" bw="2" slack="1"/>
</pin_list>
<bind>
<opset="LENET_C1_W_0_4_3_addr "/>
</bind>
</comp>

<comp id="741" class="1005" name="LENET_C1_W_0_4_4_addr_reg_741">
<pin_list>
<pin id="742" dir="0" index="0" bw="2" slack="1"/>
<pin id="743" dir="1" index="1" bw="2" slack="1"/>
</pin_list>
<bind>
<opset="LENET_C1_W_0_4_4_addr "/>
</bind>
</comp>

<comp id="746" class="1005" name="sub_ln131_reg_746">
<pin_list>
<pin id="747" dir="0" index="0" bw="7" slack="1"/>
<pin id="748" dir="1" index="1" bw="7" slack="1"/>
</pin_list>
<bind>
<opset="sub_ln131 "/>
</bind>
</comp>

<comp id="751" class="1005" name="acc_reg_751">
<pin_list>
<pin id="752" dir="0" index="0" bw="15" slack="1"/>
<pin id="753" dir="1" index="1" bw="15" slack="1"/>
</pin_list>
<bind>
<opset="acc "/>
</bind>
</comp>

<comp id="756" class="1005" name="LENET_C1_W_0_0_0_load_reg_756">
<pin_list>
<pin id="757" dir="0" index="0" bw="7" slack="1"/>
<pin id="758" dir="1" index="1" bw="7" slack="1"/>
</pin_list>
<bind>
<opset="LENET_C1_W_0_0_0_load "/>
</bind>
</comp>

<comp id="761" class="1005" name="LENET_C1_W_0_0_1_load_reg_761">
<pin_list>
<pin id="762" dir="0" index="0" bw="7" slack="1"/>
<pin id="763" dir="1" index="1" bw="7" slack="1"/>
</pin_list>
<bind>
<opset="LENET_C1_W_0_0_1_load "/>
</bind>
</comp>

<comp id="766" class="1005" name="LENET_C1_W_0_0_2_load_reg_766">
<pin_list>
<pin id="767" dir="0" index="0" bw="8" slack="1"/>
<pin id="768" dir="1" index="1" bw="8" slack="1"/>
</pin_list>
<bind>
<opset="LENET_C1_W_0_0_2_load "/>
</bind>
</comp>

<comp id="771" class="1005" name="LENET_C1_W_0_0_3_load_reg_771">
<pin_list>
<pin id="772" dir="0" index="0" bw="7" slack="1"/>
<pin id="773" dir="1" index="1" bw="7" slack="1"/>
</pin_list>
<bind>
<opset="LENET_C1_W_0_0_3_load "/>
</bind>
</comp>

<comp id="776" class="1005" name="LENET_C1_W_0_0_4_load_reg_776">
<pin_list>
<pin id="777" dir="0" index="0" bw="8" slack="1"/>
<pin id="778" dir="1" index="1" bw="8" slack="1"/>
</pin_list>
<bind>
<opset="LENET_C1_W_0_0_4_load "/>
</bind>
</comp>

<comp id="781" class="1005" name="LENET_C1_W_0_1_0_load_reg_781">
<pin_list>
<pin id="782" dir="0" index="0" bw="7" slack="1"/>
<pin id="783" dir="1" index="1" bw="7" slack="1"/>
</pin_list>
<bind>
<opset="LENET_C1_W_0_1_0_load "/>
</bind>
</comp>

<comp id="786" class="1005" name="LENET_C1_W_0_1_1_load_reg_786">
<pin_list>
<pin id="787" dir="0" index="0" bw="6" slack="1"/>
<pin id="788" dir="1" index="1" bw="6" slack="1"/>
</pin_list>
<bind>
<opset="LENET_C1_W_0_1_1_load "/>
</bind>
</comp>

<comp id="791" class="1005" name="LENET_C1_W_0_1_2_load_reg_791">
<pin_list>
<pin id="792" dir="0" index="0" bw="7" slack="1"/>
<pin id="793" dir="1" index="1" bw="7" slack="1"/>
</pin_list>
<bind>
<opset="LENET_C1_W_0_1_2_load "/>
</bind>
</comp>

<comp id="796" class="1005" name="LENET_C1_W_0_1_3_load_reg_796">
<pin_list>
<pin id="797" dir="0" index="0" bw="8" slack="1"/>
<pin id="798" dir="1" index="1" bw="8" slack="1"/>
</pin_list>
<bind>
<opset="LENET_C1_W_0_1_3_load "/>
</bind>
</comp>

<comp id="801" class="1005" name="LENET_C1_W_0_1_4_load_reg_801">
<pin_list>
<pin id="802" dir="0" index="0" bw="8" slack="1"/>
<pin id="803" dir="1" index="1" bw="8" slack="1"/>
</pin_list>
<bind>
<opset="LENET_C1_W_0_1_4_load "/>
</bind>
</comp>

<comp id="806" class="1005" name="LENET_C1_W_0_2_0_load_reg_806">
<pin_list>
<pin id="807" dir="0" index="0" bw="7" slack="1"/>
<pin id="808" dir="1" index="1" bw="7" slack="1"/>
</pin_list>
<bind>
<opset="LENET_C1_W_0_2_0_load "/>
</bind>
</comp>

<comp id="811" class="1005" name="LENET_C1_W_0_2_1_load_reg_811">
<pin_list>
<pin id="812" dir="0" index="0" bw="7" slack="1"/>
<pin id="813" dir="1" index="1" bw="7" slack="1"/>
</pin_list>
<bind>
<opset="LENET_C1_W_0_2_1_load "/>
</bind>
</comp>

<comp id="816" class="1005" name="LENET_C1_W_0_2_2_load_reg_816">
<pin_list>
<pin id="817" dir="0" index="0" bw="8" slack="1"/>
<pin id="818" dir="1" index="1" bw="8" slack="1"/>
</pin_list>
<bind>
<opset="LENET_C1_W_0_2_2_load "/>
</bind>
</comp>

<comp id="821" class="1005" name="LENET_C1_W_0_2_3_load_reg_821">
<pin_list>
<pin id="822" dir="0" index="0" bw="8" slack="1"/>
<pin id="823" dir="1" index="1" bw="8" slack="1"/>
</pin_list>
<bind>
<opset="LENET_C1_W_0_2_3_load "/>
</bind>
</comp>

<comp id="826" class="1005" name="LENET_C1_W_0_2_4_load_reg_826">
<pin_list>
<pin id="827" dir="0" index="0" bw="8" slack="1"/>
<pin id="828" dir="1" index="1" bw="8" slack="1"/>
</pin_list>
<bind>
<opset="LENET_C1_W_0_2_4_load "/>
</bind>
</comp>

<comp id="831" class="1005" name="LENET_C1_W_0_3_0_load_reg_831">
<pin_list>
<pin id="832" dir="0" index="0" bw="7" slack="1"/>
<pin id="833" dir="1" index="1" bw="7" slack="1"/>
</pin_list>
<bind>
<opset="LENET_C1_W_0_3_0_load "/>
</bind>
</comp>

<comp id="836" class="1005" name="LENET_C1_W_0_3_1_load_reg_836">
<pin_list>
<pin id="837" dir="0" index="0" bw="8" slack="1"/>
<pin id="838" dir="1" index="1" bw="8" slack="1"/>
</pin_list>
<bind>
<opset="LENET_C1_W_0_3_1_load "/>
</bind>
</comp>

<comp id="841" class="1005" name="LENET_C1_W_0_3_2_load_reg_841">
<pin_list>
<pin id="842" dir="0" index="0" bw="8" slack="1"/>
<pin id="843" dir="1" index="1" bw="8" slack="1"/>
</pin_list>
<bind>
<opset="LENET_C1_W_0_3_2_load "/>
</bind>
</comp>

<comp id="846" class="1005" name="LENET_C1_W_0_3_3_load_reg_846">
<pin_list>
<pin id="847" dir="0" index="0" bw="8" slack="1"/>
<pin id="848" dir="1" index="1" bw="8" slack="1"/>
</pin_list>
<bind>
<opset="LENET_C1_W_0_3_3_load "/>
</bind>
</comp>

<comp id="851" class="1005" name="LENET_C1_W_0_3_4_load_reg_851">
<pin_list>
<pin id="852" dir="0" index="0" bw="8" slack="1"/>
<pin id="853" dir="1" index="1" bw="8" slack="1"/>
</pin_list>
<bind>
<opset="LENET_C1_W_0_3_4_load "/>
</bind>
</comp>

<comp id="856" class="1005" name="LENET_C1_W_0_4_0_load_reg_856">
<pin_list>
<pin id="857" dir="0" index="0" bw="8" slack="1"/>
<pin id="858" dir="1" index="1" bw="8" slack="1"/>
</pin_list>
<bind>
<opset="LENET_C1_W_0_4_0_load "/>
</bind>
</comp>

<comp id="861" class="1005" name="LENET_C1_W_0_4_1_load_reg_861">
<pin_list>
<pin id="862" dir="0" index="0" bw="8" slack="1"/>
<pin id="863" dir="1" index="1" bw="8" slack="1"/>
</pin_list>
<bind>
<opset="LENET_C1_W_0_4_1_load "/>
</bind>
</comp>

<comp id="866" class="1005" name="LENET_C1_W_0_4_2_load_reg_866">
<pin_list>
<pin id="867" dir="0" index="0" bw="7" slack="1"/>
<pin id="868" dir="1" index="1" bw="7" slack="1"/>
</pin_list>
<bind>
<opset="LENET_C1_W_0_4_2_load "/>
</bind>
</comp>

<comp id="871" class="1005" name="LENET_C1_W_0_4_3_load_reg_871">
<pin_list>
<pin id="872" dir="0" index="0" bw="8" slack="1"/>
<pin id="873" dir="1" index="1" bw="8" slack="1"/>
</pin_list>
<bind>
<opset="LENET_C1_W_0_4_3_load "/>
</bind>
</comp>

<comp id="876" class="1005" name="LENET_C1_W_0_4_4_load_reg_876">
<pin_list>
<pin id="877" dir="0" index="0" bw="8" slack="1"/>
<pin id="878" dir="1" index="1" bw="8" slack="1"/>
</pin_list>
<bind>
<opset="LENET_C1_W_0_4_4_load "/>
</bind>
</comp>

</comp_list>

<net_list>
<net id="119"><net_src comp="56" pin="0"/><net_sink comp="116" pin=0"/></net>

<net id="125"><net_src comp="6" pin="0"/><net_sink comp="120" pin=0"/></net>

<net id="126"><net_src comp="88" pin="0"/><net_sink comp="120" pin=1"/></net>

<net id="132"><net_src comp="120" pin="3"/><net_sink comp="127" pin=0"/></net>

<net id="138"><net_src comp="8" pin="0"/><net_sink comp="133" pin=0"/></net>

<net id="139"><net_src comp="88" pin="0"/><net_sink comp="133" pin=1"/></net>

<net id="145"><net_src comp="133" pin="3"/><net_sink comp="140" pin=0"/></net>

<net id="151"><net_src comp="10" pin="0"/><net_sink comp="146" pin=0"/></net>

<net id="152"><net_src comp="88" pin="0"/><net_sink comp="146" pin=1"/></net>

<net id="158"><net_src comp="146" pin="3"/><net_sink comp="153" pin=0"/></net>

<net id="164"><net_src comp="12" pin="0"/><net_sink comp="159" pin=0"/></net>

<net id="165"><net_src comp="88" pin="0"/><net_sink comp="159" pin=1"/></net>

<net id="171"><net_src comp="159" pin="3"/><net_sink comp="166" pin=0"/></net>

<net id="177"><net_src comp="14" pin="0"/><net_sink comp="172" pin=0"/></net>

<net id="178"><net_src comp="88" pin="0"/><net_sink comp="172" pin=1"/></net>

<net id="184"><net_src comp="172" pin="3"/><net_sink comp="179" pin=0"/></net>

<net id="190"><net_src comp="16" pin="0"/><net_sink comp="185" pin=0"/></net>

<net id="191"><net_src comp="88" pin="0"/><net_sink comp="185" pin=1"/></net>

<net id="197"><net_src comp="185" pin="3"/><net_sink comp="192" pin=0"/></net>

<net id="203"><net_src comp="18" pin="0"/><net_sink comp="198" pin=0"/></net>

<net id="204"><net_src comp="88" pin="0"/><net_sink comp="198" pin=1"/></net>

<net id="210"><net_src comp="198" pin="3"/><net_sink comp="205" pin=0"/></net>

<net id="216"><net_src comp="20" pin="0"/><net_sink comp="211" pin=0"/></net>

<net id="217"><net_src comp="88" pin="0"/><net_sink comp="211" pin=1"/></net>

<net id="223"><net_src comp="211" pin="3"/><net_sink comp="218" pin=0"/></net>

<net id="229"><net_src comp="22" pin="0"/><net_sink comp="224" pin=0"/></net>

<net id="230"><net_src comp="88" pin="0"/><net_sink comp="224" pin=1"/></net>

<net id="236"><net_src comp="224" pin="3"/><net_sink comp="231" pin=0"/></net>

<net id="242"><net_src comp="24" pin="0"/><net_sink comp="237" pin=0"/></net>

<net id="243"><net_src comp="88" pin="0"/><net_sink comp="237" pin=1"/></net>

<net id="249"><net_src comp="237" pin="3"/><net_sink comp="244" pin=0"/></net>

<net id="255"><net_src comp="26" pin="0"/><net_sink comp="250" pin=0"/></net>

<net id="256"><net_src comp="88" pin="0"/><net_sink comp="250" pin=1"/></net>

<net id="262"><net_src comp="250" pin="3"/><net_sink comp="257" pin=0"/></net>

<net id="268"><net_src comp="28" pin="0"/><net_sink comp="263" pin=0"/></net>

<net id="269"><net_src comp="88" pin="0"/><net_sink comp="263" pin=1"/></net>

<net id="275"><net_src comp="263" pin="3"/><net_sink comp="270" pin=0"/></net>

<net id="281"><net_src comp="30" pin="0"/><net_sink comp="276" pin=0"/></net>

<net id="282"><net_src comp="88" pin="0"/><net_sink comp="276" pin=1"/></net>

<net id="288"><net_src comp="276" pin="3"/><net_sink comp="283" pin=0"/></net>

<net id="294"><net_src comp="32" pin="0"/><net_sink comp="289" pin=0"/></net>

<net id="295"><net_src comp="88" pin="0"/><net_sink comp="289" pin=1"/></net>

<net id="301"><net_src comp="289" pin="3"/><net_sink comp="296" pin=0"/></net>

<net id="307"><net_src comp="34" pin="0"/><net_sink comp="302" pin=0"/></net>

<net id="308"><net_src comp="88" pin="0"/><net_sink comp="302" pin=1"/></net>

<net id="314"><net_src comp="302" pin="3"/><net_sink comp="309" pin=0"/></net>

<net id="320"><net_src comp="36" pin="0"/><net_sink comp="315" pin=0"/></net>

<net id="321"><net_src comp="88" pin="0"/><net_sink comp="315" pin=1"/></net>

<net id="327"><net_src comp="315" pin="3"/><net_sink comp="322" pin=0"/></net>

<net id="333"><net_src comp="38" pin="0"/><net_sink comp="328" pin=0"/></net>

<net id="334"><net_src comp="88" pin="0"/><net_sink comp="328" pin=1"/></net>

<net id="340"><net_src comp="328" pin="3"/><net_sink comp="335" pin=0"/></net>

<net id="346"><net_src comp="40" pin="0"/><net_sink comp="341" pin=0"/></net>

<net id="347"><net_src comp="88" pin="0"/><net_sink comp="341" pin=1"/></net>

<net id="353"><net_src comp="341" pin="3"/><net_sink comp="348" pin=0"/></net>

<net id="359"><net_src comp="42" pin="0"/><net_sink comp="354" pin=0"/></net>

<net id="360"><net_src comp="88" pin="0"/><net_sink comp="354" pin=1"/></net>

<net id="366"><net_src comp="354" pin="3"/><net_sink comp="361" pin=0"/></net>

<net id="372"><net_src comp="44" pin="0"/><net_sink comp="367" pin=0"/></net>

<net id="373"><net_src comp="88" pin="0"/><net_sink comp="367" pin=1"/></net>

<net id="379"><net_src comp="367" pin="3"/><net_sink comp="374" pin=0"/></net>

<net id="385"><net_src comp="46" pin="0"/><net_sink comp="380" pin=0"/></net>

<net id="386"><net_src comp="88" pin="0"/><net_sink comp="380" pin=1"/></net>

<net id="392"><net_src comp="380" pin="3"/><net_sink comp="387" pin=0"/></net>

<net id="398"><net_src comp="48" pin="0"/><net_sink comp="393" pin=0"/></net>

<net id="399"><net_src comp="88" pin="0"/><net_sink comp="393" pin=1"/></net>

<net id="405"><net_src comp="393" pin="3"/><net_sink comp="400" pin=0"/></net>

<net id="411"><net_src comp="50" pin="0"/><net_sink comp="406" pin=0"/></net>

<net id="412"><net_src comp="88" pin="0"/><net_sink comp="406" pin=1"/></net>

<net id="418"><net_src comp="406" pin="3"/><net_sink comp="413" pin=0"/></net>

<net id="424"><net_src comp="52" pin="0"/><net_sink comp="419" pin=0"/></net>

<net id="425"><net_src comp="88" pin="0"/><net_sink comp="419" pin=1"/></net>

<net id="431"><net_src comp="419" pin="3"/><net_sink comp="426" pin=0"/></net>

<net id="437"><net_src comp="54" pin="0"/><net_sink comp="432" pin=0"/></net>

<net id="438"><net_src comp="88" pin="0"/><net_sink comp="432" pin=1"/></net>

<net id="444"><net_src comp="432" pin="3"/><net_sink comp="439" pin=0"/></net>

<net id="478"><net_src comp="106" pin="0"/><net_sink comp="445" pin=0"/></net>

<net id="479"><net_src comp="0" pin="0"/><net_sink comp="445" pin=2"/></net>

<net id="480"><net_src comp="2" pin="0"/><net_sink comp="445" pin=3"/></net>

<net id="481"><net_src comp="4" pin="0"/><net_sink comp="445" pin=4"/></net>

<net id="482"><net_src comp="387" pin="3"/><net_sink comp="445" pin=5"/></net>

<net id="483"><net_src comp="296" pin="3"/><net_sink comp="445" pin=6"/></net>

<net id="484"><net_src comp="413" pin="3"/><net_sink comp="445" pin=7"/></net>

<net id="485"><net_src comp="218" pin="3"/><net_sink comp="445" pin=8"/></net>

<net id="486"><net_src comp="231" pin="3"/><net_sink comp="445" pin=9"/></net>

<net id="487"><net_src comp="283" pin="3"/><net_sink comp="445" pin=10"/></net>

<net id="488"><net_src comp="361" pin="3"/><net_sink comp="445" pin=11"/></net>

<net id="489"><net_src comp="205" pin="3"/><net_sink comp="445" pin=12"/></net>

<net id="490"><net_src comp="127" pin="3"/><net_sink comp="445" pin=13"/></net>

<net id="491"><net_src comp="244" pin="3"/><net_sink comp="445" pin=14"/></net>

<net id="492"><net_src comp="426" pin="3"/><net_sink comp="445" pin=15"/></net>

<net id="493"><net_src comp="270" pin="3"/><net_sink comp="445" pin=16"/></net>

<net id="494"><net_src comp="192" pin="3"/><net_sink comp="445" pin=17"/></net>

<net id="495"><net_src comp="400" pin="3"/><net_sink comp="445" pin=18"/></net>

<net id="496"><net_src comp="140" pin="3"/><net_sink comp="445" pin=19"/></net>

<net id="497"><net_src comp="179" pin="3"/><net_sink comp="445" pin=20"/></net>

<net id="498"><net_src comp="374" pin="3"/><net_sink comp="445" pin=21"/></net>

<net id="499"><net_src comp="166" pin="3"/><net_sink comp="445" pin=22"/></net>

<net id="500"><net_src comp="257" pin="3"/><net_sink comp="445" pin=23"/></net>

<net id="501"><net_src comp="322" pin="3"/><net_sink comp="445" pin=24"/></net>

<net id="502"><net_src comp="335" pin="3"/><net_sink comp="445" pin=25"/></net>

<net id="503"><net_src comp="309" pin="3"/><net_sink comp="445" pin=26"/></net>

<net id="504"><net_src comp="153" pin="3"/><net_sink comp="445" pin=27"/></net>

<net id="505"><net_src comp="348" pin="3"/><net_sink comp="445" pin=28"/></net>

<net id="506"><net_src comp="439" pin="3"/><net_sink comp="445" pin=29"/></net>

<net id="511"><net_src comp="82" pin="0"/><net_sink comp="507" pin=0"/></net>

<net id="519"><net_src comp="512" pin="1"/><net_sink comp="515" pin=0"/></net>

<net id="520"><net_src comp="84" pin="0"/><net_sink comp="515" pin=1"/></net>

<net id="525"><net_src comp="512" pin="1"/><net_sink comp="521" pin=0"/></net>

<net id="526"><net_src comp="86" pin="0"/><net_sink comp="521" pin=1"/></net>

<net id="530"><net_src comp="512" pin="1"/><net_sink comp="527" pin=0"/></net>

<net id="531"><net_src comp="527" pin="1"/><net_sink comp="120" pin=2"/></net>

<net id="532"><net_src comp="527" pin="1"/><net_sink comp="133" pin=2"/></net>

<net id="533"><net_src comp="527" pin="1"/><net_sink comp="146" pin=2"/></net>

<net id="534"><net_src comp="527" pin="1"/><net_sink comp="159" pin=2"/></net>

<net id="535"><net_src comp="527" pin="1"/><net_sink comp="172" pin=2"/></net>

<net id="536"><net_src comp="527" pin="1"/><net_sink comp="185" pin=2"/></net>

<net id="537"><net_src comp="527" pin="1"/><net_sink comp="198" pin=2"/></net>

<net id="538"><net_src comp="527" pin="1"/><net_sink comp="211" pin=2"/></net>

<net id="539"><net_src comp="527" pin="1"/><net_sink comp="224" pin=2"/></net>

<net id="540"><net_src comp="527" pin="1"/><net_sink comp="237" pin=2"/></net>

<net id="541"><net_src comp="527" pin="1"/><net_sink comp="250" pin=2"/></net>

<net id="542"><net_src comp="527" pin="1"/><net_sink comp="263" pin=2"/></net>

<net id="543"><net_src comp="527" pin="1"/><net_sink comp="276" pin=2"/></net>

<net id="544"><net_src comp="527" pin="1"/><net_sink comp="289" pin=2"/></net>

<net id="545"><net_src comp="527" pin="1"/><net_sink comp="302" pin=2"/></net>

<net id="546"><net_src comp="527" pin="1"/><net_sink comp="315" pin=2"/></net>

<net id="547"><net_src comp="527" pin="1"/><net_sink comp="328" pin=2"/></net>

<net id="548"><net_src comp="527" pin="1"/><net_sink comp="341" pin=2"/></net>

<net id="549"><net_src comp="527" pin="1"/><net_sink comp="354" pin=2"/></net>

<net id="550"><net_src comp="527" pin="1"/><net_sink comp="367" pin=2"/></net>

<net id="551"><net_src comp="527" pin="1"/><net_sink comp="380" pin=2"/></net>

<net id="552"><net_src comp="527" pin="1"/><net_sink comp="393" pin=2"/></net>

<net id="553"><net_src comp="527" pin="1"/><net_sink comp="406" pin=2"/></net>

<net id="554"><net_src comp="527" pin="1"/><net_sink comp="419" pin=2"/></net>

<net id="555"><net_src comp="527" pin="1"/><net_sink comp="432" pin=2"/></net>

<net id="560"><net_src comp="521" pin="2"/><net_sink comp="556" pin=0"/></net>

<net id="566"><net_src comp="90" pin="0"/><net_sink comp="561" pin=0"/></net>

<net id="567"><net_src comp="92" pin="0"/><net_sink comp="561" pin=2"/></net>

<net id="571"><net_src comp="561" pin="3"/><net_sink comp="568" pin=0"/></net>

<net id="577"><net_src comp="94" pin="0"/><net_sink comp="572" pin=0"/></net>

<net id="578"><net_src comp="96" pin="0"/><net_sink comp="572" pin=2"/></net>

<net id="582"><net_src comp="572" pin="3"/><net_sink comp="579" pin=0"/></net>

<net id="587"><net_src comp="568" pin="1"/><net_sink comp="583" pin=0"/></net>

<net id="588"><net_src comp="579" pin="1"/><net_sink comp="583" pin=1"/></net>

<net id="589"><net_src comp="583" pin="2"/><net_sink comp="445" pin=1"/></net>

<net id="598"><net_src comp="98" pin="0"/><net_sink comp="590" pin=0"/></net>

<net id="599"><net_src comp="100" pin="0"/><net_sink comp="590" pin=1"/></net>

<net id="600"><net_src comp="102" pin="0"/><net_sink comp="590" pin=2"/></net>

<net id="601"><net_src comp="104" pin="0"/><net_sink comp="590" pin=3"/></net>

<net id="602"><net_src comp="104" pin="0"/><net_sink comp="590" pin=4"/></net>

<net id="603"><net_src comp="590" pin="6"/><net_sink comp="445" pin=30"/></net>

<net id="607"><net_src comp="116" pin="1"/><net_sink comp="604" pin=0"/></net>

<net id="608"><net_src comp="604" pin="1"/><net_sink comp="507" pin=1"/></net>

<net id="609"><net_src comp="604" pin="1"/><net_sink comp="512" pin=0"/></net>

<net id="610"><net_src comp="604" pin="1"/><net_sink comp="556" pin=1"/></net>

<net id="614"><net_src comp="512" pin="1"/><net_sink comp="611" pin=0"/></net>

<net id="615"><net_src comp="611" pin="1"/><net_sink comp="561" pin=1"/></net>

<net id="616"><net_src comp="611" pin="1"/><net_sink comp="572" pin=1"/></net>

<net id="617"><net_src comp="611" pin="1"/><net_sink comp="590" pin=5"/></net>

<net id="624"><net_src comp="120" pin="3"/><net_sink comp="621" pin=0"/></net>

<net id="625"><net_src comp="621" pin="1"/><net_sink comp="127" pin=0"/></net>

<net id="629"><net_src comp="133" pin="3"/><net_sink comp="626" pin=0"/></net>

<net id="630"><net_src comp="626" pin="1"/><net_sink comp="140" pin=0"/></net>

<net id="634"><net_src comp="146" pin="3"/><net_sink comp="631" pin=0"/></net>

<net id="635"><net_src comp="631" pin="1"/><net_sink comp="153" pin=0"/></net>

<net id="639"><net_src comp="159" pin="3"/><net_sink comp="636" pin=0"/></net>

<net id="640"><net_src comp="636" pin="1"/><net_sink comp="166" pin=0"/></net>

<net id="644"><net_src comp="172" pin="3"/><net_sink comp="641" pin=0"/></net>

<net id="645"><net_src comp="641" pin="1"/><net_sink comp="179" pin=0"/></net>

<net id="649"><net_src comp="185" pin="3"/><net_sink comp="646" pin=0"/></net>

<net id="650"><net_src comp="646" pin="1"/><net_sink comp="192" pin=0"/></net>

<net id="654"><net_src comp="198" pin="3"/><net_sink comp="651" pin=0"/></net>

<net id="655"><net_src comp="651" pin="1"/><net_sink comp="205" pin=0"/></net>

<net id="659"><net_src comp="211" pin="3"/><net_sink comp="656" pin=0"/></net>

<net id="660"><net_src comp="656" pin="1"/><net_sink comp="218" pin=0"/></net>

<net id="664"><net_src comp="224" pin="3"/><net_sink comp="661" pin=0"/></net>

<net id="665"><net_src comp="661" pin="1"/><net_sink comp="231" pin=0"/></net>

<net id="669"><net_src comp="237" pin="3"/><net_sink comp="666" pin=0"/></net>

<net id="670"><net_src comp="666" pin="1"/><net_sink comp="244" pin=0"/></net>

<net id="674"><net_src comp="250" pin="3"/><net_sink comp="671" pin=0"/></net>

<net id="675"><net_src comp="671" pin="1"/><net_sink comp="257" pin=0"/></net>

<net id="679"><net_src comp="263" pin="3"/><net_sink comp="676" pin=0"/></net>

<net id="680"><net_src comp="676" pin="1"/><net_sink comp="270" pin=0"/></net>

<net id="684"><net_src comp="276" pin="3"/><net_sink comp="681" pin=0"/></net>

<net id="685"><net_src comp="681" pin="1"/><net_sink comp="283" pin=0"/></net>

<net id="689"><net_src comp="289" pin="3"/><net_sink comp="686" pin=0"/></net>

<net id="690"><net_src comp="686" pin="1"/><net_sink comp="296" pin=0"/></net>

<net id="694"><net_src comp="302" pin="3"/><net_sink comp="691" pin=0"/></net>

<net id="695"><net_src comp="691" pin="1"/><net_sink comp="309" pin=0"/></net>

<net id="699"><net_src comp="315" pin="3"/><net_sink comp="696" pin=0"/></net>

<net id="700"><net_src comp="696" pin="1"/><net_sink comp="322" pin=0"/></net>

<net id="704"><net_src comp="328" pin="3"/><net_sink comp="701" pin=0"/></net>

<net id="705"><net_src comp="701" pin="1"/><net_sink comp="335" pin=0"/></net>

<net id="709"><net_src comp="341" pin="3"/><net_sink comp="706" pin=0"/></net>

<net id="710"><net_src comp="706" pin="1"/><net_sink comp="348" pin=0"/></net>

<net id="714"><net_src comp="354" pin="3"/><net_sink comp="711" pin=0"/></net>

<net id="715"><net_src comp="711" pin="1"/><net_sink comp="361" pin=0"/></net>

<net id="719"><net_src comp="367" pin="3"/><net_sink comp="716" pin=0"/></net>

<net id="720"><net_src comp="716" pin="1"/><net_sink comp="374" pin=0"/></net>

<net id="724"><net_src comp="380" pin="3"/><net_sink comp="721" pin=0"/></net>

<net id="725"><net_src comp="721" pin="1"/><net_sink comp="387" pin=0"/></net>

<net id="729"><net_src comp="393" pin="3"/><net_sink comp="726" pin=0"/></net>

<net id="730"><net_src comp="726" pin="1"/><net_sink comp="400" pin=0"/></net>

<net id="734"><net_src comp="406" pin="3"/><net_sink comp="731" pin=0"/></net>

<net id="735"><net_src comp="731" pin="1"/><net_sink comp="413" pin=0"/></net>

<net id="739"><net_src comp="419" pin="3"/><net_sink comp="736" pin=0"/></net>

<net id="740"><net_src comp="736" pin="1"/><net_sink comp="426" pin=0"/></net>

<net id="744"><net_src comp="432" pin="3"/><net_sink comp="741" pin=0"/></net>

<net id="745"><net_src comp="741" pin="1"/><net_sink comp="439" pin=0"/></net>

<net id="749"><net_src comp="583" pin="2"/><net_sink comp="746" pin=0"/></net>

<net id="750"><net_src comp="746" pin="1"/><net_sink comp="445" pin=1"/></net>

<net id="754"><net_src comp="590" pin="6"/><net_sink comp="751" pin=0"/></net>

<net id="755"><net_src comp="751" pin="1"/><net_sink comp="445" pin=30"/></net>

<net id="759"><net_src comp="127" pin="3"/><net_sink comp="756" pin=0"/></net>

<net id="760"><net_src comp="756" pin="1"/><net_sink comp="445" pin=13"/></net>

<net id="764"><net_src comp="140" pin="3"/><net_sink comp="761" pin=0"/></net>

<net id="765"><net_src comp="761" pin="1"/><net_sink comp="445" pin=19"/></net>

<net id="769"><net_src comp="153" pin="3"/><net_sink comp="766" pin=0"/></net>

<net id="770"><net_src comp="766" pin="1"/><net_sink comp="445" pin=27"/></net>

<net id="774"><net_src comp="166" pin="3"/><net_sink comp="771" pin=0"/></net>

<net id="775"><net_src comp="771" pin="1"/><net_sink comp="445" pin=22"/></net>

<net id="779"><net_src comp="179" pin="3"/><net_sink comp="776" pin=0"/></net>

<net id="780"><net_src comp="776" pin="1"/><net_sink comp="445" pin=20"/></net>

<net id="784"><net_src comp="192" pin="3"/><net_sink comp="781" pin=0"/></net>

<net id="785"><net_src comp="781" pin="1"/><net_sink comp="445" pin=17"/></net>

<net id="789"><net_src comp="205" pin="3"/><net_sink comp="786" pin=0"/></net>

<net id="790"><net_src comp="786" pin="1"/><net_sink comp="445" pin=12"/></net>

<net id="794"><net_src comp="218" pin="3"/><net_sink comp="791" pin=0"/></net>

<net id="795"><net_src comp="791" pin="1"/><net_sink comp="445" pin=8"/></net>

<net id="799"><net_src comp="231" pin="3"/><net_sink comp="796" pin=0"/></net>

<net id="800"><net_src comp="796" pin="1"/><net_sink comp="445" pin=9"/></net>

<net id="804"><net_src comp="244" pin="3"/><net_sink comp="801" pin=0"/></net>

<net id="805"><net_src comp="801" pin="1"/><net_sink comp="445" pin=14"/></net>

<net id="809"><net_src comp="257" pin="3"/><net_sink comp="806" pin=0"/></net>

<net id="810"><net_src comp="806" pin="1"/><net_sink comp="445" pin=23"/></net>

<net id="814"><net_src comp="270" pin="3"/><net_sink comp="811" pin=0"/></net>

<net id="815"><net_src comp="811" pin="1"/><net_sink comp="445" pin=16"/></net>

<net id="819"><net_src comp="283" pin="3"/><net_sink comp="816" pin=0"/></net>

<net id="820"><net_src comp="816" pin="1"/><net_sink comp="445" pin=10"/></net>

<net id="824"><net_src comp="296" pin="3"/><net_sink comp="821" pin=0"/></net>

<net id="825"><net_src comp="821" pin="1"/><net_sink comp="445" pin=6"/></net>

<net id="829"><net_src comp="309" pin="3"/><net_sink comp="826" pin=0"/></net>

<net id="830"><net_src comp="826" pin="1"/><net_sink comp="445" pin=26"/></net>

<net id="834"><net_src comp="322" pin="3"/><net_sink comp="831" pin=0"/></net>

<net id="835"><net_src comp="831" pin="1"/><net_sink comp="445" pin=24"/></net>

<net id="839"><net_src comp="335" pin="3"/><net_sink comp="836" pin=0"/></net>

<net id="840"><net_src comp="836" pin="1"/><net_sink comp="445" pin=25"/></net>

<net id="844"><net_src comp="348" pin="3"/><net_sink comp="841" pin=0"/></net>

<net id="845"><net_src comp="841" pin="1"/><net_sink comp="445" pin=28"/></net>

<net id="849"><net_src comp="361" pin="3"/><net_sink comp="846" pin=0"/></net>

<net id="850"><net_src comp="846" pin="1"/><net_sink comp="445" pin=11"/></net>

<net id="854"><net_src comp="374" pin="3"/><net_sink comp="851" pin=0"/></net>

<net id="855"><net_src comp="851" pin="1"/><net_sink comp="445" pin=21"/></net>

<net id="859"><net_src comp="387" pin="3"/><net_sink comp="856" pin=0"/></net>

<net id="860"><net_src comp="856" pin="1"/><net_sink comp="445" pin=5"/></net>

<net id="864"><net_src comp="400" pin="3"/><net_sink comp="861" pin=0"/></net>

<net id="865"><net_src comp="861" pin="1"/><net_sink comp="445" pin=18"/></net>

<net id="869"><net_src comp="413" pin="3"/><net_sink comp="866" pin=0"/></net>

<net id="870"><net_src comp="866" pin="1"/><net_sink comp="445" pin=7"/></net>

<net id="874"><net_src comp="426" pin="3"/><net_sink comp="871" pin=0"/></net>

<net id="875"><net_src comp="871" pin="1"/><net_sink comp="445" pin=15"/></net>

<net id="879"><net_src comp="439" pin="3"/><net_sink comp="876" pin=0"/></net>

<net id="880"><net_src comp="876" pin="1"/><net_sink comp="445" pin=29"/></net>

</net_list>

</model> 
---------------- Datapath Model END ------------------

* FSMD analyzer results:
  - Output states:
	Port: x | {}
	Port: y_0 | {3 4 }
	Port: y_1 | {3 4 }
	Port: LENET_C1_W_0_0_0 | {}
	Port: LENET_C1_W_0_0_1 | {}
	Port: LENET_C1_W_0_0_2 | {}
	Port: LENET_C1_W_0_0_3 | {}
	Port: LENET_C1_W_0_0_4 | {}
	Port: LENET_C1_W_0_1_0 | {}
	Port: LENET_C1_W_0_1_1 | {}
	Port: LENET_C1_W_0_1_2 | {}
	Port: LENET_C1_W_0_1_3 | {}
	Port: LENET_C1_W_0_1_4 | {}
	Port: LENET_C1_W_0_2_0 | {}
	Port: LENET_C1_W_0_2_1 | {}
	Port: LENET_C1_W_0_2_2 | {}
	Port: LENET_C1_W_0_2_3 | {}
	Port: LENET_C1_W_0_2_4 | {}
	Port: LENET_C1_W_0_3_0 | {}
	Port: LENET_C1_W_0_3_1 | {}
	Port: LENET_C1_W_0_3_2 | {}
	Port: LENET_C1_W_0_3_3 | {}
	Port: LENET_C1_W_0_3_4 | {}
	Port: LENET_C1_W_0_4_0 | {}
	Port: LENET_C1_W_0_4_1 | {}
	Port: LENET_C1_W_0_4_2 | {}
	Port: LENET_C1_W_0_4_3 | {}
	Port: LENET_C1_W_0_4_4 | {}
 - Input state : 
	Port: conv1_pragma : x | {3 4 }
	Port: conv1_pragma : LENET_C1_W_0_0_0 | {2 3 }
	Port: conv1_pragma : LENET_C1_W_0_0_1 | {2 3 }
	Port: conv1_pragma : LENET_C1_W_0_0_2 | {2 3 }
	Port: conv1_pragma : LENET_C1_W_0_0_3 | {2 3 }
	Port: conv1_pragma : LENET_C1_W_0_0_4 | {2 3 }
	Port: conv1_pragma : LENET_C1_W_0_1_0 | {2 3 }
	Port: conv1_pragma : LENET_C1_W_0_1_1 | {2 3 }
	Port: conv1_pragma : LENET_C1_W_0_1_2 | {2 3 }
	Port: conv1_pragma : LENET_C1_W_0_1_3 | {2 3 }
	Port: conv1_pragma : LENET_C1_W_0_1_4 | {2 3 }
	Port: conv1_pragma : LENET_C1_W_0_2_0 | {2 3 }
	Port: conv1_pragma : LENET_C1_W_0_2_1 | {2 3 }
	Port: conv1_pragma : LENET_C1_W_0_2_2 | {2 3 }
	Port: conv1_pragma : LENET_C1_W_0_2_3 | {2 3 }
	Port: conv1_pragma : LENET_C1_W_0_2_4 | {2 3 }
	Port: conv1_pragma : LENET_C1_W_0_3_0 | {2 3 }
	Port: conv1_pragma : LENET_C1_W_0_3_1 | {2 3 }
	Port: conv1_pragma : LENET_C1_W_0_3_2 | {2 3 }
	Port: conv1_pragma : LENET_C1_W_0_3_3 | {2 3 }
	Port: conv1_pragma : LENET_C1_W_0_3_4 | {2 3 }
	Port: conv1_pragma : LENET_C1_W_0_4_0 | {2 3 }
	Port: conv1_pragma : LENET_C1_W_0_4_1 | {2 3 }
	Port: conv1_pragma : LENET_C1_W_0_4_2 | {2 3 }
	Port: conv1_pragma : LENET_C1_W_0_4_3 | {2 3 }
	Port: conv1_pragma : LENET_C1_W_0_4_4 | {2 3 }
  - Chain level:
	State 1
		store_ln117 : 1
	State 2
		icmp_ln117 : 1
		add_ln117 : 1
		br_ln117 : 2
		zext_ln117 : 1
		LENET_C1_W_0_0_0_addr : 2
		LENET_C1_W_0_0_0_load : 3
		LENET_C1_W_0_0_1_addr : 2
		LENET_C1_W_0_0_1_load : 3
		LENET_C1_W_0_0_2_addr : 2
		LENET_C1_W_0_0_2_load : 3
		LENET_C1_W_0_0_3_addr : 2
		LENET_C1_W_0_0_3_load : 3
		LENET_C1_W_0_0_4_addr : 2
		LENET_C1_W_0_0_4_load : 3
		LENET_C1_W_0_1_0_addr : 2
		LENET_C1_W_0_1_0_load : 3
		LENET_C1_W_0_1_1_addr : 2
		LENET_C1_W_0_1_1_load : 3
		LENET_C1_W_0_1_2_addr : 2
		LENET_C1_W_0_1_2_load : 3
		LENET_C1_W_0_1_3_addr : 2
		LENET_C1_W_0_1_3_load : 3
		LENET_C1_W_0_1_4_addr : 2
		LENET_C1_W_0_1_4_load : 3
		LENET_C1_W_0_2_0_addr : 2
		LENET_C1_W_0_2_0_load : 3
		LENET_C1_W_0_2_1_addr : 2
		LENET_C1_W_0_2_1_load : 3
		LENET_C1_W_0_2_2_addr : 2
		LENET_C1_W_0_2_2_load : 3
		LENET_C1_W_0_2_3_addr : 2
		LENET_C1_W_0_2_3_load : 3
		LENET_C1_W_0_2_4_addr : 2
		LENET_C1_W_0_2_4_load : 3
		LENET_C1_W_0_3_0_addr : 2
		LENET_C1_W_0_3_0_load : 3
		LENET_C1_W_0_3_1_addr : 2
		LENET_C1_W_0_3_1_load : 3
		LENET_C1_W_0_3_2_addr : 2
		LENET_C1_W_0_3_2_load : 3
		LENET_C1_W_0_3_3_addr : 2
		LENET_C1_W_0_3_3_load : 3
		LENET_C1_W_0_3_4_addr : 2
		LENET_C1_W_0_3_4_load : 3
		LENET_C1_W_0_4_0_addr : 2
		LENET_C1_W_0_4_0_load : 3
		LENET_C1_W_0_4_1_addr : 2
		LENET_C1_W_0_4_1_load : 3
		LENET_C1_W_0_4_2_addr : 2
		LENET_C1_W_0_4_2_load : 3
		LENET_C1_W_0_4_3_addr : 2
		LENET_C1_W_0_4_3_load : 3
		LENET_C1_W_0_4_4_addr : 2
		LENET_C1_W_0_4_4_load : 3
		store_ln117 : 2
	State 3
		zext_ln131 : 1
		zext_ln131_3 : 1
		sub_ln131 : 2
		call_ln131 : 3
	State 4


============================================================
+ Verbose Summary: Datapath Resource usage 
============================================================

* Functional unit list:
|----------|--------------------------------------------------------------------|---------|---------|---------|---------|
| Operation|                           Functional Unit                          |   DSP   |  Delay  |    FF   |   LUT   |
|----------|--------------------------------------------------------------------|---------|---------|---------|---------|
|   call   | grp_conv1_pragma_Pipeline_VITIS_LOOP_118_2_VITIS_LOOP_119_3_fu_445 |    32   | 78.7873 |   2416  |   2392  |
|----------|--------------------------------------------------------------------|---------|---------|---------|---------|
|    mux   |                             acc_fu_590                             |    0    |    0    |    0    |    20   |
|----------|--------------------------------------------------------------------|---------|---------|---------|---------|
|    sub   |                          sub_ln131_fu_583                          |    0    |    0    |    0    |    14   |
|----------|--------------------------------------------------------------------|---------|---------|---------|---------|
|   icmp   |                          icmp_ln117_fu_515                         |    0    |    0    |    0    |    10   |
|----------|--------------------------------------------------------------------|---------|---------|---------|---------|
|    add   |                          add_ln117_fu_521                          |    0    |    0    |    0    |    10   |
|----------|--------------------------------------------------------------------|---------|---------|---------|---------|
|          |                          zext_ln117_fu_527                         |    0    |    0    |    0    |    0    |
|   zext   |                          zext_ln131_fu_568                         |    0    |    0    |    0    |    0    |
|          |                         zext_ln131_3_fu_579                        |    0    |    0    |    0    |    0    |
|----------|--------------------------------------------------------------------|---------|---------|---------|---------|
|bitconcatenate|                             tmp_fu_561                             |    0    |    0    |    0    |    0    |
|          |                            tmp_6_fu_572                            |    0    |    0    |    0    |    0    |
|----------|--------------------------------------------------------------------|---------|---------|---------|---------|
|   Total  |                                                                    |    32   | 78.7873 |   2416  |   2446  |
|----------|--------------------------------------------------------------------|---------|---------|---------|---------|

Memories:
N/A

* Register list:
+-----------------------------+--------+
|                             |   FF   |
+-----------------------------+--------+
|LENET_C1_W_0_0_0_addr_reg_621|    2   |
|LENET_C1_W_0_0_0_load_reg_756|    7   |
|LENET_C1_W_0_0_1_addr_reg_626|    2   |
|LENET_C1_W_0_0_1_load_reg_761|    7   |
|LENET_C1_W_0_0_2_addr_reg_631|    2   |
|LENET_C1_W_0_0_2_load_reg_766|    8   |
|LENET_C1_W_0_0_3_addr_reg_636|    2   |
|LENET_C1_W_0_0_3_load_reg_771|    7   |
|LENET_C1_W_0_0_4_addr_reg_641|    2   |
|LENET_C1_W_0_0_4_load_reg_776|    8   |
|LENET_C1_W_0_1_0_addr_reg_646|    2   |
|LENET_C1_W_0_1_0_load_reg_781|    7   |
|LENET_C1_W_0_1_1_addr_reg_651|    2   |
|LENET_C1_W_0_1_1_load_reg_786|    6   |
|LENET_C1_W_0_1_2_addr_reg_656|    2   |
|LENET_C1_W_0_1_2_load_reg_791|    7   |
|LENET_C1_W_0_1_3_addr_reg_661|    2   |
|LENET_C1_W_0_1_3_load_reg_796|    8   |
|LENET_C1_W_0_1_4_addr_reg_666|    2   |
|LENET_C1_W_0_1_4_load_reg_801|    8   |
|LENET_C1_W_0_2_0_addr_reg_671|    2   |
|LENET_C1_W_0_2_0_load_reg_806|    7   |
|LENET_C1_W_0_2_1_addr_reg_676|    2   |
|LENET_C1_W_0_2_1_load_reg_811|    7   |
|LENET_C1_W_0_2_2_addr_reg_681|    2   |
|LENET_C1_W_0_2_2_load_reg_816|    8   |
|LENET_C1_W_0_2_3_addr_reg_686|    2   |
|LENET_C1_W_0_2_3_load_reg_821|    8   |
|LENET_C1_W_0_2_4_addr_reg_691|    2   |
|LENET_C1_W_0_2_4_load_reg_826|    8   |
|LENET_C1_W_0_3_0_addr_reg_696|    2   |
|LENET_C1_W_0_3_0_load_reg_831|    7   |
|LENET_C1_W_0_3_1_addr_reg_701|    2   |
|LENET_C1_W_0_3_1_load_reg_836|    8   |
|LENET_C1_W_0_3_2_addr_reg_706|    2   |
|LENET_C1_W_0_3_2_load_reg_841|    8   |
|LENET_C1_W_0_3_3_addr_reg_711|    2   |
|LENET_C1_W_0_3_3_load_reg_846|    8   |
|LENET_C1_W_0_3_4_addr_reg_716|    2   |
|LENET_C1_W_0_3_4_load_reg_851|    8   |
|LENET_C1_W_0_4_0_addr_reg_721|    2   |
|LENET_C1_W_0_4_0_load_reg_856|    8   |
|LENET_C1_W_0_4_1_addr_reg_726|    2   |
|LENET_C1_W_0_4_1_load_reg_861|    8   |
|LENET_C1_W_0_4_2_addr_reg_731|    2   |
|LENET_C1_W_0_4_2_load_reg_866|    7   |
|LENET_C1_W_0_4_3_addr_reg_736|    2   |
|LENET_C1_W_0_4_3_load_reg_871|    8   |
|LENET_C1_W_0_4_4_addr_reg_741|    2   |
|LENET_C1_W_0_4_4_load_reg_876|    8   |
|         acc_reg_751         |   15   |
|         oc_1_reg_611        |    2   |
|          oc_reg_604         |    2   |
|      sub_ln131_reg_746      |    7   |
+-----------------------------+--------+
|            Total            |   265  |
+-----------------------------+--------+

* Multiplexer (MUX) list: 
|--------------------------------------------------------------------|------|------|------|--------||---------||---------|
|                                Comp                                |  Pin | Size |  BW  | S x BW ||  Delay  ||   LUT   |
|--------------------------------------------------------------------|------|------|------|--------||---------||---------|
|                          grp_access_fu_127                         |  p0  |   2  |   2  |    4   ||    9    |
|                          grp_access_fu_140                         |  p0  |   2  |   2  |    4   ||    9    |
|                          grp_access_fu_153                         |  p0  |   2  |   2  |    4   ||    9    |
|                          grp_access_fu_166                         |  p0  |   2  |   2  |    4   ||    9    |
|                          grp_access_fu_179                         |  p0  |   2  |   2  |    4   ||    9    |
|                          grp_access_fu_192                         |  p0  |   2  |   2  |    4   ||    9    |
|                          grp_access_fu_205                         |  p0  |   2  |   2  |    4   ||    9    |
|                          grp_access_fu_218                         |  p0  |   2  |   2  |    4   ||    9    |
|                          grp_access_fu_231                         |  p0  |   2  |   2  |    4   ||    9    |
|                          grp_access_fu_244                         |  p0  |   2  |   2  |    4   ||    9    |
|                          grp_access_fu_257                         |  p0  |   2  |   2  |    4   ||    9    |
|                          grp_access_fu_270                         |  p0  |   2  |   2  |    4   ||    9    |
|                          grp_access_fu_283                         |  p0  |   2  |   2  |    4   ||    9    |
|                          grp_access_fu_296                         |  p0  |   2  |   2  |    4   ||    9    |
|                          grp_access_fu_309                         |  p0  |   2  |   2  |    4   ||    9    |
|                          grp_access_fu_322                         |  p0  |   2  |   2  |    4   ||    9    |
|                          grp_access_fu_335                         |  p0  |   2  |   2  |    4   ||    9    |
|                          grp_access_fu_348                         |  p0  |   2  |   2  |    4   ||    9    |
|                          grp_access_fu_361                         |  p0  |   2  |   2  |    4   ||    9    |
|                          grp_access_fu_374                         |  p0  |   2  |   2  |    4   ||    9    |
|                          grp_access_fu_387                         |  p0  |   2  |   2  |    4   ||    9    |
|                          grp_access_fu_400                         |  p0  |   2  |   2  |    4   ||    9    |
|                          grp_access_fu_413                         |  p0  |   2  |   2  |    4   ||    9    |
|                          grp_access_fu_426                         |  p0  |   2  |   2  |    4   ||    9    |
|                          grp_access_fu_439                         |  p0  |   2  |   2  |    4   ||    9    |
| grp_conv1_pragma_Pipeline_VITIS_LOOP_118_2_VITIS_LOOP_119_3_fu_445 |  p1  |   2  |   7  |   14   ||    9    |
| grp_conv1_pragma_Pipeline_VITIS_LOOP_118_2_VITIS_LOOP_119_3_fu_445 |  p5  |   2  |   8  |   16   ||    9    |
| grp_conv1_pragma_Pipeline_VITIS_LOOP_118_2_VITIS_LOOP_119_3_fu_445 |  p6  |   2  |   8  |   16   ||    9    |
| grp_conv1_pragma_Pipeline_VITIS_LOOP_118_2_VITIS_LOOP_119_3_fu_445 |  p7  |   2  |   7  |   14   ||    9    |
| grp_conv1_pragma_Pipeline_VITIS_LOOP_118_2_VITIS_LOOP_119_3_fu_445 |  p8  |   2  |   7  |   14   ||    9    |
| grp_conv1_pragma_Pipeline_VITIS_LOOP_118_2_VITIS_LOOP_119_3_fu_445 |  p9  |   2  |   8  |   16   ||    9    |
| grp_conv1_pragma_Pipeline_VITIS_LOOP_118_2_VITIS_LOOP_119_3_fu_445 |  p10 |   2  |   8  |   16   ||    9    |
| grp_conv1_pragma_Pipeline_VITIS_LOOP_118_2_VITIS_LOOP_119_3_fu_445 |  p11 |   2  |   8  |   16   ||    9    |
| grp_conv1_pragma_Pipeline_VITIS_LOOP_118_2_VITIS_LOOP_119_3_fu_445 |  p12 |   2  |   6  |   12   ||    9    |
| grp_conv1_pragma_Pipeline_VITIS_LOOP_118_2_VITIS_LOOP_119_3_fu_445 |  p13 |   2  |   7  |   14   ||    9    |
| grp_conv1_pragma_Pipeline_VITIS_LOOP_118_2_VITIS_LOOP_119_3_fu_445 |  p14 |   2  |   8  |   16   ||    9    |
| grp_conv1_pragma_Pipeline_VITIS_LOOP_118_2_VITIS_LOOP_119_3_fu_445 |  p15 |   2  |   8  |   16   ||    9    |
| grp_conv1_pragma_Pipeline_VITIS_LOOP_118_2_VITIS_LOOP_119_3_fu_445 |  p16 |   2  |   7  |   14   ||    9    |
| grp_conv1_pragma_Pipeline_VITIS_LOOP_118_2_VITIS_LOOP_119_3_fu_445 |  p17 |   2  |   7  |   14   ||    9    |
| grp_conv1_pragma_Pipeline_VITIS_LOOP_118_2_VITIS_LOOP_119_3_fu_445 |  p18 |   2  |   8  |   16   ||    9    |
| grp_conv1_pragma_Pipeline_VITIS_LOOP_118_2_VITIS_LOOP_119_3_fu_445 |  p19 |   2  |   7  |   14   ||    9    |
| grp_conv1_pragma_Pipeline_VITIS_LOOP_118_2_VITIS_LOOP_119_3_fu_445 |  p20 |   2  |   8  |   16   ||    9    |
| grp_conv1_pragma_Pipeline_VITIS_LOOP_118_2_VITIS_LOOP_119_3_fu_445 |  p21 |   2  |   8  |   16   ||    9    |
| grp_conv1_pragma_Pipeline_VITIS_LOOP_118_2_VITIS_LOOP_119_3_fu_445 |  p22 |   2  |   7  |   14   ||    9    |
| grp_conv1_pragma_Pipeline_VITIS_LOOP_118_2_VITIS_LOOP_119_3_fu_445 |  p23 |   2  |   7  |   14   ||    9    |
| grp_conv1_pragma_Pipeline_VITIS_LOOP_118_2_VITIS_LOOP_119_3_fu_445 |  p24 |   2  |   7  |   14   ||    9    |
| grp_conv1_pragma_Pipeline_VITIS_LOOP_118_2_VITIS_LOOP_119_3_fu_445 |  p25 |   2  |   8  |   16   ||    9    |
| grp_conv1_pragma_Pipeline_VITIS_LOOP_118_2_VITIS_LOOP_119_3_fu_445 |  p26 |   2  |   8  |   16   ||    9    |
| grp_conv1_pragma_Pipeline_VITIS_LOOP_118_2_VITIS_LOOP_119_3_fu_445 |  p27 |   2  |   8  |   16   ||    9    |
| grp_conv1_pragma_Pipeline_VITIS_LOOP_118_2_VITIS_LOOP_119_3_fu_445 |  p28 |   2  |   8  |   16   ||    9    |
| grp_conv1_pragma_Pipeline_VITIS_LOOP_118_2_VITIS_LOOP_119_3_fu_445 |  p29 |   2  |   8  |   16   ||    9    |
| grp_conv1_pragma_Pipeline_VITIS_LOOP_118_2_VITIS_LOOP_119_3_fu_445 |  p30 |   2  |  15  |   30   ||    9    |
|--------------------------------------------------------------------|------|------|------|--------||---------||---------|
|                                Total                               |      |      |      |   522  ||  82.576 ||   468   |
|--------------------------------------------------------------------|------|------|------|--------||---------||---------|



* Summary:
+-----------+--------+--------+--------+--------+
|           |   DSP  |  Delay |   FF   |   LUT  |
+-----------+--------+--------+--------+--------+
|  Function |   32   |   78   |  2416  |  2446  |
|   Memory  |    -   |    -   |    -   |    -   |
|Multiplexer|    -   |   82   |    -   |   468  |
|  Register |    -   |    -   |   265  |    -   |
+-----------+--------+--------+--------+--------+
|   Total   |   32   |   161  |  2681  |  2914  |
+-----------+--------+--------+--------+--------+
